{
  "bank": [
    {
      "id": 7936,
      "amount": 864
    },
    {
      "id": 555,
      "amount": 499
    },
    {
      "id": 556,
      "amount": 499
    },
    {
      "id": 557,
      "amount": 499
    },
    {
      "id": 558,
      "amount": 499
    },
    {
      "id": 561,
      "amount": 59
    },
    {
      "id": 554,
      "amount": 499
    },
    {
      "id": 562,
      "amount": 199
    },
    {
      "id": 560,
      "amount": 44
    },
    {
      "id": 2440,
      "amount": 9
    },
    {
      "id": 2436,
      "amount": 9
    },
    {
      "id": 6685,
      "amount": 9
    },
    {
      "id": 2442,
      "amount": 18
    },
    {
      "id": 2444,
      "amount": 15
    },
    {
      "id": 13121,
      "amount": 1
    },
    {
      "id": 13133,
      "amount": 1
    },
    {
      "id": 13112,
      "amount": 1
    },
    {
      "id": 13129,
      "amount": 1
    },
    {
      "id": 13108,
      "amount": 1
    },
    {
      "id": 13125,
      "amount": 1
    },
    {
      "id": 13104,
      "amount": 1
    },
    {
      "id": 9705,
      "amount": 1
    },
    {
      "id": 11136,
      "amount": 1
    },
    {
      "id": 564,
      "amount": 3
    },
    {
      "id": 886,
      "amount": 150
    },
    {
      "id": 1247,
      "amount": 1
    },
    {
      "id": 1099,
      "amount": 1
    },
    {
      "id": 1135,
      "amount": 1
    },
    {
      "id": 1065,
      "amount": 1
    },
    {
      "id": 6603,
      "amount": 1
    },
    {
      "id": 1540,
      "amount": 1
    },
    {
      "id": 9143,
      "amount": 476
    },
    {
      "id": 2550,
      "amount": 24
    },
    {
      "id": 229,
      "amount": 20
    },
    {
      "id": 9185,
      "amount": 2
    },
    {
      "id": 861,
      "amount": 1
    },
    {
      "id": 1201,
      "amount": 5
    },
    {
      "id": 13117,
      "amount": 1
    },
    {
      "id": 3030,
      "amount": 1
    },
    {
      "id": 13137,
      "amount": 1
    },
    {
      "id": 892,
      "amount": 71
    },
    {
      "id": 868,
      "amount": 54
    },
    {
      "id": 141,
      "amount": 9
    },
    {
      "id": 5974,
      "amount": 19
    },
    {
      "id": 7582,
      "amount": 1
    },
    {
      "id": 143,
      "amount": 4
    },
    {
      "id": 9144,
      "amount": 6
    },
    {
      "id": 2363,
      "amount": 10
    },
    {
      "id": 12934,
      "amount": 8486
    },
    {
      "id": 4745,
      "amount": 1
    },
    {
      "id": 1779,
      "amount": 1142
    },
    {
      "id": 1149,
      "amount": 1
    },
    {
      "id": 6289,
      "amount": 209
    },
    {
      "id": 9706,
      "amount": 500
    },
    {
      "id": 536,
      "amount": 1
    },
    {
      "id": 217,
      "amount": 12
    },
    {
      "id": 563,
      "amount": 899
    },
    {
      "id": 1513,
      "amount": 99
    },
    {
      "id": 3040,
      "amount": 10
    },
    {
      "id": 9193,
      "amount": 11
    },
    {
      "id": 45,
      "amount": 39
    },
    {
      "id": 1633,
      "amount": 1
    },
    {
      "id": 3026,
      "amount": 1
    },
    {
      "id": 139,
      "amount": 3
    },
    {
      "id": 565,
      "amount": 349
    },
    {
      "id": 385,
      "amount": 27
    },
    {
      "id": 1615,
      "amount": 1
    },
    {
      "id": 1373,
      "amount": 1
    },
    {
      "id": 2359,
      "amount": 20
    },
    {
      "id": 442,
      "amount": 100
    },
    {
      "id": 444,
      "amount": 200
    },
    {
      "id": 12938,
      "amount": 2489
    },
    {
      "id": 3024,
      "amount": 8
    },
    {
      "id": 4697,
      "amount": 200
    },
    {
      "id": 3755,
      "amount": 1
    },
    {
      "id": 13113,
      "amount": 2
    },
    {
      "id": 12006,
      "amount": 1
    },
    {
      "id": 1249,
      "amount": 1
    },
    {
      "id": 566,
      "amount": 60
    },
    {
      "id": 3049,
      "amount": 15
    },
    {
      "id": 2651,
      "amount": 2
    },
    {
      "id": 1333,
      "amount": 2
    },
    {
      "id": 1405,
      "amount": 1
    },
    {
      "id": 863,
      "amount": 2441
    },
    {
      "id": 1079,
      "amount": 1
    },
    {
      "id": 1127,
      "amount": 1
    },
    {
      "id": 1623,
      "amount": 48
    },
    {
      "id": 7946,
      "amount": 500
    },
    {
      "id": 3028,
      "amount": 1
    },
    {
      "id": 165,
      "amount": 1
    },
    {
      "id": 391,
      "amount": 12
    },
    {
      "id": 209,
      "amount": 36
    },
    {
      "id": 2649,
      "amount": 2
    },
    {
      "id": 4131,
      "amount": 2
    },
    {
      "id": 211,
      "amount": 5
    },
    {
      "id": 10450,
      "amount": 1
    },
    {
      "id": 1093,
      "amount": 1
    },
    {
      "id": 1025,
      "amount": 2
    },
    {
      "id": 2665,
      "amount": 1
    },
    {
      "id": 2639,
      "amount": 2
    },
    {
      "id": 451,
      "amount": 9
    },
    {
      "id": 1621,
      "amount": 6
    },
    {
      "id": 2635,
      "amount": 1
    },
    {
      "id": 4587,
      "amount": 1
    },
    {
      "id": 1617,
      "amount": 14
    },
    {
      "id": 1619,
      "amount": 33
    },
    {
      "id": 2663,
      "amount": 1
    },
    {
      "id": 1434,
      "amount": 1
    },
    {
      "id": 371,
      "amount": 8
    },
    {
      "id": 10828,
      "amount": 1
    },
    {
      "id": 20166,
      "amount": 5
    },
    {
      "id": 13307,
      "amount": 90084
    },
    {
      "id": 995,
      "amount": 10864872
    },
    {
      "id": 2434,
      "amount": 6
    },
    null,
    null,
    null,
    null,
    null,
    null,
    null,
    null,
    null,
    null,
    null,
    null,
    null,
    null,
    null,
    null,
    null,
    null,
    null,
    null,
    null,
    null,
    null,
    null,
    null,
    null,
    null,
    null,
    null,
    null,
    null,
    null,
    null,
    null,
    null,
    null,
    null,
    null,
    null,
    null,
    null,
    null,
    null,
    null,
    null,
    null,
    null,
    null,
    null,
    null,
    null,
    null,
    null,
    null,
    null,
    null,
    null,
    null,
    null,
    null,
    null,
    null,
    null,
    null,
    null,
    null,
    null,
    null,
    null,
    null,
    null,
    null,
    null,
    null,
    null,
    null,
    null,
    null,
    null,
    null,
    null,
    null,
    null,
    null,
    null,
    null,
    null,
    null,
    null,
    null,
    null,
    null,
    null,
    null,
    null,
    null,
    null,
    null,
    null,
    null,
    null,
    null,
    null,
    null,
    null,
    null,
    null,
    null,
    null,
    null,
    null,
    null,
    null,
    null,
    null,
    null,
    null,
    null,
    null,
    null,
    null,
    null,
    null,
    null,
    null,
    null,
    null,
    null,
    null,
    null,
    null,
    null,
    null,
    null,
    null,
    null,
    null,
    null,
    null,
    null,
    null,
    null,
    null,
    null,
    null,
    null,
    null,
    null,
    null,
    null,
    null,
    null,
    null,
    null,
    null,
    null,
    null,
    null,
    null,
    null,
    null,
    null,
    null,
    null,
    null,
    null,
    null,
    null,
    null,
    null,
    null,
    null,
    null,
    null,
    null,
    null,
    null,
    null,
    null,
    null,
    null,
    null,
    null,
    null,
    null,
    null,
    null,
    null,
    null,
    null,
    null,
    null,
    null,
    null,
    null,
    null,
    null,
    null,
    null,
    null,
    null,
    null,
    null,
    null,
    null,
    null,
    null,
    null,
    null,
    null,
    null,
    null,
    null,
    null,
    null,
    null,
    null,
    null,
    null,
    null,
    null,
    null,
    null,
    null,
    null,
    null,
    null,
    null,
    null,
    null,
    null,
    null,
    null,
    null,
    null,
    null
  ],
  "tabAmounts": [
    114,
    0,
    0,
    0,
    0,
    0,
    0,
    0,
    0,
    0
  ],
  "inventory": [
    {
      "id": 989,
      "amount": 1
    },
    {
      "id": 171,
      "amount": 1
    },
    {
      "id": 2444,
      "amount": 1
    },
    {
      "id": 987,
      "amount": 1
    },
    null,
    {
      "id": 987,
      "amount": 1
    },
    {
      "id": 143,
      "amount": 1
    },
    {
      "id": 2434,
      "amount": 1
    },
    {
      "id": 2434,
      "amount": 1
    },
    {
      "id": 2434,
      "amount": 1
    },
    {
      "id": 2434,
      "amount": 1
    },
    {
      "id": 2434,
      "amount": 1
    },
    {
      "id": 2434,
      "amount": 1
    },
    {
      "id": 2434,
      "amount": 1
    },
    {
      "id": 2434,
      "amount": 1
    },
    {
      "id": 2434,
      "amount": 1
    },
    {
      "id": 2434,
      "amount": 1
    },
    {
      "id": 2434,
      "amount": 1
    },
    {
      "id": 2434,
      "amount": 1
    },
    {
      "id": 2434,
      "amount": 1
    },
    {
      "id": 2434,
      "amount": 1
    },
    {
      "id": 2434,
      "amount": 1
    },
    {
      "id": 2434,
      "amount": 1
    },
    {
      "id": 13307,
      "amount": 11715
    },
    {
      "id": 2722,
      "amount": 1
    },
    {
      "id": 1373,
      "amount": 1
    },
    {
      "id": 995,
      "amount": 64892
    },
    {
      "id": 7937,
      "amount": 300
    }
  ],
  "equipment": [
    {
      "id": 10374,
      "amount": 1
    },
    {
      "id": 10499,
      "amount": 1
    },
    {
      "id": 1725,
      "amount": 1
    },
    {
      "id": 868,
      "amount": 910
    },
    {
      "id": 2503,
      "amount": 1
    },
    {
      "id": 3842,
      "amount": 1
    },
    null,
    {
      "id": 2497,
      "amount": 1
    },
    null,
    {
      "id": 2491,
      "amount": 1
    },
    {
      "id": 3105,
      "amount": 1
    },
    null,
    null,
    {
      "id": 9144,
      "amount": 8
    }
  ],
  "lootingBag": [],
  "shopItems": [
    null,
    null,
    null,
    null,
    null,
    null,
    null,
    null,
    null,
    null,
    null,
    null,
    null,
    null,
    null,
    null,
    null,
    null,
    null,
    null,
    null,
    null,
    null,
    null,
    null,
    null,
    null,
    null,
    null,
    null,
    null,
    null,
    null,
    null,
    null,
    null
  ],
  "shopPrices": [
    0,
    0,
    0,
    0,
    0,
    0,
    0,
    0,
    0,
    0,
    0,
    0,
    0,
    0,
    0,
    0,
    0,
    0,
    0,
    0,
    0,
    0,
    0,
    0,
    0,
    0,
    0,
    0,
    0,
    0,
    0,
    0,
    0,
    0,
    0,
    0
  ],
  "pouches": [
    0,
    0,
    0,
    0
  ]
}