{
  "bank": [
    {
      "id": 2442,
      "amount": 9
    },
    {
      "id": 2444,
      "amount": 7
    },
    {
      "id": 3040,
      "amount": 7
    },
    {
      "id": 3024,
      "amount": 3
    },
    {
      "id": 2434,
      "amount": 323
    },
    {
      "id": 9706,
      "amount": 500
    },
    {
      "id": 11136,
      "amount": 1
    },
    {
      "id": 13133,
      "amount": 1
    },
    {
      "id": 13108,
      "amount": 1
    },
    {
      "id": 13104,
      "amount": 1
    },
    {
      "id": 13112,
      "amount": 1
    },
    {
      "id": 13129,
      "amount": 1
    },
    {
      "id": 13125,
      "amount": 1
    },
    {
      "id": 1555,
      "amount": 1
    },
    {
      "id": 13137,
      "amount": 1
    },
    {
      "id": 13117,
      "amount": 1
    },
    {
      "id": 562,
      "amount": 91
    },
    {
      "id": 1731,
      "amount": 1
    },
    {
      "id": 563,
      "amount": 50
    },
    {
      "id": 6603,
      "amount": 1
    },
    {
      "id": 159,
      "amount": 4
    },
    {
      "id": 147,
      "amount": 4
    },
    {
      "id": 1201,
      "amount": 1
    },
    {
      "id": 1127,
      "amount": 2
    },
    {
      "id": 1093,
      "amount": 2
    },
    {
      "id": 2491,
      "amount": 2
    },
    {
      "id": 9185,
      "amount": 2
    },
    {
      "id": 1163,
      "amount": 2
    },
    {
      "id": 987,
      "amount": 2
    },
    {
      "id": 229,
      "amount": 21
    },
    {
      "id": 3028,
      "amount": 1
    },
    {
      "id": 2803,
      "amount": 1
    },
    {
      "id": 9705,
      "amount": 1
    },
    {
      "id": 149,
      "amount": 4
    },
    {
      "id": 167,
      "amount": 1
    },
    {
      "id": 161,
      "amount": 5
    },
    {
      "id": 143,
      "amount": 6
    },
    {
      "id": 1199,
      "amount": 1
    },
    {
      "id": 1073,
      "amount": 1
    },
    {
      "id": 1161,
      "amount": 1
    },
    {
      "id": 1123,
      "amount": 1
    },
    {
      "id": 1377,
      "amount": 1
    },
    {
      "id": 2635,
      "amount": 1
    },
    {
      "id": 2645,
      "amount": 1
    },
    {
      "id": 217,
      "amount": 7
    },
    {
      "id": 20166,
      "amount": 1
    },
    {
      "id": 1615,
      "amount": 1
    },
    {
      "id": 13307,
      "amount": 30168
    },
    {
      "id": 4675,
      "amount": 1
    },
    {
      "id": 1725,
      "amount": 1
    },
    {
      "id": 7399,
      "amount": 1
    },
    {
      "id": 7400,
      "amount": 1
    },
    {
      "id": 13121,
      "amount": 1
    },
    {
      "id": 4587,
      "amount": 2
    },
    {
      "id": 2663,
      "amount": 1
    },
    {
      "id": 2363,
      "amount": 4
    },
    {
      "id": 211,
      "amount": 4
    },
    {
      "id": 863,
      "amount": 498
    },
    {
      "id": 1135,
      "amount": 1
    },
    {
      "id": 1099,
      "amount": 1
    },
    {
      "id": 1065,
      "amount": 1
    },
    {
      "id": 868,
      "amount": 489
    },
    {
      "id": 4153,
      "amount": 1
    },
    {
      "id": 3749,
      "amount": 1
    },
    {
      "id": 3842,
      "amount": 2
    },
    {
      "id": 145,
      "amount": 8
    },
    {
      "id": 2503,
      "amount": 2
    },
    {
      "id": 163,
      "amount": 10
    },
    {
      "id": 6687,
      "amount": 40
    },
    {
      "id": 2550,
      "amount": 2
    },
    {
      "id": 157,
      "amount": 8
    },
    {
      "id": 169,
      "amount": 1
    },
    {
      "id": 6529,
      "amount": 16064
    },
    {
      "id": 10499,
      "amount": 1
    },
    {
      "id": 2497,
      "amount": 1
    },
    {
      "id": 9244,
      "amount": 36
    },
    {
      "id": 2454,
      "amount": 9
    },
    {
      "id": 995,
      "amount": 7672711
    },
    {
      "id": 2458,
      "amount": 1
    },
    {
      "id": 536,
      "amount": 13
    },
    {
      "id": 565,
      "amount": 265
    },
    {
      "id": 1540,
      "amount": 1
    },
    {
      "id": 263,
      "amount": 10
    },
    {
      "id": 1333,
      "amount": 1
    },
    {
      "id": 1631,
      "amount": 4
    },
    {
      "id": 45,
      "amount": 74
    },
    {
      "id": 1619,
      "amount": 4
    },
    {
      "id": 257,
      "amount": 10
    },
    {
      "id": 7946,
      "amount": 79
    },
    {
      "id": 385,
      "amount": 47
    },
    {
      "id": 379,
      "amount": 1
    },
    {
      "id": 4738,
      "amount": 1
    },
    {
      "id": 12056,
      "amount": 1
    },
    {
      "id": 4755,
      "amount": 1
    },
    {
      "id": 7936,
      "amount": 110
    },
    {
      "id": 12006,
      "amount": 1
    },
    {
      "id": 11840,
      "amount": 2
    },
    {
      "id": 4749,
      "amount": 1
    },
    {
      "id": 3051,
      "amount": 190
    },
    {
      "id": 207,
      "amount": 30
    },
    {
      "id": 199,
      "amount": 200
    },
    {
      "id": 555,
      "amount": 150
    },
    {
      "id": 4986,
      "amount": 2
    },
    {
      "id": 532,
      "amount": 901
    },
    {
      "id": 4740,
      "amount": 1055
    },
    {
      "id": 558,
      "amount": 75
    },
    {
      "id": 556,
      "amount": 300
    },
    {
      "id": 19484,
      "amount": 190
    },
    {
      "id": 1436,
      "amount": 500
    },
    {
      "id": 559,
      "amount": 150
    },
    {
      "id": 892,
      "amount": 600
    },
    {
      "id": 4974,
      "amount": 1
    },
    {
      "id": 4980,
      "amount": 2
    },
    {
      "id": 4968,
      "amount": 2
    },
    {
      "id": 4992,
      "amount": 2
    },
    {
      "id": 4998,
      "amount": 1
    },
    {
      "id": 4920,
      "amount": 1
    },
    {
      "id": 11802,
      "amount": 1
    },
    {
      "id": 526,
      "amount": 1
    },
    {
      "id": 554,
      "amount": 290
    },
    {
      "id": 561,
      "amount": 468
    },
    {
      "id": 139,
      "amount": 2
    },
    {
      "id": 12954,
      "amount": 1
    },
    {
      "id": 2677,
      "amount": 1
    },
    {
      "id": 1215,
      "amount": 1
    },
    {
      "id": 4151,
      "amount": 1
    },
    {
      "id": 10828,
      "amount": 1
    },
    {
      "id": 6570,
      "amount": 1
    },
    {
      "id": 6585,
      "amount": 1
    },
    {
      "id": 5008,
      "amount": 1
    },
    {
      "id": 4759,
      "amount": 1
    },
    {
      "id": 7462,
      "amount": 1
    },
    {
      "id": 12785,
      "amount": 1
    },
    null,
    null,
    null,
    null,
    null,
    null,
    null,
    null,
    null,
    null,
    null,
    null,
    null,
    null,
    null,
    null,
    null,
    null,
    null,
    null,
    null,
    null,
    null,
    null,
    null,
    null,
    null,
    null,
    null,
    null,
    null,
    null,
    null,
    null,
    null,
    null,
    null,
    null,
    null,
    null,
    null,
    null,
    null,
    null,
    null,
    null,
    null,
    null,
    null,
    null,
    null,
    null,
    null,
    null,
    null,
    null,
    null,
    null,
    null,
    null,
    null,
    null,
    null,
    null,
    null,
    null,
    null,
    null,
    null,
    null,
    null,
    null,
    null,
    null,
    null,
    null,
    null,
    null,
    null,
    null,
    null,
    null,
    null,
    null,
    null,
    null,
    null,
    null,
    null,
    null,
    null,
    null,
    null,
    null,
    null,
    null,
    null,
    null,
    null,
    null,
    null,
    null,
    null,
    null,
    null,
    null,
    null,
    null,
    null,
    null,
    null,
    null,
    null,
    null,
    null,
    null,
    null,
    null,
    null,
    null,
    null,
    null,
    null,
    null,
    null,
    null,
    null,
    null,
    null,
    null,
    null,
    null,
    null,
    null,
    null,
    null,
    null,
    null,
    null,
    null,
    null,
    null,
    null,
    null,
    null,
    null,
    null,
    null,
    null,
    null,
    null,
    null,
    null,
    null,
    null,
    null,
    null,
    null,
    null,
    null,
    null,
    null,
    null,
    null,
    null,
    null,
    null,
    null,
    null,
    null,
    null,
    null,
    null,
    null,
    null,
    null,
    null,
    null,
    null,
    null,
    null,
    null,
    null,
    null,
    null,
    null,
    null,
    null,
    null,
    null,
    null,
    null,
    null,
    null,
    null,
    null,
    null,
    null,
    null,
    null,
    null,
    null,
    null,
    null,
    null,
    null,
    null,
    null,
    null,
    null,
    null,
    null,
    null,
    null,
    null,
    null,
    null
  ],
  "tabAmounts": [
    133,
    0,
    0,
    0,
    0,
    0,
    0,
    0,
    0,
    0
  ],
  "inventory": [
    {
      "id": 385,
      "amount": 1
    },
    {
      "id": 385,
      "amount": 1
    },
    {
      "id": 385,
      "amount": 1
    },
    {
      "id": 385,
      "amount": 1
    },
    {
      "id": 385,
      "amount": 1
    },
    {
      "id": 385,
      "amount": 1
    },
    {
      "id": 385,
      "amount": 1
    },
    {
      "id": 385,
      "amount": 1
    },
    {
      "id": 385,
      "amount": 1
    },
    {
      "id": 385,
      "amount": 1
    },
    {
      "id": 385,
      "amount": 1
    },
    {
      "id": 385,
      "amount": 1
    },
    {
      "id": 385,
      "amount": 1
    },
    {
      "id": 385,
      "amount": 1
    },
    {
      "id": 385,
      "amount": 1
    },
    null,
    null,
    null,
    null,
    null,
    null,
    null,
    null,
    null,
    null,
    null,
    null,
    null
  ],
  "equipment": [
    null,
    null,
    null,
    null,
    null,
    null,
    null,
    null,
    null,
    null,
    null,
    null,
    null,
    null
  ],
  "shopItems": [
    null,
    null,
    null,
    null,
    null,
    null,
    null,
    null,
    null,
    null,
    null,
    null,
    null,
    null,
    null,
    null,
    null,
    null,
    null,
    null,
    null,
    null,
    null,
    null,
    null,
    null,
    null,
    null,
    null,
    null,
    null,
    null,
    null,
    null,
    null,
    null
  ],
  "shopPrices": [
    0,
    0,
    0,
    0,
    0,
    0,
    0,
    0,
    0,
    0,
    0,
    0,
    0,
    0,
    0,
    0,
    0,
    0,
    0,
    0,
    0,
    0,
    0,
    0,
    0,
    0,
    0,
    0,
    0,
    0,
    0,
    0,
    0,
    0,
    0,
    0
  ],
  "pouches": [
    0,
    0,
    0,
    0
  ]
}