{
  "bank": [
    {
      "id": 2436,
      "amount": 10
    },
    {
      "id": 2440,
      "amount": 10
    },
    {
      "id": 2442,
      "amount": 10
    },
    {
      "id": 2444,
      "amount": 5
    },
    {
      "id": 3040,
      "amount": 10
    },
    {
      "id": 6603,
      "amount": 1
    },
    {
      "id": 9705,
      "amount": 1
    },
    {
      "id": 9706,
      "amount": 500
    },
    {
      "id": 554,
      "amount": 250
    },
    {
      "id": 555,
      "amount": 250
    },
    {
      "id": 556,
      "amount": 250
    },
    {
      "id": 557,
      "amount": 250
    },
    {
      "id": 558,
      "amount": 250
    },
    {
      "id": 563,
      "amount": 250
    },
    {
      "id": 561,
      "amount": 97
    },
    {
      "id": 562,
      "amount": 100
    },
    {
      "id": 1556,
      "amount": 1
    },
    {
      "id": 526,
      "amount": 1
    },
    {
      "id": 13307,
      "amount": 26122
    },
    {
      "id": 12757,
      "amount": 1
    },
    {
      "id": 371,
      "amount": 38
    },
    {
      "id": 2649,
      "amount": 1
    },
    {
      "id": 9185,
      "amount": 1
    },
    {
      "id": 2639,
      "amount": 3
    },
    {
      "id": 1025,
      "amount": 1
    },
    {
      "id": 2641,
      "amount": 2
    },
    {
      "id": 2635,
      "amount": 1
    },
    {
      "id": 1623,
      "amount": 3
    },
    {
      "id": 199,
      "amount": 13
    },
    {
      "id": 2645,
      "amount": 2
    },
    {
      "id": 1163,
      "amount": 2
    },
    {
      "id": 2643,
      "amount": 1
    },
    {
      "id": 10499,
      "amount": 1
    },
    {
      "id": 13121,
      "amount": 1
    },
    {
      "id": 13108,
      "amount": 1
    },
    {
      "id": 13129,
      "amount": 1
    },
    {
      "id": 13117,
      "amount": 1
    },
    {
      "id": 13112,
      "amount": 1
    },
    {
      "id": 13104,
      "amount": 1
    },
    {
      "id": 13137,
      "amount": 1
    },
    {
      "id": 1135,
      "amount": 1
    },
    {
      "id": 11136,
      "amount": 1
    },
    {
      "id": 863,
      "amount": 1509
    },
    {
      "id": 7936,
      "amount": 1859
    },
    {
      "id": 9242,
      "amount": 6
    },
    {
      "id": 1065,
      "amount": 1
    },
    {
      "id": 1099,
      "amount": 1
    },
    {
      "id": 2503,
      "amount": 1
    },
    {
      "id": 1615,
      "amount": 1
    },
    {
      "id": 892,
      "amount": 42
    },
    {
      "id": 811,
      "amount": 12
    },
    {
      "id": 3053,
      "amount": 1
    },
    {
      "id": 4740,
      "amount": 500
    },
    {
      "id": 205,
      "amount": 19
    },
    {
      "id": 2434,
      "amount": 291
    },
    {
      "id": 373,
      "amount": 598
    },
    {
      "id": 2890,
      "amount": 1
    },
    {
      "id": 1540,
      "amount": 1
    },
    {
      "id": 1779,
      "amount": 1501
    },
    {
      "id": 2550,
      "amount": 8
    },
    {
      "id": 995,
      "amount": 1767347
    },
    {
      "id": 3028,
      "amount": 2
    },
    {
      "id": 868,
      "amount": 42
    },
    {
      "id": 985,
      "amount": 2
    },
    {
      "id": 12934,
      "amount": 6365
    },
    {
      "id": 12938,
      "amount": 20
    },
    {
      "id": 536,
      "amount": 90
    },
    {
      "id": 451,
      "amount": 10
    },
    {
      "id": 6289,
      "amount": 70
    },
    {
      "id": 1513,
      "amount": 200
    },
    {
      "id": 9193,
      "amount": 24
    },
    {
      "id": 1249,
      "amount": 1
    },
    {
      "id": 141,
      "amount": 1
    },
    {
      "id": 3026,
      "amount": 2
    },
    {
      "id": 229,
      "amount": 1
    },
    {
      "id": 3105,
      "amount": 1
    },
    {
      "id": 173,
      "amount": 1
    },
    {
      "id": 2491,
      "amount": 1
    },
    {
      "id": 1619,
      "amount": 25
    },
    {
      "id": 217,
      "amount": 20
    },
    {
      "id": 1079,
      "amount": 1
    },
    {
      "id": 1149,
      "amount": 1
    },
    {
      "id": 1093,
      "amount": 2
    },
    {
      "id": 211,
      "amount": 4
    },
    {
      "id": 209,
      "amount": 3
    },
    {
      "id": 385,
      "amount": 1
    },
    {
      "id": 2497,
      "amount": 1
    },
    {
      "id": 10376,
      "amount": 1
    },
    {
      "id": 1725,
      "amount": 1
    },
    null,
    null,
    null,
    null,
    null,
    null,
    null,
    null,
    null,
    null,
    null,
    null,
    null,
    null,
    null,
    null,
    null,
    null,
    null,
    null,
    null,
    null,
    null,
    null,
    null,
    null,
    null,
    null,
    null,
    null,
    null,
    null,
    null,
    null,
    null,
    null,
    null,
    null,
    null,
    null,
    null,
    null,
    null,
    null,
    null,
    null,
    null,
    null,
    null,
    null,
    null,
    null,
    null,
    null,
    null,
    null,
    null,
    null,
    null,
    null,
    null,
    null,
    null,
    null,
    null,
    null,
    null,
    null,
    null,
    null,
    null,
    null,
    null,
    null,
    null,
    null,
    null,
    null,
    null,
    null,
    null,
    null,
    null,
    null,
    null,
    null,
    null,
    null,
    null,
    null,
    null,
    null,
    null,
    null,
    null,
    null,
    null,
    null,
    null,
    null,
    null,
    null,
    null,
    null,
    null,
    null,
    null,
    null,
    null,
    null,
    null,
    null,
    null,
    null,
    null,
    null,
    null,
    null,
    null,
    null,
    null,
    null,
    null,
    null,
    null,
    null,
    null,
    null,
    null,
    null,
    null,
    null,
    null,
    null,
    null,
    null,
    null,
    null,
    null,
    null,
    null,
    null,
    null,
    null,
    null,
    null,
    null,
    null,
    null,
    null,
    null,
    null,
    null,
    null,
    null,
    null,
    null,
    null,
    null,
    null,
    null,
    null,
    null,
    null,
    null,
    null,
    null,
    null,
    null,
    null,
    null,
    null,
    null,
    null,
    null,
    null,
    null,
    null,
    null,
    null,
    null,
    null,
    null,
    null,
    null,
    null,
    null,
    null,
    null,
    null,
    null,
    null,
    null,
    null,
    null,
    null,
    null,
    null,
    null,
    null,
    null,
    null,
    null,
    null,
    null,
    null,
    null,
    null,
    null,
    null,
    null,
    null,
    null,
    null,
    null,
    null,
    null,
    null,
    null,
    null,
    null,
    null,
    null,
    null,
    null,
    null,
    null,
    null,
    null,
    null,
    null,
    null,
    null,
    null,
    null,
    null,
    null,
    null,
    null,
    null,
    null,
    null,
    null,
    null,
    null,
    null,
    null,
    null,
    null,
    null,
    null,
    null,
    null,
    null,
    null,
    null,
    null,
    null,
    null,
    null,
    null
  ],
  "tabAmounts": [
    89,
    0,
    0,
    0,
    0,
    0,
    0,
    0,
    0,
    0
  ],
  "inventory": [
    null,
    null,
    null,
    null,
    null,
    null,
    null,
    null,
    null,
    null,
    null,
    null,
    null,
    null,
    null,
    null,
    null,
    null,
    null,
    null,
    null,
    null,
    null,
    null,
    null,
    null,
    null,
    null
  ],
  "equipment": [
    null,
    null,
    null,
    null,
    null,
    null,
    null,
    null,
    null,
    null,
    null,
    null,
    null,
    null
  ],
  "shopItems": [
    null,
    null,
    null,
    null,
    null,
    null,
    null,
    null,
    null,
    null,
    null,
    null,
    null,
    null,
    null,
    null,
    null,
    null,
    null,
    null,
    null,
    null,
    null,
    null,
    null,
    null,
    null,
    null,
    null,
    null,
    null,
    null,
    null,
    null,
    null,
    null
  ],
  "shopPrices": [
    0,
    0,
    0,
    0,
    0,
    0,
    0,
    0,
    0,
    0,
    0,
    0,
    0,
    0,
    0,
    0,
    0,
    0,
    0,
    0,
    0,
    0,
    0,
    0,
    0,
    0,
    0,
    0,
    0,
    0,
    0,
    0,
    0,
    0,
    0,
    0
  ],
  "pouches": [
    0,
    0,
    0,
    0
  ]
}