{
  "bank": [
    {
      "id": 2436,
      "amount": 10
    },
    {
      "id": 2440,
      "amount": 10
    },
    {
      "id": 2442,
      "amount": 10
    },
    {
      "id": 2444,
      "amount": 10
    },
    {
      "id": 3040,
      "amount": 10
    },
    {
      "id": 3024,
      "amount": 10
    },
    {
      "id": 6603,
      "amount": 1
    },
    {
      "id": 9705,
      "amount": 1
    },
    {
      "id": 9706,
      "amount": 500
    },
    {
      "id": 1555,
      "amount": 1
    },
    {
      "id": 317,
      "amount": 269
    },
    {
      "id": 321,
      "amount": 161
    },
    {
      "id": 377,
      "amount": 538
    },
    {
      "id": 359,
      "amount": 1827
    },
    {
      "id": 371,
      "amount": 1209
    },
    {
      "id": 13307,
      "amount": 25000
    },
    {
      "id": 395,
      "amount": 200
    },
    {
      "id": 2363,
      "amount": 10
    },
    {
      "id": 391,
      "amount": 343
    },
    {
      "id": 536,
      "amount": 102
    },
    {
      "id": 532,
      "amount": 300
    },
    {
      "id": 389,
      "amount": 200
    },
    {
      "id": 272,
      "amount": 1
    },
    {
      "id": 554,
      "amount": 250
    },
    {
      "id": 555,
      "amount": 250
    },
    {
      "id": 556,
      "amount": 250
    },
    {
      "id": 557,
      "amount": 542
    },
    {
      "id": 558,
      "amount": 387
    },
    {
      "id": 563,
      "amount": 76
    },
    {
      "id": 561,
      "amount": 30
    },
    {
      "id": 562,
      "amount": 112
    },
    {
      "id": 303,
      "amount": 1
    },
    {
      "id": 301,
      "amount": 1
    },
    {
      "id": 2550,
      "amount": 3
    },
    {
      "id": 451,
      "amount": 6
    },
    {
      "id": 12195,
      "amount": 1
    },
    {
      "id": 12203,
      "amount": 2
    },
    {
      "id": 1093,
      "amount": 5
    },
    {
      "id": 1621,
      "amount": 102
    },
    {
      "id": 215,
      "amount": 40
    },
    {
      "id": 12612,
      "amount": 1
    },
    {
      "id": 2641,
      "amount": 3
    },
    {
      "id": 13117,
      "amount": 1
    },
    {
      "id": 13137,
      "amount": 1
    },
    {
      "id": 13108,
      "amount": 1
    },
    {
      "id": 13125,
      "amount": 1
    },
    {
      "id": 11136,
      "amount": 1
    },
    {
      "id": 13112,
      "amount": 1
    },
    {
      "id": 13133,
      "amount": 1
    },
    {
      "id": 13121,
      "amount": 1
    },
    {
      "id": 13104,
      "amount": 1
    },
    {
      "id": 13320,
      "amount": 1
    },
    {
      "id": 2645,
      "amount": 6
    },
    {
      "id": 1305,
      "amount": 1
    },
    {
      "id": 1025,
      "amount": 5
    },
    {
      "id": 1617,
      "amount": 30
    },
    {
      "id": 209,
      "amount": 16
    },
    {
      "id": 7944,
      "amount": 100
    },
    {
      "id": 205,
      "amount": 57
    },
    {
      "id": 4012,
      "amount": 1
    },
    {
      "id": 1619,
      "amount": 76
    },
    {
      "id": 199,
      "amount": 15
    },
    {
      "id": 1623,
      "amount": 3
    },
    {
      "id": 2639,
      "amount": 2
    },
    {
      "id": 311,
      "amount": 1
    },
    {
      "id": 13129,
      "amount": 1
    },
    {
      "id": 1061,
      "amount": 2
    },
    {
      "id": 329,
      "amount": 1
    },
    {
      "id": 10306,
      "amount": 1
    },
    {
      "id": 12243,
      "amount": 1
    },
    {
      "id": 1448,
      "amount": 2
    },
    {
      "id": 12449,
      "amount": 1
    },
    {
      "id": 559,
      "amount": 40
    },
    {
      "id": 1217,
      "amount": 1
    },
    {
      "id": 1462,
      "amount": 3
    },
    {
      "id": 12455,
      "amount": 1
    },
    {
      "id": 1077,
      "amount": 1
    },
    {
      "id": 1283,
      "amount": 1
    },
    {
      "id": 10314,
      "amount": 1
    },
    {
      "id": 1195,
      "amount": 1
    },
    {
      "id": 1131,
      "amount": 1
    },
    {
      "id": 1426,
      "amount": 2
    },
    {
      "id": 10312,
      "amount": 1
    },
    {
      "id": 1297,
      "amount": 3
    },
    {
      "id": 1456,
      "amount": 1
    },
    {
      "id": 1129,
      "amount": 1
    },
    {
      "id": 3830,
      "amount": 1
    },
    {
      "id": 10308,
      "amount": 2
    },
    {
      "id": 849,
      "amount": 2
    },
    {
      "id": 1059,
      "amount": 1
    },
    {
      "id": 1458,
      "amount": 1
    },
    {
      "id": 1169,
      "amount": 2
    },
    {
      "id": 1063,
      "amount": 2
    },
    {
      "id": 10424,
      "amount": 1
    },
    {
      "id": 333,
      "amount": 2
    },
    {
      "id": 7338,
      "amount": 1
    },
    {
      "id": 1452,
      "amount": 1
    },
    {
      "id": 2587,
      "amount": 1
    },
    {
      "id": 1269,
      "amount": 2
    },
    {
      "id": 1438,
      "amount": 2
    },
    {
      "id": 12245,
      "amount": 1
    },
    {
      "id": 1442,
      "amount": 1
    },
    {
      "id": 1444,
      "amount": 1
    },
    {
      "id": 1151,
      "amount": 1
    },
    {
      "id": 12307,
      "amount": 2
    },
    {
      "id": 12361,
      "amount": 1
    },
    {
      "id": 379,
      "amount": 31
    },
    {
      "id": 952,
      "amount": 1
    },
    {
      "id": 1167,
      "amount": 1
    },
    {
      "id": 12313,
      "amount": 1
    },
    {
      "id": 2649,
      "amount": 8
    },
    {
      "id": 1440,
      "amount": 1
    },
    {
      "id": 373,
      "amount": 535
    },
    {
      "id": 1135,
      "amount": 3
    },
    {
      "id": 7325,
      "amount": 1
    },
    {
      "id": 10302,
      "amount": 1
    },
    {
      "id": 1099,
      "amount": 1
    },
    {
      "id": 2613,
      "amount": 1
    },
    {
      "id": 1341,
      "amount": 1
    },
    {
      "id": 10396,
      "amount": 1
    },
    {
      "id": 12347,
      "amount": 1
    },
    {
      "id": 12303,
      "amount": 1
    },
    {
      "id": 315,
      "amount": 28
    },
    {
      "id": 319,
      "amount": 28
    },
    {
      "id": 4131,
      "amount": 2
    },
    {
      "id": 9185,
      "amount": 2
    },
    {
      "id": 20140,
      "amount": 1
    },
    {
      "id": 20166,
      "amount": 3
    },
    {
      "id": 10390,
      "amount": 1
    },
    {
      "id": 217,
      "amount": 7
    },
    {
      "id": 1163,
      "amount": 1
    },
    {
      "id": 4726,
      "amount": 1
    },
    {
      "id": 12287,
      "amount": 1
    },
    {
      "id": 11260,
      "amount": 12
    },
    {
      "id": 566,
      "amount": 22
    },
    {
      "id": 565,
      "amount": 357
    },
    {
      "id": 11849,
      "amount": 7
    },
    {
      "id": 2996,
      "amount": 15
    },
    {
      "id": 5294,
      "amount": 4
    },
    {
      "id": 253,
      "amount": 32
    },
    {
      "id": 3000,
      "amount": 10
    },
    {
      "id": 5303,
      "amount": 8
    },
    {
      "id": 5281,
      "amount": 7
    },
    {
      "id": 5304,
      "amount": 11
    },
    {
      "id": 1513,
      "amount": 7
    },
    {
      "id": 5974,
      "amount": 4
    },
    {
      "id": 5286,
      "amount": 8
    },
    {
      "id": 5299,
      "amount": 8
    },
    {
      "id": 269,
      "amount": 10
    },
    {
      "id": 5285,
      "amount": 6
    },
    {
      "id": 5295,
      "amount": 3
    },
    {
      "id": 6016,
      "amount": 5
    },
    {
      "id": 5104,
      "amount": 7
    },
    {
      "id": 5313,
      "amount": 6
    },
    {
      "id": 5298,
      "amount": 15
    },
    {
      "id": 5297,
      "amount": 2
    },
    {
      "id": 5100,
      "amount": 2
    },
    {
      "id": 383,
      "amount": 1726
    },
    {
      "id": 2635,
      "amount": 3
    },
    {
      "id": 2651,
      "amount": 2
    },
    {
      "id": 12502,
      "amount": 1
    },
    {
      "id": 12608,
      "amount": 1
    },
    {
      "id": 13326,
      "amount": 1
    },
    {
      "id": 7993,
      "amount": 1
    },
    {
      "id": 995,
      "amount": 11508688
    },
    {
      "id": 385,
      "amount": 1179
    },
    {
      "id": 10010,
      "amount": 1
    },
    {
      "id": 11259,
      "amount": 1
    },
    null,
    null,
    null,
    null,
    null,
    null,
    null,
    null,
    null,
    null,
    null,
    null,
    null,
    null,
    null,
    null,
    null,
    null,
    null,
    null,
    null,
    null,
    null,
    null,
    null,
    null,
    null,
    null,
    null,
    null,
    null,
    null,
    null,
    null,
    null,
    null,
    null,
    null,
    null,
    null,
    null,
    null,
    null,
    null,
    null,
    null,
    null,
    null,
    null,
    null,
    null,
    null,
    null,
    null,
    null,
    null,
    null,
    null,
    null,
    null,
    null,
    null,
    null,
    null,
    null,
    null,
    null,
    null,
    null,
    null,
    null,
    null,
    null,
    null,
    null,
    null,
    null,
    null,
    null,
    null,
    null,
    null,
    null,
    null,
    null,
    null,
    null,
    null,
    null,
    null,
    null,
    null,
    null,
    null,
    null,
    null,
    null,
    null,
    null,
    null,
    null,
    null,
    null,
    null,
    null,
    null,
    null,
    null,
    null,
    null,
    null,
    null,
    null,
    null,
    null,
    null,
    null,
    null,
    null,
    null,
    null,
    null,
    null,
    null,
    null,
    null,
    null,
    null,
    null,
    null,
    null,
    null,
    null,
    null,
    null,
    null,
    null,
    null,
    null,
    null,
    null,
    null,
    null,
    null,
    null,
    null,
    null,
    null,
    null,
    null,
    null,
    null,
    null,
    null,
    null,
    null,
    null,
    null,
    null,
    null,
    null,
    null,
    null,
    null,
    null,
    null,
    null,
    null,
    null,
    null,
    null,
    null,
    null,
    null,
    null,
    null,
    null,
    null,
    null,
    null,
    null,
    null
  ],
  "tabAmounts": [
    168,
    0,
    0,
    0,
    0,
    0,
    0,
    0,
    0,
    0
  ],
  "inventory": [
    {
      "id": 995,
      "amount": 205000
    },
    null,
    null,
    null,
    null,
    null,
    null,
    null,
    null,
    null,
    null,
    null,
    null,
    null,
    null,
    null,
    null,
    null,
    null,
    null,
    null,
    null,
    null,
    null,
    null,
    null,
    null,
    null
  ],
  "equipment": [
    {
      "id": 1048,
      "amount": 1
    },
    null,
    null,
    null,
    {
      "id": 5553,
      "amount": 1
    },
    {
      "id": 12335,
      "amount": 1
    },
    null,
    null,
    null,
    null,
    null,
    null,
    null,
    null
  ],
  "shopItems": [
    null,
    null,
    null,
    null,
    null,
    null,
    null,
    null,
    null,
    null,
    null,
    null,
    null,
    null,
    null,
    null,
    null,
    null,
    null,
    null,
    null,
    null,
    null,
    null,
    null,
    null,
    null,
    null,
    null,
    null,
    null,
    null,
    null,
    null,
    null,
    null
  ],
  "shopPrices": [
    0,
    0,
    0,
    0,
    0,
    0,
    0,
    0,
    0,
    0,
    0,
    0,
    0,
    0,
    0,
    0,
    0,
    0,
    0,
    0,
    0,
    0,
    0,
    0,
    0,
    0,
    0,
    0,
    0,
    0,
    0,
    0,
    0,
    0,
    0,
    0
  ],
  "pouches": [
    0,
    0,
    0,
    0
  ]
}