{
  "bank": [
    {
      "id": 207,
      "amount": 13
    },
    {
      "id": 227,
      "amount": 407
    },
    {
      "id": 231,
      "amount": 45
    },
    {
      "id": 2434,
      "amount": 9
    },
    {
      "id": 3024,
      "amount": 85
    },
    {
      "id": 3000,
      "amount": 49
    },
    {
      "id": 385,
      "amount": 337
    },
    {
      "id": 995,
      "amount": 45855367
    },
    {
      "id": 12810,
      "amount": 1
    },
    {
      "id": 12812,
      "amount": 1
    },
    {
      "id": 1436,
      "amount": 1250
    },
    {
      "id": 139,
      "amount": 16
    },
    {
      "id": 3026,
      "amount": 28
    },
    {
      "id": 223,
      "amount": 234
    },
    {
      "id": 3004,
      "amount": 14
    },
    {
      "id": 2347,
      "amount": 1
    },
    {
      "id": 7936,
      "amount": 16503
    },
    {
      "id": 3144,
      "amount": 2
    },
    {
      "id": 1523,
      "amount": 1
    },
    {
      "id": 141,
      "amount": 4
    },
    {
      "id": 3028,
      "amount": 11
    },
    {
      "id": 444,
      "amount": 5
    },
    {
      "id": 12934,
      "amount": 33811
    },
    {
      "id": 1391,
      "amount": 24
    },
    {
      "id": 2481,
      "amount": 14
    },
    {
      "id": 1273,
      "amount": 7
    },
    {
      "id": 241,
      "amount": 14
    },
    {
      "id": 143,
      "amount": 7
    },
    {
      "id": 3030,
      "amount": 2
    },
    {
      "id": 449,
      "amount": 10
    },
    {
      "id": 5300,
      "amount": 92
    },
    {
      "id": 12811,
      "amount": 1
    },
    {
      "id": 2363,
      "amount": 90
    },
    {
      "id": 5287,
      "amount": 4
    },
    {
      "id": 11230,
      "amount": 184
    },
    {
      "id": 9341,
      "amount": 234
    },
    {
      "id": 1704,
      "amount": 2
    },
    {
      "id": 11237,
      "amount": 1403
    },
    {
      "id": 9193,
      "amount": 569
    },
    {
      "id": 5316,
      "amount": 24
    },
    {
      "id": 11232,
      "amount": 6
    },
    {
      "id": 205,
      "amount": 165
    },
    {
      "id": 10450,
      "amount": 1
    },
    {
      "id": 10051,
      "amount": 1
    },
    {
      "id": 10043,
      "amount": 1
    },
    {
      "id": 10041,
      "amount": 1
    },
    {
      "id": 5291,
      "amount": 1
    },
    {
      "id": 5295,
      "amount": 1
    },
    {
      "id": 221,
      "amount": 16
    },
    {
      "id": 590,
      "amount": 1
    },
    {
      "id": 121,
      "amount": 34
    },
    {
      "id": 303,
      "amount": 2
    },
    {
      "id": 13307,
      "amount": 509629
    },
    {
      "id": 892,
      "amount": 1876
    },
    {
      "id": 4740,
      "amount": 6514
    },
    {
      "id": 20849,
      "amount": 137
    },
    {
      "id": 391,
      "amount": 349
    },
    {
      "id": 20166,
      "amount": 3
    },
    {
      "id": 6528,
      "amount": 3
    },
    {
      "id": 1755,
      "amount": 3
    },
    {
      "id": 4908,
      "amount": 2
    },
    {
      "id": 4932,
      "amount": 2
    },
    {
      "id": 4992,
      "amount": 1
    },
    {
      "id": 1733,
      "amount": 2
    },
    {
      "id": 4968,
      "amount": 1
    },
    {
      "id": 4896,
      "amount": 2
    },
    {
      "id": 4998,
      "amount": 1
    },
    {
      "id": 4926,
      "amount": 1
    },
    {
      "id": 4902,
      "amount": 1
    },
    {
      "id": 1564,
      "amount": 1
    },
    {
      "id": 229,
      "amount": 16
    },
    {
      "id": 4986,
      "amount": 2
    },
    {
      "id": 4914,
      "amount": 1
    },
    {
      "id": 564,
      "amount": 30
    },
    {
      "id": 565,
      "amount": 565
    },
    {
      "id": 558,
      "amount": 442
    },
    {
      "id": 556,
      "amount": 428
    },
    {
      "id": 559,
      "amount": 395
    },
    {
      "id": 554,
      "amount": 8356
    },
    {
      "id": 557,
      "amount": 1024
    },
    {
      "id": 563,
      "amount": 1684
    },
    {
      "id": 4938,
      "amount": 1
    },
    {
      "id": 440,
      "amount": 17
    },
    {
      "id": 12746,
      "amount": 1
    },
    {
      "id": 2357,
      "amount": 3
    },
    {
      "id": 1351,
      "amount": 1
    },
    {
      "id": 4962,
      "amount": 2
    },
    {
      "id": 555,
      "amount": 410
    },
    {
      "id": 1611,
      "amount": 10
    },
    {
      "id": 13648,
      "amount": 12
    },
    {
      "id": 389,
      "amount": 50
    },
    {
      "id": 301,
      "amount": 2
    },
    {
      "id": 379,
      "amount": 719
    },
    {
      "id": 7946,
      "amount": 50
    },
    {
      "id": 1277,
      "amount": 1
    },
    {
      "id": 561,
      "amount": 233
    },
    {
      "id": 4956,
      "amount": 1
    },
    {
      "id": 1462,
      "amount": 2
    },
    {
      "id": 1605,
      "amount": 100
    },
    {
      "id": 2550,
      "amount": 7
    },
    {
      "id": 447,
      "amount": 2
    },
    {
      "id": 1779,
      "amount": 3137
    },
    {
      "id": 1513,
      "amount": 2
    },
    {
      "id": 5289,
      "amount": 4
    },
    {
      "id": 8778,
      "amount": 22
    },
    {
      "id": 5303,
      "amount": 21
    },
    {
      "id": 6289,
      "amount": 420
    },
    {
      "id": 383,
      "amount": 25
    },
    {
      "id": 841,
      "amount": 1
    },
    {
      "id": 209,
      "amount": 57
    },
    {
      "id": 451,
      "amount": 151
    },
    {
      "id": 377,
      "amount": 110
    },
    {
      "id": 12056,
      "amount": 1
    },
    {
      "id": 211,
      "amount": 77
    },
    {
      "id": 217,
      "amount": 108
    },
    {
      "id": 13117,
      "amount": 1
    },
    {
      "id": 11934,
      "amount": 147
    },
    {
      "id": 4131,
      "amount": 1
    },
    {
      "id": 9185,
      "amount": 1
    },
    {
      "id": 861,
      "amount": 1
    },
    {
      "id": 19484,
      "amount": 101
    },
    {
      "id": 395,
      "amount": 50
    },
    {
      "id": 13650,
      "amount": 3
    },
    {
      "id": 12865,
      "amount": 1
    },
    {
      "id": 1187,
      "amount": 1
    },
    {
      "id": 1731,
      "amount": 1
    },
    {
      "id": 12938,
      "amount": 94
    },
    {
      "id": 1627,
      "amount": 8
    },
    {
      "id": 11940,
      "amount": 479
    },
    {
      "id": 12608,
      "amount": 1
    },
    {
      "id": 13105,
      "amount": 3
    },
    {
      "id": 12086,
      "amount": 1
    },
    {
      "id": 9244,
      "amount": 75
    },
    {
      "id": 19586,
      "amount": 2
    },
    {
      "id": 19589,
      "amount": 1
    },
    {
      "id": 4587,
      "amount": 1
    },
    {
      "id": 11708,
      "amount": 1
    },
    {
      "id": 12763,
      "amount": 1
    },
    {
      "id": 11235,
      "amount": 1
    },
    {
      "id": 1607,
      "amount": 174
    },
    {
      "id": 9191,
      "amount": 924
    },
    {
      "id": 9189,
      "amount": 12
    },
    {
      "id": 11849,
      "amount": 16
    },
    {
      "id": 4860,
      "amount": 1
    },
    {
      "id": 4708,
      "amount": 1
    },
    {
      "id": 4714,
      "amount": 1
    },
    {
      "id": 4710,
      "amount": 1
    },
    {
      "id": 4712,
      "amount": 1
    },
    {
      "id": 10940,
      "amount": 1
    },
    {
      "id": 1517,
      "amount": 10
    },
    {
      "id": 560,
      "amount": 4690
    },
    {
      "id": 566,
      "amount": 3522
    },
    {
      "id": 3051,
      "amount": 68
    },
    {
      "id": 2485,
      "amount": 3
    },
    {
      "id": 5302,
      "amount": 41
    },
    {
      "id": 243,
      "amount": 416
    },
    {
      "id": 233,
      "amount": 1
    },
    {
      "id": 2454,
      "amount": 46
    },
    {
      "id": 830,
      "amount": 7
    },
    {
      "id": 2353,
      "amount": 1
    },
    {
      "id": 2458,
      "amount": 7
    },
    {
      "id": 145,
      "amount": 1
    },
    {
      "id": 6527,
      "amount": 1
    },
    {
      "id": 811,
      "amount": 12
    },
    {
      "id": 7158,
      "amount": 1
    },
    {
      "id": 4675,
      "amount": 1
    },
    {
      "id": 4732,
      "amount": 1
    },
    {
      "id": 13113,
      "amount": 4
    },
    {
      "id": 1399,
      "amount": 1
    },
    {
      "id": 2996,
      "amount": 139
    },
    {
      "id": 532,
      "amount": 600
    },
    {
      "id": 13118,
      "amount": 2
    },
    {
      "id": 371,
      "amount": 178
    },
    {
      "id": 3755,
      "amount": 1
    },
    {
      "id": 453,
      "amount": 4278
    },
    {
      "id": 13227,
      "amount": 2
    },
    {
      "id": 5304,
      "amount": 7
    },
    {
      "id": 11824,
      "amount": 1
    },
    {
      "id": 11936,
      "amount": 33
    },
    {
      "id": 257,
      "amount": 203
    },
    {
      "id": 1603,
      "amount": 125
    },
    {
      "id": 2509,
      "amount": 26
    },
    {
      "id": 1734,
      "amount": 10
    },
    {
      "id": 2349,
      "amount": 13
    },
    {
      "id": 5555,
      "amount": 1
    },
    {
      "id": 5554,
      "amount": 1
    },
    {
      "id": 5553,
      "amount": 1
    },
    {
      "id": 11920,
      "amount": 2
    },
    {
      "id": 12026,
      "amount": 1
    },
    {
      "id": 215,
      "amount": 38
    },
    {
      "id": 3749,
      "amount": 1
    },
    {
      "id": 199,
      "amount": 76
    },
    {
      "id": 21012,
      "amount": 1
    },
    {
      "id": 987,
      "amount": 6
    },
    {
      "id": 1615,
      "amount": 30
    },
    {
      "id": 66,
      "amount": 178
    },
    {
      "id": 1275,
      "amount": 1
    },
    {
      "id": 13354,
      "amount": 1
    },
    {
      "id": 11709,
      "amount": 1
    },
    {
      "id": 2723,
      "amount": 1
    },
    {
      "id": 3053,
      "amount": 2
    },
    {
      "id": 13233,
      "amount": 3
    },
    {
      "id": 20128,
      "amount": 2
    },
    {
      "id": 10380,
      "amount": 2
    },
    {
      "id": 2643,
      "amount": 4
    },
    {
      "id": 13259,
      "amount": 1
    },
    {
      "id": 2641,
      "amount": 3
    },
    {
      "id": 2639,
      "amount": 5
    },
    {
      "id": 2651,
      "amount": 5
    },
    {
      "id": 12496,
      "amount": 1
    },
    {
      "id": 12510,
      "amount": 1
    },
    {
      "id": 1592,
      "amount": 27
    },
    {
      "id": 12203,
      "amount": 1
    },
    {
      "id": 13243,
      "amount": 1
    },
    {
      "id": 13249,
      "amount": 20
    },
    {
      "id": 3202,
      "amount": 3
    },
    {
      "id": 1747,
      "amount": 6
    },
    {
      "id": 4012,
      "amount": 3
    },
    {
      "id": 10386,
      "amount": 1
    },
    {
      "id": 1377,
      "amount": 2
    },
    {
      "id": 1623,
      "amount": 28
    },
    {
      "id": 2503,
      "amount": 1
    },
    {
      "id": 536,
      "amount": 265
    },
    {
      "id": 2456,
      "amount": 2
    },
    {
      "id": 7218,
      "amount": 53
    },
    {
      "id": 534,
      "amount": 138
    },
    {
      "id": 11212,
      "amount": 5768
    },
    {
      "id": 5698,
      "amount": 1
    },
    {
      "id": 3204,
      "amount": 2
    },
    {
      "id": 11259,
      "amount": 1
    },
    {
      "id": 12932,
      "amount": 1
    },
    {
      "id": 1987,
      "amount": 1250
    },
    {
      "id": 12610,
      "amount": 1
    },
    {
      "id": 10376,
      "amount": 1
    },
    {
      "id": 10372,
      "amount": 2
    },
    {
      "id": 1631,
      "amount": 1
    },
    {
      "id": 9192,
      "amount": 228
    },
    {
      "id": 52,
      "amount": 90
    },
    {
      "id": 19582,
      "amount": 47
    },
    {
      "id": 1511,
      "amount": 1
    },
    {
      "id": 314,
      "amount": 745
    },
    {
      "id": 5974,
      "amount": 100
    },
    {
      "id": 5288,
      "amount": 1
    },
    {
      "id": 12936,
      "amount": 1
    },
    {
      "id": 8782,
      "amount": 50
    },
    {
      "id": 10368,
      "amount": 1
    },
    {
      "id": 1621,
      "amount": 15
    },
    {
      "id": 10384,
      "amount": 1
    },
    {
      "id": 2635,
      "amount": 1
    },
    {
      "id": 12195,
      "amount": 1
    },
    {
      "id": 1619,
      "amount": 5
    },
    {
      "id": 6529,
      "amount": 16064
    },
    {
      "id": 1359,
      "amount": 1
    },
    {
      "id": 20140,
      "amount": 1
    },
    {
      "id": 20131,
      "amount": 1
    },
    {
      "id": 20134,
      "amount": 1
    },
    {
      "id": 5343,
      "amount": 1
    },
    {
      "id": 5331,
      "amount": 1
    },
    {
      "id": 5341,
      "amount": 1
    },
    {
      "id": 2452,
      "amount": 2
    },
    {
      "id": 4151,
      "amount": 1
    },
    {
      "id": 1215,
      "amount": 1
    },
    {
      "id": 6570,
      "amount": 1
    },
    {
      "id": 6585,
      "amount": 1
    },
    {
      "id": 10551,
      "amount": 1
    },
    {
      "id": 1540,
      "amount": 1
    },
    {
      "id": 4087,
      "amount": 1
    },
    {
      "id": 11840,
      "amount": 1
    },
    {
      "id": 11260,
      "amount": 665
    },
    {
      "id": 1452,
      "amount": 1
    },
    {
      "id": 829,
      "amount": 40
    },
    {
      "id": 311,
      "amount": 1
    },
    {
      "id": 946,
      "amount": 1
    },
    {
      "id": 2682,
      "amount": 1
    },
    {
      "id": 2681,
      "amount": 2
    },
    {
      "id": 2679,
      "amount": 5
    },
    {
      "id": 2685,
      "amount": 3
    },
    {
      "id": 2683,
      "amount": 1
    },
    {
      "id": 2680,
      "amount": 3
    },
    {
      "id": 1025,
      "amount": 1
    },
    {
      "id": 2677,
      "amount": 1
    },
    {
      "id": 952,
      "amount": 1
    },
    {
      "id": 1267,
      "amount": 1
    },
    {
      "id": 658,
      "amount": 1
    },
    {
      "id": 7321,
      "amount": 1
    },
    {
      "id": 12349,
      "amount": 1
    },
    {
      "id": 12305,
      "amount": 1
    },
    {
      "id": 12319,
      "amount": 1
    },
    {
      "id": 7358,
      "amount": 1
    },
    {
      "id": 10296,
      "amount": 2
    },
    {
      "id": 2647,
      "amount": 1
    },
    {
      "id": 10420,
      "amount": 1
    },
    {
      "id": 2645,
      "amount": 1
    },
    {
      "id": 10302,
      "amount": 1
    },
    {
      "id": 20240,
      "amount": 1
    },
    {
      "id": 1317,
      "amount": 1
    },
    {
      "id": 7344,
      "amount": 1
    },
    {
      "id": 12261,
      "amount": 1
    },
    {
      "id": 10408,
      "amount": 1
    },
    {
      "id": 12291,
      "amount": 1
    },
    {
      "id": 7334,
      "amount": 1
    },
    {
      "id": 12299,
      "amount": 1
    },
    {
      "id": 6328,
      "amount": 1
    },
    {
      "id": 269,
      "amount": 20
    },
    {
      "id": 985,
      "amount": 2
    },
    {
      "id": 989,
      "amount": 1
    },
    {
      "id": 13247,
      "amount": 1
    },
    {
      "id": 20663,
      "amount": 1
    },
    {
      "id": 18406,
      "amount": 1
    },
    {
      "id": 10023,
      "amount": 1
    },
    {
      "id": 9957,
      "amount": 1
    },
    {
      "id": 272,
      "amount": 1
    },
    {
      "id": 13320,
      "amount": 1
    },
    {
      "id": 4179,
      "amount": 2
    },
    {
      "id": 12359,
      "amount": 1
    },
    null,
    null,
    null,
    null,
    null,
    null,
    null,
    null,
    null,
    null,
    null,
    null,
    null,
    null,
    null,
    null,
    null,
    null,
    null,
    null,
    null,
    null,
    null,
    null,
    null,
    null,
    null,
    null,
    null,
    null,
    null,
    null,
    null,
    null,
    null,
    null,
    null,
    null,
    null,
    null,
    null,
    null,
    null,
    null,
    null,
    null,
    null,
    null,
    null,
    null,
    null,
    null,
    null,
    null,
    null,
    null,
    null,
    null,
    null,
    null,
    null,
    null,
    null,
    null,
    null,
    null,
    null,
    null,
    null,
    null,
    null,
    null,
    null,
    null,
    null,
    null,
    null,
    null,
    null,
    null,
    null,
    null,
    null,
    null,
    null,
    null,
    null,
    null,
    null,
    null,
    null,
    null,
    null,
    null,
    null,
    null,
    null,
    null,
    null,
    null,
    null,
    null,
    null,
    null,
    null,
    null,
    null,
    null,
    null,
    null,
    null,
    null,
    null,
    null,
    null,
    null,
    null,
    null,
    null,
    null,
    null,
    null,
    null,
    null,
    null,
    null,
    null,
    null,
    null,
    null,
    null,
    null,
    null,
    null,
    null,
    null,
    null,
    null,
    null,
    null,
    null,
    null,
    null,
    null,
    null,
    null,
    null,
    null,
    null,
    null,
    null,
    null,
    null,
    null,
    null,
    null,
    null,
    null,
    null,
    null,
    null,
    null,
    null,
    null,
    null,
    null,
    null,
    null,
    null,
    null,
    null,
    null,
    null,
    null,
    null,
    null,
    null,
    null,
    null,
    null,
    null,
    null,
    null,
    null,
    null,
    null,
    null,
    null,
    null,
    null,
    null,
    null,
    null,
    null,
    null,
    null,
    null,
    null,
    null,
    null,
    null,
    null,
    null,
    null,
    null,
    null,
    null,
    null,
    null,
    null,
    null,
    null,
    null,
    null,
    null,
    null,
    null,
    null,
    null,
    null,
    null,
    null,
    null,
    null,
    null,
    null,
    null,
    null,
    null,
    null,
    null,
    null,
    null,
    null,
    null,
    null,
    null,
    null,
    null,
    null,
    null,
    null,
    null,
    null,
    null,
    null,
    null,
    null,
    null,
    null,
    null,
    null,
    null,
    null,
    null,
    null,
    null,
    null,
    null,
    null,
    null,
    null,
    null,
    null,
    null,
    null,
    null,
    null,
    null,
    null,
    null,
    null,
    null,
    null,
    null,
    null,
    null,
    null,
    null,
    null,
    null,
    null,
    null,
    null,
    null,
    null,
    null,
    null,
    null,
    null,
    null,
    null,
    null,
    null,
    null,
    null,
    null,
    null,
    null,
    null,
    null,
    null,
    null,
    null,
    null,
    null,
    null,
    null,
    null,
    null,
    null,
    null,
    null,
    null,
    null,
    null,
    null,
    null,
    null,
    null,
    null,
    null,
    null,
    null,
    null,
    null,
    null,
    null,
    null,
    null,
    null,
    null,
    null,
    null,
    null,
    null,
    null,
    null,
    null,
    null,
    null,
    null,
    null,
    null,
    null,
    null,
    null,
    null,
    null,
    null,
    null,
    null,
    null,
    null,
    null,
    null,
    null,
    null,
    null,
    null,
    null,
    null,
    null,
    null,
    null,
    null,
    null,
    null,
    null,
    null,
    null,
    null,
    null,
    null,
    null,
    null,
    null,
    null,
    null,
    null,
    null,
    null,
    null,
    null,
    null,
    null,
    null,
    null,
    null,
    null,
    null,
    null,
    null,
    null,
    null,
    null,
    null,
    null,
    null,
    null,
    null,
    null,
    null,
    null,
    null,
    null,
    null,
    null,
    null,
    null,
    null,
    null,
    null,
    null,
    null,
    null,
    null,
    null,
    null,
    null,
    null,
    null,
    null,
    null,
    null,
    null,
    null,
    null,
    null,
    null,
    null,
    null,
    null,
    null,
    null
  ],
  "tabAmounts": [
    306,
    9,
    0,
    0,
    0,
    0,
    0,
    0,
    0,
    0
  ],
  "inventory": [
    {
      "id": 3024,
      "amount": 1
    },
    {
      "id": 3026,
      "amount": 1
    },
    {
      "id": 3024,
      "amount": 1
    },
    {
      "id": 3024,
      "amount": 1
    },
    {
      "id": 3024,
      "amount": 1
    },
    {
      "id": 12934,
      "amount": 375
    },
    {
      "id": 13307,
      "amount": 281
    },
    {
      "id": 11230,
      "amount": 7
    },
    {
      "id": 7937,
      "amount": 101
    },
    {
      "id": 537,
      "amount": 30
    },
    null,
    null,
    {
      "id": 385,
      "amount": 1
    },
    {
      "id": 385,
      "amount": 1
    },
    null,
    {
      "id": 385,
      "amount": 1
    },
    {
      "id": 385,
      "amount": 1
    },
    {
      "id": 385,
      "amount": 1
    },
    {
      "id": 385,
      "amount": 1
    },
    {
      "id": 385,
      "amount": 1
    },
    {
      "id": 385,
      "amount": 1
    },
    {
      "id": 385,
      "amount": 1
    },
    {
      "id": 385,
      "amount": 1
    },
    {
      "id": 385,
      "amount": 1
    },
    {
      "id": 385,
      "amount": 1
    },
    {
      "id": 385,
      "amount": 1
    },
    {
      "id": 385,
      "amount": 1
    },
    {
      "id": 385,
      "amount": 1
    }
  ],
  "equipment": [
    {
      "id": 11864,
      "amount": 1
    },
    {
      "id": 10499,
      "amount": 1
    },
    {
      "id": 19547,
      "amount": 1
    },
    {
      "id": 11230,
      "amount": 5128
    },
    {
      "id": 2503,
      "amount": 1
    },
    {
      "id": 3842,
      "amount": 1
    },
    null,
    {
      "id": 4738,
      "amount": 1
    },
    null,
    {
      "id": 7462,
      "amount": 1
    },
    {
      "id": 2577,
      "amount": 1
    },
    null,
    {
      "id": 2572,
      "amount": 1
    },
    null
  ],
  "lootingBag": [],
  "shopItems": [
    null,
    null,
    null,
    null,
    null,
    null,
    null,
    null,
    null,
    null,
    null,
    null,
    null,
    null,
    null,
    null,
    null,
    null,
    null,
    null,
    null,
    null,
    null,
    null,
    null,
    null,
    null,
    null,
    null,
    null,
    null,
    null,
    null,
    null,
    null,
    null
  ],
  "shopPrices": [
    0,
    0,
    0,
    0,
    0,
    0,
    0,
    0,
    0,
    0,
    0,
    0,
    0,
    0,
    0,
    0,
    0,
    0,
    0,
    0,
    0,
    0,
    0,
    0,
    0,
    0,
    0,
    0,
    0,
    0,
    0,
    0,
    0,
    0,
    0,
    0
  ],
  "pouches": [
    0,
    0,
    0,
    0
  ]
}