{
  "bank": [
    {
      "id": 1562,
      "amount": 1
    },
    {
      "id": 1592,
      "amount": 1
    },
    {
      "id": 13117,
      "amount": 3
    },
    {
      "id": 52,
      "amount": 225
    },
    {
      "id": 1633,
      "amount": 4
    },
    {
      "id": 1734,
      "amount": 483
    },
    {
      "id": 5555,
      "amount": 2
    },
    {
      "id": 9431,
      "amount": 1
    },
    {
      "id": 5553,
      "amount": 3
    },
    {
      "id": 10444,
      "amount": 1
    },
    {
      "id": 2643,
      "amount": 2
    },
    {
      "id": 12506,
      "amount": 2
    },
    {
      "id": 1359,
      "amount": 4
    },
    {
      "id": 13130,
      "amount": 2
    },
    {
      "id": 10939,
      "amount": 1
    },
    {
      "id": 10933,
      "amount": 2
    },
    {
      "id": 1739,
      "amount": 10
    },
    {
      "id": 10376,
      "amount": 2
    },
    {
      "id": 987,
      "amount": 11
    },
    {
      "id": 6313,
      "amount": 7
    },
    {
      "id": 13389,
      "amount": 1
    },
    {
      "id": 5557,
      "amount": 2
    },
    {
      "id": 12203,
      "amount": 3
    },
    {
      "id": 13118,
      "amount": 2
    },
    {
      "id": 12494,
      "amount": 2
    },
    {
      "id": 40,
      "amount": 150
    },
    {
      "id": 820,
      "amount": 150
    },
    {
      "id": 946,
      "amount": 3
    },
    {
      "id": 13121,
      "amount": 1
    },
    {
      "id": 2509,
      "amount": 4
    },
    {
      "id": 1755,
      "amount": 2
    },
    {
      "id": 1733,
      "amount": 9
    },
    {
      "id": 12504,
      "amount": 3
    },
    {
      "id": 12502,
      "amount": 1
    },
    {
      "id": 5020,
      "amount": 7
    },
    {
      "id": 4155,
      "amount": 1
    },
    {
      "id": 12015,
      "amount": 1
    },
    {
      "id": 12016,
      "amount": 1
    },
    {
      "id": 12800,
      "amount": 1
    },
    {
      "id": 2503,
      "amount": 1
    },
    {
      "id": 139,
      "amount": 53
    },
    {
      "id": 149,
      "amount": 2
    },
    {
      "id": 161,
      "amount": 2
    },
    {
      "id": 20166,
      "amount": 3
    },
    {
      "id": 4675,
      "amount": 2
    },
    {
      "id": 560,
      "amount": 3018
    },
    {
      "id": 1446,
      "amount": 1
    },
    {
      "id": 12195,
      "amount": 4
    },
    {
      "id": 20134,
      "amount": 2
    },
    {
      "id": 20131,
      "amount": 2
    },
    {
      "id": 20128,
      "amount": 1
    },
    {
      "id": 1381,
      "amount": 1
    },
    {
      "id": 7400,
      "amount": 1
    },
    {
      "id": 7398,
      "amount": 2
    },
    {
      "id": 7399,
      "amount": 1
    },
    {
      "id": 4699,
      "amount": 28
    },
    {
      "id": 558,
      "amount": 564
    },
    {
      "id": 561,
      "amount": 351
    },
    {
      "id": 563,
      "amount": 203
    },
    {
      "id": 562,
      "amount": 146
    },
    {
      "id": 556,
      "amount": 1016
    },
    {
      "id": 1442,
      "amount": 2
    },
    {
      "id": 1462,
      "amount": 2
    },
    {
      "id": 13307,
      "amount": 137029
    },
    {
      "id": 7460,
      "amount": 2
    },
    {
      "id": 1436,
      "amount": 1552
    },
    {
      "id": 3749,
      "amount": 1
    },
    {
      "id": 2497,
      "amount": 1
    },
    {
      "id": 9243,
      "amount": 197
    },
    {
      "id": 9706,
      "amount": 462
    },
    {
      "id": 1625,
      "amount": 110
    },
    {
      "id": 1623,
      "amount": 218
    },
    {
      "id": 1617,
      "amount": 278
    },
    {
      "id": 1627,
      "amount": 89
    },
    {
      "id": 1621,
      "amount": 3213
    },
    {
      "id": 391,
      "amount": 294
    },
    {
      "id": 341,
      "amount": 2
    },
    {
      "id": 135,
      "amount": 1
    },
    {
      "id": 143,
      "amount": 5
    },
    {
      "id": 229,
      "amount": 27
    },
    {
      "id": 2436,
      "amount": 15
    },
    {
      "id": 2440,
      "amount": 10
    },
    {
      "id": 3024,
      "amount": 10
    },
    {
      "id": 3040,
      "amount": 10
    },
    {
      "id": 1611,
      "amount": 21
    },
    {
      "id": 385,
      "amount": 150
    },
    {
      "id": 373,
      "amount": 675
    },
    {
      "id": 2434,
      "amount": 693
    },
    {
      "id": 141,
      "amount": 12
    },
    {
      "id": 1452,
      "amount": 1
    },
    {
      "id": 2366,
      "amount": 2
    },
    {
      "id": 205,
      "amount": 153
    },
    {
      "id": 207,
      "amount": 79
    },
    {
      "id": 203,
      "amount": 80
    },
    {
      "id": 219,
      "amount": 40
    },
    {
      "id": 215,
      "amount": 132
    },
    {
      "id": 213,
      "amount": 40
    },
    {
      "id": 217,
      "amount": 100
    },
    {
      "id": 3051,
      "amount": 310
    },
    {
      "id": 11943,
      "amount": 30
    },
    {
      "id": 251,
      "amount": 55
    },
    {
      "id": 10977,
      "amount": 2
    },
    {
      "id": 261,
      "amount": 2
    },
    {
      "id": 265,
      "amount": 1
    },
    {
      "id": 2363,
      "amount": 22
    },
    {
      "id": 5554,
      "amount": 1
    },
    {
      "id": 45,
      "amount": 120
    },
    {
      "id": 157,
      "amount": 6
    },
    {
      "id": 159,
      "amount": 2
    },
    {
      "id": 147,
      "amount": 3
    },
    {
      "id": 9143,
      "amount": 4867
    },
    {
      "id": 2683,
      "amount": 6
    },
    {
      "id": 2487,
      "amount": 1
    },
    {
      "id": 2493,
      "amount": 2
    },
    {
      "id": 11838,
      "amount": 2
    },
    {
      "id": 2347,
      "amount": 3
    },
    {
      "id": 9075,
      "amount": 500
    },
    {
      "id": 133,
      "amount": 1
    },
    {
      "id": 1438,
      "amount": 8
    },
    {
      "id": 1607,
      "amount": 3
    },
    {
      "id": 11260,
      "amount": 1700
    },
    {
      "id": 11238,
      "amount": 279
    },
    {
      "id": 11240,
      "amount": 55
    },
    {
      "id": 11242,
      "amount": 58
    },
    {
      "id": 2996,
      "amount": 6
    },
    {
      "id": 10010,
      "amount": 1
    },
    {
      "id": 309,
      "amount": 1
    },
    {
      "id": 303,
      "amount": 1
    },
    {
      "id": 307,
      "amount": 3
    },
    {
      "id": 313,
      "amount": 690
    },
    {
      "id": 211,
      "amount": 89
    },
    {
      "id": 7771,
      "amount": 1
    },
    {
      "id": 559,
      "amount": 158
    },
    {
      "id": 173,
      "amount": 5
    },
    {
      "id": 12197,
      "amount": 1
    },
    {
      "id": 985,
      "amount": 3
    },
    {
      "id": 4755,
      "amount": 1
    },
    {
      "id": 6529,
      "amount": 32128
    },
    {
      "id": 113,
      "amount": 501
    },
    {
      "id": 2428,
      "amount": 500
    },
    {
      "id": 171,
      "amount": 2
    },
    {
      "id": 10941,
      "amount": 1
    },
    {
      "id": 453,
      "amount": 814
    },
    {
      "id": 2685,
      "amount": 16
    },
    {
      "id": 20137,
      "amount": 1
    },
    {
      "id": 3753,
      "amount": 1
    },
    {
      "id": 1275,
      "amount": 1
    },
    {
      "id": 1448,
      "amount": 5
    },
    {
      "id": 11246,
      "amount": 74
    },
    {
      "id": 3000,
      "amount": 1
    },
    {
      "id": 11250,
      "amount": 175
    },
    {
      "id": 5541,
      "amount": 3
    },
    {
      "id": 11252,
      "amount": 86
    },
    {
      "id": 9342,
      "amount": 50
    },
    {
      "id": 5937,
      "amount": 44
    },
    {
      "id": 13324,
      "amount": 1
    },
    {
      "id": 13105,
      "amount": 2
    },
    {
      "id": 10372,
      "amount": 1
    },
    {
      "id": 3755,
      "amount": 1
    },
    {
      "id": 10386,
      "amount": 1
    },
    {
      "id": 534,
      "amount": 113
    },
    {
      "id": 5547,
      "amount": 62
    },
    {
      "id": 7218,
      "amount": 702
    },
    {
      "id": 2682,
      "amount": 7
    },
    {
      "id": 6155,
      "amount": 36
    },
    {
      "id": 1777,
      "amount": 4379
    },
    {
      "id": 1747,
      "amount": 106
    },
    {
      "id": 1513,
      "amount": 667
    },
    {
      "id": 70,
      "amount": 17
    },
    {
      "id": 2681,
      "amount": 11
    },
    {
      "id": 2684,
      "amount": 4
    },
    {
      "id": 2680,
      "amount": 6
    },
    {
      "id": 9189,
      "amount": 12
    },
    {
      "id": 2355,
      "amount": 2
    },
    {
      "id": 2007,
      "amount": 2
    },
    {
      "id": 1927,
      "amount": 1
    },
    {
      "id": 379,
      "amount": 54
    },
    {
      "id": 6570,
      "amount": 2
    },
    {
      "id": 163,
      "amount": 6
    },
    {
      "id": 2678,
      "amount": 9
    },
    {
      "id": 5698,
      "amount": 1
    },
    {
      "id": 2499,
      "amount": 1
    },
    {
      "id": 353,
      "amount": 1
    },
    {
      "id": 861,
      "amount": 3
    },
    {
      "id": 859,
      "amount": 7
    },
    {
      "id": 199,
      "amount": 71
    },
    {
      "id": 201,
      "amount": 50
    },
    {
      "id": 2651,
      "amount": 2
    },
    {
      "id": 4012,
      "amount": 1
    },
    {
      "id": 12199,
      "amount": 1
    },
    {
      "id": 10368,
      "amount": 1
    },
    {
      "id": 10051,
      "amount": 1
    },
    {
      "id": 2803,
      "amount": 1
    },
    {
      "id": 2723,
      "amount": 1
    },
    {
      "id": 2677,
      "amount": 5
    },
    {
      "id": 11934,
      "amount": 36
    },
    {
      "id": 5951,
      "amount": 1
    },
    {
      "id": 10374,
      "amount": 1
    },
    {
      "id": 13326,
      "amount": 1
    },
    {
      "id": 3053,
      "amount": 2
    },
    {
      "id": 11259,
      "amount": 2
    },
    {
      "id": 10476,
      "amount": 62
    },
    {
      "id": 2653,
      "amount": 1
    },
    {
      "id": 2639,
      "amount": 2
    },
    {
      "id": 12512,
      "amount": 1
    },
    {
      "id": 9185,
      "amount": 3
    },
    {
      "id": 10384,
      "amount": 1
    },
    {
      "id": 165,
      "amount": 2
    },
    {
      "id": 20000,
      "amount": 1
    },
    {
      "id": 3757,
      "amount": 3
    },
    {
      "id": 11664,
      "amount": 1
    },
    {
      "id": 2809,
      "amount": 7
    },
    {
      "id": 555,
      "amount": 762
    },
    {
      "id": 2641,
      "amount": 2
    },
    {
      "id": 1969,
      "amount": 1
    },
    {
      "id": 11235,
      "amount": 1
    },
    {
      "id": 1444,
      "amount": 1
    },
    {
      "id": 1440,
      "amount": 2
    },
    {
      "id": 1267,
      "amount": 1
    },
    {
      "id": 11709,
      "amount": 1
    },
    {
      "id": 1385,
      "amount": 1
    },
    {
      "id": 10045,
      "amount": 1
    },
    {
      "id": 12383,
      "amount": 1
    },
    {
      "id": 12381,
      "amount": 1
    },
    {
      "id": 5759,
      "amount": 2
    },
    {
      "id": 1783,
      "amount": 4
    },
    {
      "id": 7946,
      "amount": 1313
    },
    {
      "id": 1883,
      "amount": 1
    },
    {
      "id": 249,
      "amount": 205
    },
    {
      "id": 257,
      "amount": 10
    },
    {
      "id": 255,
      "amount": 11
    },
    {
      "id": 253,
      "amount": 26
    },
    {
      "id": 259,
      "amount": 4
    },
    {
      "id": 233,
      "amount": 1
    },
    {
      "id": 2481,
      "amount": 1
    },
    {
      "id": 10136,
      "amount": 10
    },
    {
      "id": 3162,
      "amount": 1
    },
    {
      "id": 10037,
      "amount": 1
    },
    {
      "id": 10498,
      "amount": 1
    },
    {
      "id": 4716,
      "amount": 1
    },
    {
      "id": 4757,
      "amount": 1
    },
    {
      "id": 4751,
      "amount": 1
    },
    {
      "id": 10039,
      "amount": 1
    },
    {
      "id": 10828,
      "amount": 1
    },
    {
      "id": 2801,
      "amount": 2
    },
    {
      "id": 4738,
      "amount": 1
    },
    {
      "id": 451,
      "amount": 928
    },
    {
      "id": 532,
      "amount": 586
    },
    {
      "id": 13113,
      "amount": 1
    },
    {
      "id": 1615,
      "amount": 131
    },
    {
      "id": 9193,
      "amount": 1
    },
    {
      "id": 536,
      "amount": 334
    },
    {
      "id": 20663,
      "amount": 1
    },
    {
      "id": 13323,
      "amount": 1
    },
    {
      "id": 9957,
      "amount": 1
    },
    {
      "id": 12643,
      "amount": 1
    },
    {
      "id": 10023,
      "amount": 1
    },
    {
      "id": 5509,
      "amount": 1
    },
    {
      "id": 5514,
      "amount": 1
    },
    {
      "id": 5512,
      "amount": 1
    },
    {
      "id": 5510,
      "amount": 1
    },
    {
      "id": 7936,
      "amount": 1878
    },
    {
      "id": 1454,
      "amount": 1
    },
    {
      "id": 11230,
      "amount": 5000
    },
    {
      "id": 1540,
      "amount": 1
    },
    {
      "id": 12510,
      "amount": 2
    },
    {
      "id": 11828,
      "amount": 1
    },
    {
      "id": 4732,
      "amount": 1
    },
    {
      "id": 13026,
      "amount": 1
    },
    {
      "id": 1127,
      "amount": 1
    },
    {
      "id": 1079,
      "amount": 2
    },
    {
      "id": 1163,
      "amount": 3
    },
    {
      "id": 8851,
      "amount": 120
    },
    {
      "id": 145,
      "amount": 2
    },
    {
      "id": 314,
      "amount": 38235
    },
    {
      "id": 11232,
      "amount": 7
    },
    {
      "id": 301,
      "amount": 1
    },
    {
      "id": 7944,
      "amount": 255
    },
    {
      "id": 383,
      "amount": 615
    },
    {
      "id": 305,
      "amount": 1
    },
    {
      "id": 12026,
      "amount": 1
    },
    {
      "id": 1377,
      "amount": 1
    },
    {
      "id": 12608,
      "amount": 1
    },
    {
      "id": 20002,
      "amount": 1
    },
    {
      "id": 10390,
      "amount": 1
    },
    {
      "id": 2649,
      "amount": 1
    },
    {
      "id": 12610,
      "amount": 1
    },
    {
      "id": 2442,
      "amount": 1
    },
    {
      "id": 592,
      "amount": 2
    },
    {
      "id": 1521,
      "amount": 22
    },
    {
      "id": 1519,
      "amount": 25
    },
    {
      "id": 590,
      "amount": 1
    },
    {
      "id": 209,
      "amount": 130
    },
    {
      "id": 1619,
      "amount": 17
    },
    {
      "id": 9191,
      "amount": 480
    },
    {
      "id": 9242,
      "amount": 2576
    },
    {
      "id": 565,
      "amount": 6743
    },
    {
      "id": 554,
      "amount": 3415
    },
    {
      "id": 2890,
      "amount": 1
    },
    {
      "id": 167,
      "amount": 1
    },
    {
      "id": 2807,
      "amount": 1
    },
    {
      "id": 2805,
      "amount": 1
    },
    {
      "id": 2679,
      "amount": 10
    },
    {
      "id": 223,
      "amount": 1
    },
    {
      "id": 315,
      "amount": 23
    },
    {
      "id": 1779,
      "amount": 1
    },
    {
      "id": 9194,
      "amount": 2
    },
    {
      "id": 9144,
      "amount": 2039
    },
    {
      "id": 566,
      "amount": 2219
    },
    {
      "id": 557,
      "amount": 3495
    },
    {
      "id": 9341,
      "amount": 3
    },
    {
      "id": 4722,
      "amount": 1
    },
    {
      "id": 7462,
      "amount": 1
    },
    {
      "id": 4720,
      "amount": 1
    },
    {
      "id": 4753,
      "amount": 1
    },
    {
      "id": 12436,
      "amount": 1
    },
    {
      "id": 10378,
      "amount": 1
    },
    {
      "id": 10380,
      "amount": 1
    },
    {
      "id": 19722,
      "amount": 1
    },
    {
      "id": 1629,
      "amount": 2500
    },
    {
      "id": 4724,
      "amount": 1
    },
    {
      "id": 1712,
      "amount": 1
    },
    {
      "id": 4728,
      "amount": 1
    },
    {
      "id": 4730,
      "amount": 1
    },
    {
      "id": 3204,
      "amount": 1
    },
    {
      "id": 11840,
      "amount": 1
    },
    {
      "id": 995,
      "amount": 36254605
    },
    null,
    null,
    null,
    null,
    null,
    null,
    null,
    null,
    null,
    null,
    null,
    null,
    null,
    null,
    null,
    null,
    null,
    null,
    null,
    null,
    null,
    null,
    null,
    null,
    null,
    null,
    null,
    null,
    null,
    null,
    null,
    null,
    null,
    null,
    null,
    null,
    null,
    null,
    null,
    null,
    null,
    null,
    null,
    null,
    null,
    null,
    null,
    null,
    null,
    null,
    null,
    null,
    null,
    null,
    null,
    null,
    null,
    null,
    null,
    null,
    null,
    null,
    null,
    null,
    null,
    null,
    null,
    null,
    null,
    null,
    null,
    null,
    null,
    null,
    null,
    null,
    null,
    null,
    null,
    null,
    null,
    null,
    null,
    null,
    null,
    null,
    null,
    null,
    null,
    null,
    null,
    null,
    null,
    null,
    null,
    null,
    null,
    null,
    null,
    null,
    null,
    null,
    null,
    null,
    null,
    null,
    null,
    null,
    null,
    null,
    null,
    null,
    null,
    null,
    null,
    null,
    null,
    null,
    null,
    null,
    null,
    null,
    null,
    null,
    null,
    null,
    null,
    null,
    null,
    null,
    null,
    null,
    null,
    null,
    null,
    null,
    null,
    null,
    null,
    null,
    null,
    null,
    null,
    null,
    null,
    null,
    null,
    null,
    null,
    null,
    null,
    null,
    null,
    null,
    null,
    null,
    null,
    null,
    null,
    null,
    null,
    null,
    null,
    null,
    null,
    null,
    null,
    null,
    null,
    null,
    null,
    null,
    null,
    null,
    null,
    null,
    null,
    null,
    null,
    null,
    null,
    null,
    null,
    null,
    null,
    null,
    null,
    null,
    null,
    null,
    null,
    null,
    null,
    null,
    null,
    null,
    null,
    null,
    null,
    null,
    null,
    null,
    null,
    null,
    null,
    null,
    null,
    null,
    null,
    null,
    null,
    null,
    null,
    null,
    null,
    null,
    null,
    null,
    null,
    null,
    null,
    null,
    null,
    null,
    null,
    null,
    null,
    null,
    null,
    null,
    null,
    null,
    null,
    null,
    null,
    null,
    null,
    null,
    null,
    null,
    null,
    null,
    null,
    null,
    null,
    null,
    null,
    null,
    null,
    null,
    null,
    null,
    null,
    null,
    null,
    null,
    null,
    null,
    null,
    null,
    null,
    null,
    null,
    null,
    null,
    null,
    null,
    null,
    null,
    null,
    null,
    null,
    null,
    null,
    null,
    null,
    null,
    null,
    null,
    null,
    null,
    null,
    null,
    null,
    null,
    null,
    null,
    null,
    null,
    null,
    null,
    null,
    null,
    null,
    null,
    null,
    null,
    null,
    null,
    null,
    null,
    null,
    null,
    null,
    null,
    null,
    null,
    null,
    null,
    null,
    null,
    null,
    null,
    null,
    null,
    null,
    null,
    null,
    null,
    null,
    null,
    null,
    null,
    null,
    null,
    null,
    null,
    null,
    null,
    null,
    null,
    null,
    null,
    null,
    null,
    null,
    null,
    null,
    null,
    null,
    null,
    null,
    null,
    null,
    null,
    null,
    null,
    null,
    null,
    null,
    null,
    null,
    null,
    null,
    null,
    null,
    null,
    null,
    null,
    null,
    null,
    null,
    null,
    null,
    null,
    null,
    null,
    null,
    null,
    null,
    null,
    null,
    null,
    null,
    null,
    null,
    null,
    null,
    null,
    null,
    null,
    null,
    null,
    null,
    null,
    null,
    null,
    null,
    null,
    null,
    null,
    null,
    null,
    null,
    null,
    null,
    null,
    null,
    null,
    null,
    null,
    null,
    null,
    null,
    null,
    null,
    null,
    null,
    null,
    null,
    null,
    null,
    null,
    null,
    null,
    null,
    null,
    null,
    null,
    null,
    null,
    null,
    null
  ],
  "tabAmounts": [
    327,
    0,
    0,
    0,
    0,
    0,
    0,
    0,
    0,
    0
  ],
  "inventory": [
    null,
    null,
    null,
    null,
    null,
    null,
    null,
    null,
    null,
    null,
    null,
    null,
    null,
    null,
    null,
    null,
    null,
    null,
    null,
    null,
    null,
    null,
    null,
    null,
    null,
    null,
    null,
    null
  ],
  "equipment": [
    null,
    null,
    null,
    {
      "id": 12773,
      "amount": 1
    },
    null,
    null,
    null,
    null,
    null,
    null,
    null,
    null,
    null,
    null
  ],
  "lootingBag": [],
  "shopItems": [
    {
      "id": 4088,
      "amount": 1
    },
    {
      "id": 6603,
      "amount": 1
    },
    {
      "id": 212,
      "amount": 68
    },
    {
      "id": 4720,
      "amount": 1
    },
    {
      "id": 12371,
      "amount": 1
    },
    {
      "id": 12006,
      "amount": 1
    },
    {
      "id": 9242,
      "amount": 67
    },
    {
      "id": 9244,
      "amount": 7378
    },
    {
      "id": 11230,
      "amount": 10027
    },
    {
      "id": 12026,
      "amount": 1
    },
    {
      "id": 11838,
      "amount": 2
    },
    {
      "id": 535,
      "amount": 1000
    },
    {
      "id": 564,
      "amount": 378
    },
    null,
    null,
    null,
    null,
    null,
    null,
    null,
    null,
    null,
    null,
    null,
    null,
    null,
    null,
    null,
    null,
    null,
    null,
    null,
    null,
    null,
    null,
    null
  ],
  "shopPrices": [
    7500000,
    15000000,
    7000,
    25000000,
    10000000,
    50000000,
    3000,
    4500,
    3200,
    20000000,
    2000000,
    2000,
    5000,
    0,
    0,
    0,
    0,
    0,
    0,
    0,
    0,
    0,
    0,
    0,
    0,
    0,
    0,
    0,
    0,
    0,
    0,
    0,
    0,
    0,
    0,
    0
  ],
  "pouches": [
    0,
    0,
    0,
    0
  ]
}