{
  "bank": [
    {
      "id": 1351,
      "amount": 1
    },
    {
      "id": 590,
      "amount": 1
    },
    {
      "id": 1925,
      "amount": 1
    },
    {
      "id": 1931,
      "amount": 1
    },
    {
      "id": 2309,
      "amount": 1
    },
    {
      "id": 1205,
      "amount": 1
    },
    {
      "id": 556,
      "amount": 25
    },
    {
      "id": 555,
      "amount": 6
    },
    {
      "id": 557,
      "amount": 4
    },
    {
      "id": 559,
      "amount": 2
    },
    {
      "id": 411,
      "amount": 2
    },
    {
      "id": 323,
      "amount": 3
    },
    {
      "id": 319,
      "amount": 3
    },
    {
      "id": 303,
      "amount": 1
    },
    {
      "id": 1171,
      "amount": 1
    },
    {
      "id": 12810,
      "amount": 1
    },
    {
      "id": 10820,
      "amount": 1
    },
    {
      "id": 10816,
      "amount": 1
    },
    {
      "id": 1277,
      "amount": 1
    },
    {
      "id": 841,
      "amount": 1
    },
    {
      "id": 882,
      "amount": 11
    },
    {
      "id": 1747,
      "amount": 17
    },
    {
      "id": 11992,
      "amount": 12
    },
    {
      "id": 4699,
      "amount": 43
    },
    {
      "id": 1623,
      "amount": 3
    },
    {
      "id": 1617,
      "amount": 2
    },
    {
      "id": 806,
      "amount": 379
    },
    {
      "id": 830,
      "amount": 65
    },
    {
      "id": 1093,
      "amount": 2
    },
    {
      "id": 2641,
      "amount": 1
    },
    {
      "id": 13307,
      "amount": 38269
    },
    {
      "id": 1183,
      "amount": 1
    },
    {
      "id": 12303,
      "amount": 1
    },
    {
      "id": 1161,
      "amount": 1
    },
    {
      "id": 10438,
      "amount": 1
    },
    {
      "id": 10300,
      "amount": 1
    },
    {
      "id": 1073,
      "amount": 1
    },
    {
      "id": 12299,
      "amount": 1
    },
    {
      "id": 1442,
      "amount": 2
    },
    {
      "id": 554,
      "amount": 1075
    },
    {
      "id": 563,
      "amount": 45
    },
    {
      "id": 5553,
      "amount": 1
    },
    {
      "id": 1635,
      "amount": 1
    },
    {
      "id": 2493,
      "amount": 1
    },
    {
      "id": 6328,
      "amount": 1
    },
    {
      "id": 868,
      "amount": 4
    },
    {
      "id": 10499,
      "amount": 1
    },
    {
      "id": 12203,
      "amount": 1
    },
    {
      "id": 1540,
      "amount": 1
    },
    {
      "id": 6109,
      "amount": 1
    },
    {
      "id": 560,
      "amount": 2453
    },
    {
      "id": 562,
      "amount": 493
    },
    {
      "id": 558,
      "amount": 110
    },
    {
      "id": 561,
      "amount": 979
    },
    {
      "id": 45,
      "amount": 5
    },
    {
      "id": 1969,
      "amount": 1
    },
    {
      "id": 1615,
      "amount": 1
    },
    {
      "id": 886,
      "amount": 150
    },
    {
      "id": 1387,
      "amount": 1
    },
    {
      "id": 565,
      "amount": 1474
    },
    {
      "id": 1381,
      "amount": 1
    },
    {
      "id": 6107,
      "amount": 1
    },
    {
      "id": 6108,
      "amount": 1
    },
    {
      "id": 6110,
      "amount": 1
    },
    {
      "id": 6106,
      "amount": 1
    },
    {
      "id": 6111,
      "amount": 1
    },
    {
      "id": 2349,
      "amount": 1
    },
    {
      "id": 39,
      "amount": 150
    },
    {
      "id": 12811,
      "amount": 1
    },
    {
      "id": 12812,
      "amount": 1
    },
    {
      "id": 1275,
      "amount": 2
    },
    {
      "id": 2801,
      "amount": 1
    },
    {
      "id": 453,
      "amount": 72
    },
    {
      "id": 2353,
      "amount": 1
    },
    {
      "id": 2347,
      "amount": 1
    },
    {
      "id": 865,
      "amount": 405
    },
    {
      "id": 819,
      "amount": 5
    },
    {
      "id": 1313,
      "amount": 1
    },
    {
      "id": 952,
      "amount": 1
    },
    {
      "id": 1462,
      "amount": 1
    },
    {
      "id": 1283,
      "amount": 1
    },
    {
      "id": 1129,
      "amount": 1
    },
    {
      "id": 1446,
      "amount": 1
    },
    {
      "id": 1621,
      "amount": 6
    },
    {
      "id": 12608,
      "amount": 1
    },
    {
      "id": 314,
      "amount": 1009
    },
    {
      "id": 139,
      "amount": 30
    },
    {
      "id": 231,
      "amount": 8
    },
    {
      "id": 309,
      "amount": 1
    },
    {
      "id": 1731,
      "amount": 1
    },
    {
      "id": 20166,
      "amount": 1
    },
    {
      "id": 305,
      "amount": 1
    },
    {
      "id": 335,
      "amount": 25
    },
    {
      "id": 331,
      "amount": 1
    },
    {
      "id": 359,
      "amount": 341
    },
    {
      "id": 371,
      "amount": 240
    },
    {
      "id": 658,
      "amount": 1
    },
    {
      "id": 2723,
      "amount": 1
    },
    {
      "id": 2807,
      "amount": 1
    },
    {
      "id": 2684,
      "amount": 1
    },
    {
      "id": 13650,
      "amount": 2
    },
    {
      "id": 13648,
      "amount": 4
    },
    {
      "id": 13649,
      "amount": 1
    },
    {
      "id": 1571,
      "amount": 1
    },
    {
      "id": 211,
      "amount": 60
    },
    {
      "id": 213,
      "amount": 30
    },
    {
      "id": 215,
      "amount": 30
    },
    {
      "id": 217,
      "amount": 32
    },
    {
      "id": 219,
      "amount": 30
    },
    {
      "id": 227,
      "amount": 713
    },
    {
      "id": 233,
      "amount": 1
    },
    {
      "id": 121,
      "amount": 52
    },
    {
      "id": 11840,
      "amount": 1
    },
    {
      "id": 97,
      "amount": 50
    },
    {
      "id": 101,
      "amount": 50
    },
    {
      "id": 115,
      "amount": 52
    },
    {
      "id": 175,
      "amount": 53
    },
    {
      "id": 199,
      "amount": 25
    },
    {
      "id": 201,
      "amount": 25
    },
    {
      "id": 203,
      "amount": 25
    },
    {
      "id": 205,
      "amount": 25
    },
    {
      "id": 209,
      "amount": 25
    },
    {
      "id": 995,
      "amount": 500000
    },
    {
      "id": 1147,
      "amount": 1
    },
    {
      "id": 10286,
      "amount": 1
    },
    {
      "id": 1436,
      "amount": 1113
    },
    {
      "id": 377,
      "amount": 50
    },
    {
      "id": 13320,
      "amount": 1
    },
    null,
    null,
    null,
    null,
    null,
    null,
    null,
    null,
    null,
    null,
    null,
    null,
    null,
    null,
    null,
    null,
    null,
    null,
    null,
    null,
    null,
    null,
    null,
    null,
    null,
    null,
    null,
    null,
    null,
    null,
    null,
    null,
    null,
    null,
    null,
    null,
    null,
    null,
    null,
    null,
    null,
    null,
    null,
    null,
    null,
    null,
    null,
    null,
    null,
    null,
    null,
    null,
    null,
    null,
    null,
    null,
    null,
    null,
    null,
    null,
    null,
    null,
    null,
    null,
    null,
    null,
    null,
    null,
    null,
    null,
    null,
    null,
    null,
    null,
    null,
    null,
    null,
    null,
    null,
    null,
    null,
    null,
    null,
    null,
    null,
    null,
    null,
    null,
    null,
    null,
    null,
    null,
    null,
    null,
    null,
    null,
    null,
    null,
    null,
    null,
    null,
    null,
    null,
    null,
    null,
    null,
    null,
    null,
    null,
    null,
    null,
    null,
    null,
    null,
    null,
    null,
    null,
    null,
    null,
    null,
    null,
    null,
    null,
    null,
    null,
    null,
    null,
    null,
    null,
    null,
    null,
    null,
    null,
    null,
    null,
    null,
    null,
    null,
    null,
    null,
    null,
    null,
    null,
    null,
    null,
    null,
    null,
    null,
    null,
    null,
    null,
    null,
    null,
    null,
    null,
    null,
    null,
    null,
    null,
    null,
    null,
    null,
    null,
    null,
    null,
    null,
    null,
    null,
    null,
    null,
    null,
    null,
    null,
    null,
    null,
    null,
    null,
    null,
    null,
    null,
    null,
    null,
    null,
    null,
    null,
    null,
    null,
    null,
    null,
    null,
    null,
    null,
    null,
    null,
    null,
    null,
    null,
    null,
    null,
    null,
    null,
    null,
    null,
    null,
    null,
    null,
    null,
    null,
    null,
    null,
    null,
    null,
    null,
    null,
    null,
    null,
    null,
    null,
    null,
    null,
    null,
    null
  ],
  "tabAmounts": [
    127,
    0,
    0,
    0,
    0,
    0,
    0,
    0,
    0,
    0
  ],
  "inventory": [
    {
      "id": 311,
      "amount": 1
    },
    {
      "id": 371,
      "amount": 1
    },
    {
      "id": 371,
      "amount": 1
    },
    {
      "id": 371,
      "amount": 1
    },
    {
      "id": 359,
      "amount": 1
    },
    {
      "id": 359,
      "amount": 1
    },
    {
      "id": 359,
      "amount": 1
    },
    {
      "id": 371,
      "amount": 1
    },
    {
      "id": 359,
      "amount": 1
    },
    {
      "id": 371,
      "amount": 1
    },
    {
      "id": 371,
      "amount": 1
    },
    {
      "id": 359,
      "amount": 1
    },
    {
      "id": 371,
      "amount": 1
    },
    {
      "id": 359,
      "amount": 1
    },
    {
      "id": 371,
      "amount": 1
    },
    {
      "id": 13649,
      "amount": 1
    },
    {
      "id": 371,
      "amount": 1
    },
    {
      "id": 359,
      "amount": 1
    },
    {
      "id": 371,
      "amount": 1
    },
    {
      "id": 371,
      "amount": 1
    },
    {
      "id": 359,
      "amount": 1
    },
    {
      "id": 359,
      "amount": 1
    },
    {
      "id": 371,
      "amount": 1
    },
    {
      "id": 359,
      "amount": 1
    },
    {
      "id": 359,
      "amount": 1
    },
    {
      "id": 359,
      "amount": 1
    },
    {
      "id": 371,
      "amount": 1
    },
    {
      "id": 359,
      "amount": 1
    }
  ],
  "equipment": [
    null,
    null,
    null,
    null,
    null,
    null,
    null,
    null,
    null,
    null,
    null,
    null,
    null,
    null
  ],
  "shopItems": [
    null,
    null,
    null,
    null,
    null,
    null,
    null,
    null,
    null,
    null,
    null,
    null,
    null,
    null,
    null,
    null,
    null,
    null,
    null,
    null,
    null,
    null,
    null,
    null,
    null,
    null,
    null,
    null,
    null,
    null,
    null,
    null,
    null,
    null,
    null,
    null
  ],
  "shopPrices": [
    0,
    0,
    0,
    0,
    0,
    0,
    0,
    0,
    0,
    0,
    0,
    0,
    0,
    0,
    0,
    0,
    0,
    0,
    0,
    0,
    0,
    0,
    0,
    0,
    0,
    0,
    0,
    0,
    0,
    0,
    0,
    0,
    0,
    0,
    0,
    0
  ],
  "pouches": [
    0,
    0,
    0,
    0
  ]
}