{
  "bank": [
    {
      "id": 385,
      "amount": 36
    },
    {
      "id": 2436,
      "amount": 10
    },
    {
      "id": 2440,
      "amount": 10
    },
    {
      "id": 2442,
      "amount": 20
    },
    {
      "id": 2444,
      "amount": 10
    },
    {
      "id": 3040,
      "amount": 10
    },
    {
      "id": 3024,
      "amount": 10
    },
    {
      "id": 13137,
      "amount": 1
    },
    {
      "id": 11136,
      "amount": 1
    },
    {
      "id": 315,
      "amount": 29
    },
    {
      "id": 1203,
      "amount": 4
    },
    {
      "id": 1436,
      "amount": 23
    },
    {
      "id": 303,
      "amount": 1
    },
    {
      "id": 2723,
      "amount": 2
    },
    {
      "id": 323,
      "amount": 1
    },
    {
      "id": 319,
      "amount": 12
    },
    {
      "id": 438,
      "amount": 5
    },
    {
      "id": 434,
      "amount": 2
    },
    {
      "id": 668,
      "amount": 6
    },
    {
      "id": 9706,
      "amount": 499
    },
    {
      "id": 563,
      "amount": 95
    },
    {
      "id": 562,
      "amount": 84
    },
    {
      "id": 555,
      "amount": 243
    },
    {
      "id": 561,
      "amount": 27
    },
    {
      "id": 554,
      "amount": 237
    },
    {
      "id": 557,
      "amount": 238
    },
    {
      "id": 556,
      "amount": 209
    },
    {
      "id": 558,
      "amount": 248
    },
    {
      "id": 436,
      "amount": 1
    },
    {
      "id": 6106,
      "amount": 1
    },
    {
      "id": 841,
      "amount": 1
    },
    {
      "id": 407,
      "amount": 2
    },
    {
      "id": 13129,
      "amount": 1
    },
    {
      "id": 13112,
      "amount": 1
    },
    {
      "id": 13104,
      "amount": 1
    },
    {
      "id": 9185,
      "amount": 1
    },
    {
      "id": 857,
      "amount": 1
    },
    {
      "id": 853,
      "amount": 1
    },
    {
      "id": 5323,
      "amount": 2
    },
    {
      "id": 411,
      "amount": 1
    },
    {
      "id": 13307,
      "amount": 16630
    },
    {
      "id": 987,
      "amount": 4
    },
    {
      "id": 843,
      "amount": 1
    },
    {
      "id": 1558,
      "amount": 1
    },
    {
      "id": 255,
      "amount": 1
    },
    {
      "id": 253,
      "amount": 1
    },
    {
      "id": 1540,
      "amount": 1
    },
    {
      "id": 884,
      "amount": 52
    },
    {
      "id": 892,
      "amount": 111
    },
    {
      "id": 9142,
      "amount": 104
    },
    {
      "id": 888,
      "amount": 9
    },
    {
      "id": 886,
      "amount": 108
    },
    {
      "id": 890,
      "amount": 88
    },
    {
      "id": 542,
      "amount": 1
    },
    {
      "id": 1462,
      "amount": 1
    },
    {
      "id": 249,
      "amount": 2
    },
    {
      "id": 1153,
      "amount": 1
    },
    {
      "id": 829,
      "amount": 20
    },
    {
      "id": 863,
      "amount": 444
    },
    {
      "id": 11849,
      "amount": 23
    },
    {
      "id": 1917,
      "amount": 1
    },
    {
      "id": 2996,
      "amount": 129
    },
    {
      "id": 544,
      "amount": 1
    },
    {
      "id": 1319,
      "amount": 1
    },
    {
      "id": 401,
      "amount": 1
    },
    {
      "id": 4155,
      "amount": 1
    },
    {
      "id": 1751,
      "amount": 5
    },
    {
      "id": 534,
      "amount": 1
    },
    {
      "id": 1734,
      "amount": 1
    },
    {
      "id": 1733,
      "amount": 1
    },
    {
      "id": 6111,
      "amount": 1
    },
    {
      "id": 6110,
      "amount": 1
    },
    {
      "id": 6603,
      "amount": 1
    },
    {
      "id": 5324,
      "amount": 4
    },
    {
      "id": 5318,
      "amount": 1
    },
    {
      "id": 2487,
      "amount": 1
    },
    {
      "id": 2493,
      "amount": 1
    },
    {
      "id": 4012,
      "amount": 1
    },
    {
      "id": 2499,
      "amount": 1
    },
    {
      "id": 2491,
      "amount": 1
    },
    {
      "id": 2497,
      "amount": 1
    },
    {
      "id": 2503,
      "amount": 1
    },
    {
      "id": 2649,
      "amount": 1
    },
    {
      "id": 209,
      "amount": 3
    },
    {
      "id": 371,
      "amount": 47
    },
    {
      "id": 560,
      "amount": 45
    },
    {
      "id": 2489,
      "amount": 1
    },
    {
      "id": 2446,
      "amount": 4
    },
    {
      "id": 1621,
      "amount": 1
    },
    {
      "id": 1623,
      "amount": 1
    },
    {
      "id": 199,
      "amount": 17
    },
    {
      "id": 229,
      "amount": 2
    },
    {
      "id": 592,
      "amount": 1
    },
    {
      "id": 13133,
      "amount": 1
    },
    {
      "id": 13125,
      "amount": 1
    },
    {
      "id": 453,
      "amount": 44
    },
    {
      "id": 995,
      "amount": 1781383
    },
    null,
    null,
    null,
    null,
    null,
    null,
    null,
    null,
    null,
    null,
    null,
    null,
    null,
    null,
    null,
    null,
    null,
    null,
    null,
    null,
    null,
    null,
    null,
    null,
    null,
    null,
    null,
    null,
    null,
    null,
    null,
    null,
    null,
    null,
    null,
    null,
    null,
    null,
    null,
    null,
    null,
    null,
    null,
    null,
    null,
    null,
    null,
    null,
    null,
    null,
    null,
    null,
    null,
    null,
    null,
    null,
    null,
    null,
    null,
    null,
    null,
    null,
    null,
    null,
    null,
    null,
    null,
    null,
    null,
    null,
    null,
    null,
    null,
    null,
    null,
    null,
    null,
    null,
    null,
    null,
    null,
    null,
    null,
    null,
    null,
    null,
    null,
    null,
    null,
    null,
    null,
    null,
    null,
    null,
    null,
    null,
    null,
    null,
    null,
    null,
    null,
    null,
    null,
    null,
    null,
    null,
    null,
    null,
    null,
    null,
    null,
    null,
    null,
    null,
    null,
    null,
    null,
    null,
    null,
    null,
    null,
    null,
    null,
    null,
    null,
    null,
    null,
    null,
    null,
    null,
    null,
    null,
    null,
    null,
    null,
    null,
    null,
    null,
    null,
    null,
    null,
    null,
    null,
    null,
    null,
    null,
    null,
    null,
    null,
    null,
    null,
    null,
    null,
    null,
    null,
    null,
    null,
    null,
    null,
    null,
    null,
    null,
    null,
    null,
    null,
    null,
    null,
    null,
    null,
    null,
    null,
    null,
    null,
    null,
    null,
    null,
    null,
    null,
    null,
    null,
    null,
    null,
    null,
    null,
    null,
    null,
    null,
    null,
    null,
    null,
    null,
    null,
    null,
    null,
    null,
    null,
    null,
    null,
    null,
    null,
    null,
    null,
    null,
    null,
    null,
    null,
    null,
    null,
    null,
    null,
    null,
    null,
    null,
    null,
    null,
    null,
    null,
    null,
    null,
    null,
    null,
    null,
    null,
    null,
    null,
    null,
    null,
    null,
    null,
    null,
    null,
    null,
    null,
    null,
    null,
    null,
    null,
    null,
    null,
    null,
    null,
    null,
    null,
    null,
    null,
    null,
    null,
    null,
    null,
    null,
    null,
    null,
    null
  ],
  "tabAmounts": [
    97,
    0,
    0,
    0,
    0,
    0,
    0,
    0,
    0,
    0
  ],
  "inventory": [
    {
      "id": 4099,
      "amount": 1
    },
    {
      "id": 668,
      "amount": 1
    },
    {
      "id": 668,
      "amount": 1
    },
    {
      "id": 668,
      "amount": 1
    },
    {
      "id": 453,
      "amount": 1
    },
    {
      "id": 453,
      "amount": 1
    },
    {
      "id": 453,
      "amount": 1
    },
    {
      "id": 453,
      "amount": 1
    },
    {
      "id": 453,
      "amount": 1
    },
    {
      "id": 668,
      "amount": 1
    },
    {
      "id": 861,
      "amount": 1
    },
    {
      "id": 453,
      "amount": 1
    },
    {
      "id": 453,
      "amount": 1
    },
    {
      "id": 453,
      "amount": 1
    },
    {
      "id": 2495,
      "amount": 1
    },
    {
      "id": 2501,
      "amount": 1
    },
    {
      "id": 10499,
      "amount": 1
    },
    {
      "id": 801,
      "amount": 157
    },
    {
      "id": 1215,
      "amount": 1
    },
    {
      "id": 12013,
      "amount": 1
    },
    null,
    null,
    null,
    null,
    null,
    null,
    null,
    null
  ],
  "equipment": [
    {
      "id": 2641,
      "amount": 1
    },
    null,
    null,
    {
      "id": 1267,
      "amount": 1
    },
    {
      "id": 4101,
      "amount": 1
    },
    {
      "id": 1201,
      "amount": 1
    },
    null,
    {
      "id": 4103,
      "amount": 1
    },
    null,
    {
      "id": 20134,
      "amount": 1
    },
    null,
    null,
    null,
    {
      "id": 888,
      "amount": 466
    }
  ],
  "shopItems": [
    null,
    null,
    null,
    null,
    null,
    null,
    null,
    null,
    null,
    null,
    null,
    null,
    null,
    null,
    null,
    null,
    null,
    null,
    null,
    null,
    null,
    null,
    null,
    null,
    null,
    null,
    null,
    null,
    null,
    null,
    null,
    null,
    null,
    null,
    null,
    null
  ],
  "shopPrices": [
    0,
    0,
    0,
    0,
    0,
    0,
    0,
    0,
    0,
    0,
    0,
    0,
    0,
    0,
    0,
    0,
    0,
    0,
    0,
    0,
    0,
    0,
    0,
    0,
    0,
    0,
    0,
    0,
    0,
    0,
    0,
    0,
    0,
    0,
    0,
    0
  ],
  "pouches": [
    0,
    0,
    0,
    0
  ]
}