{
  "bank": [
    {
      "id": 2436,
      "amount": 10
    },
    {
      "id": 2440,
      "amount": 10
    },
    {
      "id": 2442,
      "amount": 10
    },
    {
      "id": 2444,
      "amount": 10
    },
    {
      "id": 3024,
      "amount": 10
    },
    {
      "id": 205,
      "amount": 119
    },
    {
      "id": 211,
      "amount": 49
    },
    {
      "id": 215,
      "amount": 73
    },
    {
      "id": 217,
      "amount": 93
    },
    {
      "id": 209,
      "amount": 82
    },
    {
      "id": 556,
      "amount": 2887
    },
    {
      "id": 563,
      "amount": 1319
    },
    {
      "id": 4012,
      "amount": 18
    },
    {
      "id": 199,
      "amount": 62
    },
    {
      "id": 13104,
      "amount": 1
    },
    {
      "id": 13112,
      "amount": 1
    },
    {
      "id": 13129,
      "amount": 1
    },
    {
      "id": 45,
      "amount": 20
    },
    {
      "id": 438,
      "amount": 9
    },
    {
      "id": 440,
      "amount": 17
    },
    {
      "id": 436,
      "amount": 7
    },
    {
      "id": 2366,
      "amount": 5
    },
    {
      "id": 2434,
      "amount": 62
    },
    {
      "id": 2432,
      "amount": 2
    },
    {
      "id": 2428,
      "amount": 2
    },
    {
      "id": 2890,
      "amount": 2
    },
    {
      "id": 1621,
      "amount": 66
    },
    {
      "id": 1617,
      "amount": 862
    },
    {
      "id": 2645,
      "amount": 4
    },
    {
      "id": 1349,
      "amount": 4
    },
    {
      "id": 3040,
      "amount": 9
    },
    {
      "id": 229,
      "amount": 8
    },
    {
      "id": 2803,
      "amount": 1
    },
    {
      "id": 1193,
      "amount": 2
    },
    {
      "id": 1189,
      "amount": 1
    },
    {
      "id": 1117,
      "amount": 1
    },
    {
      "id": 892,
      "amount": 168
    },
    {
      "id": 5323,
      "amount": 14
    },
    {
      "id": 251,
      "amount": 3
    },
    {
      "id": 884,
      "amount": 6
    },
    {
      "id": 7936,
      "amount": 440
    },
    {
      "id": 5318,
      "amount": 4
    },
    {
      "id": 5319,
      "amount": 28
    },
    {
      "id": 5322,
      "amount": 3
    },
    {
      "id": 5324,
      "amount": 8
    },
    {
      "id": 9190,
      "amount": 12
    },
    {
      "id": 1069,
      "amount": 1
    },
    {
      "id": 1201,
      "amount": 8
    },
    {
      "id": 1025,
      "amount": 9
    },
    {
      "id": 4131,
      "amount": 6
    },
    {
      "id": 1133,
      "amount": 1
    },
    {
      "id": 1157,
      "amount": 3
    },
    {
      "id": 1083,
      "amount": 2
    },
    {
      "id": 1119,
      "amount": 3
    },
    {
      "id": 579,
      "amount": 2
    },
    {
      "id": 315,
      "amount": 1020
    },
    {
      "id": 558,
      "amount": 1169
    },
    {
      "id": 557,
      "amount": 3127
    },
    {
      "id": 555,
      "amount": 2910
    },
    {
      "id": 1185,
      "amount": 3
    },
    {
      "id": 1059,
      "amount": 5
    },
    {
      "id": 1103,
      "amount": 2
    },
    {
      "id": 407,
      "amount": 4
    },
    {
      "id": 3842,
      "amount": 3
    },
    {
      "id": 2635,
      "amount": 5
    },
    {
      "id": 1191,
      "amount": 3
    },
    {
      "id": 13307,
      "amount": 69698
    },
    {
      "id": 2503,
      "amount": 2
    },
    {
      "id": 2497,
      "amount": 2
    },
    {
      "id": 2491,
      "amount": 2
    },
    {
      "id": 1307,
      "amount": 2
    },
    {
      "id": 1641,
      "amount": 4
    },
    {
      "id": 2550,
      "amount": 5
    },
    {
      "id": 590,
      "amount": 3
    },
    {
      "id": 1511,
      "amount": 23
    },
    {
      "id": 561,
      "amount": 5712
    },
    {
      "id": 4099,
      "amount": 1
    },
    {
      "id": 4103,
      "amount": 1
    },
    {
      "id": 1163,
      "amount": 6
    },
    {
      "id": 4101,
      "amount": 1
    },
    {
      "id": 4107,
      "amount": 1
    },
    {
      "id": 2417,
      "amount": 1
    },
    {
      "id": 1075,
      "amount": 1
    },
    {
      "id": 227,
      "amount": 1
    },
    {
      "id": 263,
      "amount": 3
    },
    {
      "id": 249,
      "amount": 5
    },
    {
      "id": 1153,
      "amount": 2
    },
    {
      "id": 1079,
      "amount": 3
    },
    {
      "id": 1147,
      "amount": 1
    },
    {
      "id": 7416,
      "amount": 4
    },
    {
      "id": 7418,
      "amount": 7
    },
    {
      "id": 853,
      "amount": 1
    },
    {
      "id": 2723,
      "amount": 1
    },
    {
      "id": 1247,
      "amount": 1
    },
    {
      "id": 8788,
      "amount": 87
    },
    {
      "id": 5075,
      "amount": 3
    },
    {
      "id": 6106,
      "amount": 1
    },
    {
      "id": 6108,
      "amount": 1
    },
    {
      "id": 6107,
      "amount": 1
    },
    {
      "id": 6109,
      "amount": 1
    },
    {
      "id": 2809,
      "amount": 1
    },
    {
      "id": 1540,
      "amount": 2
    },
    {
      "id": 1623,
      "amount": 7
    },
    {
      "id": 2641,
      "amount": 4
    },
    {
      "id": 2363,
      "amount": 21
    },
    {
      "id": 830,
      "amount": 10
    },
    {
      "id": 1635,
      "amount": 2
    },
    {
      "id": 4111,
      "amount": 1
    },
    {
      "id": 4109,
      "amount": 1
    },
    {
      "id": 4113,
      "amount": 1
    },
    {
      "id": 4117,
      "amount": 1
    },
    {
      "id": 4675,
      "amount": 1
    },
    {
      "id": 253,
      "amount": 4
    },
    {
      "id": 451,
      "amount": 13
    },
    {
      "id": 2639,
      "amount": 3
    },
    {
      "id": 5557,
      "amount": 2
    },
    {
      "id": 2996,
      "amount": 55
    },
    {
      "id": 1377,
      "amount": 1
    },
    {
      "id": 11849,
      "amount": 6
    },
    {
      "id": 13137,
      "amount": 1
    },
    {
      "id": 1093,
      "amount": 6
    },
    {
      "id": 20166,
      "amount": 4
    },
    {
      "id": 1311,
      "amount": 1
    },
    {
      "id": 1113,
      "amount": 4
    },
    {
      "id": 1355,
      "amount": 1
    },
    {
      "id": 1265,
      "amount": 1
    },
    {
      "id": 2501,
      "amount": 1
    },
    {
      "id": 2495,
      "amount": 1
    },
    {
      "id": 2489,
      "amount": 1
    },
    {
      "id": 4747,
      "amount": 1
    },
    {
      "id": 1925,
      "amount": 1
    },
    {
      "id": 6145,
      "amount": 2
    },
    {
      "id": 6129,
      "amount": 2
    },
    {
      "id": 6130,
      "amount": 2
    },
    {
      "id": 1931,
      "amount": 1
    },
    {
      "id": 12197,
      "amount": 1
    },
    {
      "id": 1383,
      "amount": 1
    },
    {
      "id": 2679,
      "amount": 1
    },
    {
      "id": 6328,
      "amount": 1
    },
    {
      "id": 9705,
      "amount": 1
    },
    {
      "id": 1373,
      "amount": 2
    },
    {
      "id": 11941,
      "amount": 1
    },
    {
      "id": 1267,
      "amount": 2
    },
    {
      "id": 1319,
      "amount": 2
    },
    {
      "id": 12496,
      "amount": 1
    },
    {
      "id": 13121,
      "amount": 1
    },
    {
      "id": 4587,
      "amount": 2
    },
    {
      "id": 1061,
      "amount": 4
    },
    {
      "id": 562,
      "amount": 605
    },
    {
      "id": 560,
      "amount": 1693
    },
    {
      "id": 1963,
      "amount": 11
    },
    {
      "id": 1127,
      "amount": 6
    },
    {
      "id": 5556,
      "amount": 2
    },
    {
      "id": 1387,
      "amount": 2
    },
    {
      "id": 391,
      "amount": 475
    },
    {
      "id": 6111,
      "amount": 1
    },
    {
      "id": 4759,
      "amount": 1
    },
    {
      "id": 829,
      "amount": 20
    },
    {
      "id": 1249,
      "amount": 2
    },
    {
      "id": 411,
      "amount": 4
    },
    {
      "id": 6055,
      "amount": 36
    },
    {
      "id": 6036,
      "amount": 5
    },
    {
      "id": 5304,
      "amount": 511
    },
    {
      "id": 409,
      "amount": 5
    },
    {
      "id": 2655,
      "amount": 1
    },
    {
      "id": 2653,
      "amount": 1
    },
    {
      "id": 526,
      "amount": 13
    },
    {
      "id": 9756,
      "amount": 12
    },
    {
      "id": 10010,
      "amount": 1
    },
    {
      "id": 1733,
      "amount": 1
    },
    {
      "id": 1761,
      "amount": 1
    },
    {
      "id": 1759,
      "amount": 1
    },
    {
      "id": 379,
      "amount": 27
    },
    {
      "id": 2007,
      "amount": 1
    },
    {
      "id": 946,
      "amount": 1
    },
    {
      "id": 1779,
      "amount": 1
    },
    {
      "id": 1755,
      "amount": 1
    },
    {
      "id": 11260,
      "amount": 2
    },
    {
      "id": 9672,
      "amount": 1
    },
    {
      "id": 9674,
      "amount": 1
    },
    {
      "id": 9678,
      "amount": 1
    },
    {
      "id": 9706,
      "amount": 418
    },
    {
      "id": 143,
      "amount": 3
    },
    {
      "id": 863,
      "amount": 2
    },
    {
      "id": 1436,
      "amount": 2000
    },
    {
      "id": 1187,
      "amount": 2
    },
    {
      "id": 1987,
      "amount": 1
    },
    {
      "id": 1917,
      "amount": 1
    },
    {
      "id": 559,
      "amount": 2
    },
    {
      "id": 10444,
      "amount": 1
    },
    {
      "id": 566,
      "amount": 2000
    },
    {
      "id": 9757,
      "amount": 1
    },
    {
      "id": 1556,
      "amount": 1
    },
    {
      "id": 5341,
      "amount": 1
    },
    {
      "id": 9142,
      "amount": 1477
    },
    {
      "id": 6528,
      "amount": 1
    },
    {
      "id": 845,
      "amount": 1
    },
    {
      "id": 401,
      "amount": 1
    },
    {
      "id": 985,
      "amount": 2
    },
    {
      "id": 2649,
      "amount": 4
    },
    {
      "id": 1619,
      "amount": 66
    },
    {
      "id": 1639,
      "amount": 1
    },
    {
      "id": 259,
      "amount": 2
    },
    {
      "id": 19683,
      "amount": 1
    },
    {
      "id": 1517,
      "amount": 31
    },
    {
      "id": 1696,
      "amount": 1
    },
    {
      "id": 1643,
      "amount": 1
    },
    {
      "id": 9749,
      "amount": 1
    },
    {
      "id": 554,
      "amount": 2499
    },
    {
      "id": 1237,
      "amount": 1
    },
    {
      "id": 12026,
      "amount": 1
    },
    {
      "id": 139,
      "amount": 3
    },
    {
      "id": 1361,
      "amount": 1
    },
    {
      "id": 133,
      "amount": 1
    },
    {
      "id": 255,
      "amount": 1
    },
    {
      "id": 10378,
      "amount": 1
    },
    {
      "id": 4740,
      "amount": 404
    },
    {
      "id": 12498,
      "amount": 1
    },
    {
      "id": 868,
      "amount": 411
    },
    {
      "id": 1452,
      "amount": 1
    },
    {
      "id": 4751,
      "amount": 1
    },
    {
      "id": 9770,
      "amount": 1
    },
    {
      "id": 9748,
      "amount": 1
    },
    {
      "id": 532,
      "amount": 1
    },
    {
      "id": 1173,
      "amount": 1
    },
    {
      "id": 2132,
      "amount": 14
    },
    {
      "id": 1462,
      "amount": 1
    },
    {
      "id": 3840,
      "amount": 5
    },
    {
      "id": 12056,
      "amount": 1
    },
    {
      "id": 6128,
      "amount": 1
    },
    {
      "id": 3844,
      "amount": 1
    },
    {
      "id": 4749,
      "amount": 1
    },
    {
      "id": 9751,
      "amount": 1
    },
    {
      "id": 9752,
      "amount": 1
    },
    {
      "id": 6151,
      "amount": 1
    },
    {
      "id": 542,
      "amount": 1
    },
    {
      "id": 544,
      "amount": 1
    },
    {
      "id": 1197,
      "amount": 1
    },
    {
      "id": 4755,
      "amount": 2
    },
    {
      "id": 4753,
      "amount": 1
    },
    {
      "id": 9758,
      "amount": 13
    },
    {
      "id": 10374,
      "amount": 1
    },
    {
      "id": 7158,
      "amount": 1
    },
    {
      "id": 12494,
      "amount": 1
    },
    {
      "id": 12506,
      "amount": 1
    },
    {
      "id": 2673,
      "amount": 1
    },
    {
      "id": 1161,
      "amount": 1
    },
    {
      "id": 1123,
      "amount": 1
    },
    {
      "id": 1091,
      "amount": 1
    },
    {
      "id": 12608,
      "amount": 1
    },
    {
      "id": 6527,
      "amount": 1
    },
    {
      "id": 1305,
      "amount": 1
    },
    {
      "id": 10828,
      "amount": 1
    },
    {
      "id": 1125,
      "amount": 1
    },
    {
      "id": 1077,
      "amount": 1
    },
    {
      "id": 1199,
      "amount": 1
    },
    {
      "id": 1327,
      "amount": 1
    },
    {
      "id": 1165,
      "amount": 1
    },
    {
      "id": 7400,
      "amount": 1
    },
    {
      "id": 395,
      "amount": 104
    },
    {
      "id": 317,
      "amount": 1
    },
    {
      "id": 301,
      "amount": 2
    },
    {
      "id": 13650,
      "amount": 4
    },
    {
      "id": 333,
      "amount": 100
    },
    {
      "id": 10380,
      "amount": 1
    },
    {
      "id": 12199,
      "amount": 1
    },
    {
      "id": 7399,
      "amount": 1
    },
    {
      "id": 13648,
      "amount": 2
    },
    {
      "id": 7398,
      "amount": 1
    },
    {
      "id": 331,
      "amount": 94
    },
    {
      "id": 383,
      "amount": 30
    },
    {
      "id": 13649,
      "amount": 2
    },
    {
      "id": 12363,
      "amount": 1
    },
    {
      "id": 314,
      "amount": 2806
    },
    {
      "id": 309,
      "amount": 1
    },
    {
      "id": 305,
      "amount": 1
    },
    {
      "id": 7944,
      "amount": 52
    },
    {
      "id": 303,
      "amount": 1
    },
    {
      "id": 995,
      "amount": 12568647
    },
    {
      "id": 12612,
      "amount": 1
    },
    {
      "id": 4155,
      "amount": 1
    },
    {
      "id": 20128,
      "amount": 1
    },
    {
      "id": 9769,
      "amount": 1
    },
    {
      "id": 9755,
      "amount": 1
    },
    {
      "id": 4151,
      "amount": 1
    },
    {
      "id": 1605,
      "amount": 27
    },
    {
      "id": 1149,
      "amount": 3
    },
    {
      "id": 2651,
      "amount": 3
    },
    {
      "id": 12203,
      "amount": 1
    },
    {
      "id": 5554,
      "amount": 2
    },
    {
      "id": 1195,
      "amount": 4
    },
    {
      "id": 10499,
      "amount": 3
    },
    {
      "id": 10498,
      "amount": 2
    },
    {
      "id": 952,
      "amount": 1
    },
    {
      "id": 1121,
      "amount": 1
    },
    {
      "id": 1085,
      "amount": 1
    },
    {
      "id": 1159,
      "amount": 1
    },
    {
      "id": 361,
      "amount": 502
    },
    {
      "id": 385,
      "amount": 28
    },
    {
      "id": 371,
      "amount": 278
    },
    {
      "id": 1203,
      "amount": 1
    },
    {
      "id": 1325,
      "amount": 2
    },
    {
      "id": 1654,
      "amount": 1
    },
    {
      "id": 9185,
      "amount": 8
    },
    null,
    null,
    null,
    null,
    null,
    null,
    null,
    null,
    null,
    null,
    null,
    null,
    null,
    null,
    null,
    null,
    null,
    null,
    null,
    null,
    null,
    null,
    null,
    null,
    null,
    null,
    null,
    null,
    null,
    null,
    null,
    null,
    null,
    null,
    null,
    null,
    null,
    null,
    null,
    null,
    null,
    null,
    null,
    null,
    null,
    null
  ],
  "tabAmounts": [
    286,
    4,
    1,
    2,
    1,
    3,
    3,
    2,
    1,
    1
  ],
  "inventory": [
    null,
    null,
    null,
    null,
    null,
    null,
    null,
    null,
    null,
    null,
    null,
    null,
    null,
    null,
    null,
    null,
    null,
    null,
    null,
    null,
    null,
    null,
    null,
    null,
    null,
    null,
    null,
    {
      "id": 1755,
      "amount": 1
    }
  ],
  "equipment": [
    {
      "id": 4745,
      "amount": 1
    },
    {
      "id": 9754,
      "amount": 1
    },
    null,
    {
      "id": 853,
      "amount": 1
    },
    {
      "id": 4720,
      "amount": 1
    },
    null,
    null,
    {
      "id": 4714,
      "amount": 1
    },
    null,
    {
      "id": 11136,
      "amount": 1
    },
    {
      "id": 11840,
      "amount": 1
    },
    null,
    {
      "id": 1639,
      "amount": 1
    },
    {
      "id": 886,
      "amount": 2049
    }
  ],
  "shopItems": [
    null,
    null,
    null,
    null,
    null,
    null,
    null,
    null,
    null,
    null,
    null,
    null,
    null,
    null,
    null,
    null,
    null,
    null,
    null,
    null,
    null,
    null,
    null,
    null,
    null,
    null,
    null,
    null,
    null,
    null,
    null,
    null,
    null,
    null,
    null,
    null
  ],
  "shopPrices": [
    0,
    0,
    0,
    0,
    0,
    0,
    0,
    0,
    0,
    0,
    0,
    0,
    0,
    0,
    0,
    0,
    0,
    0,
    0,
    0,
    0,
    0,
    0,
    0,
    0,
    0,
    0,
    0,
    0,
    0,
    0,
    0,
    0,
    0,
    0,
    0
  ],
  "pouches": [
    0,
    0,
    0,
    0
  ]
}