{
  "bank": [
    {
      "id": 2996,
      "amount": 90
    },
    {
      "id": 6529,
      "amount": 32128
    },
    {
      "id": 12812,
      "amount": 1
    },
    {
      "id": 12811,
      "amount": 1
    },
    {
      "id": 12810,
      "amount": 1
    },
    {
      "id": 1931,
      "amount": 1
    },
    {
      "id": 5075,
      "amount": 4
    },
    {
      "id": 311,
      "amount": 1
    },
    {
      "id": 13249,
      "amount": 10
    },
    {
      "id": 4207,
      "amount": 1
    },
    {
      "id": 12938,
      "amount": 16
    },
    {
      "id": 5325,
      "amount": 1
    },
    {
      "id": 5343,
      "amount": 1
    },
    {
      "id": 5331,
      "amount": 1
    },
    {
      "id": 5341,
      "amount": 1
    },
    {
      "id": 8851,
      "amount": 110
    },
    {
      "id": 13307,
      "amount": 56184
    },
    {
      "id": 946,
      "amount": 1
    },
    {
      "id": 952,
      "amount": 2
    },
    {
      "id": 12789,
      "amount": 29
    },
    {
      "id": 13650,
      "amount": 5
    },
    {
      "id": 13649,
      "amount": 7
    },
    {
      "id": 13648,
      "amount": 10
    },
    {
      "id": 2680,
      "amount": 1
    },
    {
      "id": 2679,
      "amount": 1
    },
    {
      "id": 2681,
      "amount": 1
    },
    {
      "id": 2677,
      "amount": 2
    },
    {
      "id": 2678,
      "amount": 2
    },
    {
      "id": 2682,
      "amount": 1
    },
    {
      "id": 2685,
      "amount": 2
    },
    {
      "id": 2807,
      "amount": 3
    },
    {
      "id": 2809,
      "amount": 1
    },
    {
      "id": 2803,
      "amount": 2
    },
    {
      "id": 2801,
      "amount": 2
    },
    {
      "id": 2805,
      "amount": 6
    },
    {
      "id": 2722,
      "amount": 3
    },
    {
      "id": 2723,
      "amount": 8
    },
    {
      "id": 9808,
      "amount": 1
    },
    {
      "id": 9809,
      "amount": 1
    },
    {
      "id": 5509,
      "amount": 1
    },
    {
      "id": 5512,
      "amount": 1
    },
    {
      "id": 7936,
      "amount": 7624
    },
    {
      "id": 556,
      "amount": 7792
    },
    {
      "id": 555,
      "amount": 25003
    },
    {
      "id": 554,
      "amount": 21501
    },
    {
      "id": 10941,
      "amount": 1
    },
    {
      "id": 10939,
      "amount": 3
    },
    {
      "id": 5510,
      "amount": 1
    },
    {
      "id": 5514,
      "amount": 1
    },
    {
      "id": 557,
      "amount": 21789
    },
    {
      "id": 562,
      "amount": 21868
    },
    {
      "id": 560,
      "amount": 6655
    },
    {
      "id": 561,
      "amount": 1585
    },
    {
      "id": 10940,
      "amount": 2
    },
    {
      "id": 10933,
      "amount": 3
    },
    {
      "id": 12013,
      "amount": 1
    },
    {
      "id": 12014,
      "amount": 1
    },
    {
      "id": 563,
      "amount": 188
    },
    {
      "id": 564,
      "amount": 117
    },
    {
      "id": 566,
      "amount": 1990
    },
    {
      "id": 565,
      "amount": 1858
    },
    {
      "id": 1629,
      "amount": 6
    },
    {
      "id": 1613,
      "amount": 26
    },
    {
      "id": 12016,
      "amount": 1
    },
    {
      "id": 12015,
      "amount": 2
    },
    {
      "id": 4699,
      "amount": 38
    },
    {
      "id": 9075,
      "amount": 10
    },
    {
      "id": 558,
      "amount": 25
    },
    {
      "id": 559,
      "amount": 2
    },
    {
      "id": 1627,
      "amount": 38
    },
    {
      "id": 1611,
      "amount": 3
    },
    {
      "id": 1625,
      "amount": 40
    },
    {
      "id": 1609,
      "amount": 3
    },
    {
      "id": 1623,
      "amount": 196
    },
    {
      "id": 1607,
      "amount": 1
    },
    {
      "id": 1621,
      "amount": 65
    },
    {
      "id": 1605,
      "amount": 1
    },
    {
      "id": 1619,
      "amount": 37
    },
    {
      "id": 1603,
      "amount": 1
    },
    {
      "id": 1617,
      "amount": 266
    },
    {
      "id": 1601,
      "amount": 1
    },
    {
      "id": 1631,
      "amount": 4
    },
    {
      "id": 1615,
      "amount": 2
    },
    {
      "id": 6571,
      "amount": 3
    },
    {
      "id": 6573,
      "amount": 1
    },
    {
      "id": 590,
      "amount": 1
    },
    {
      "id": 1515,
      "amount": 600
    },
    {
      "id": 19669,
      "amount": 428
    },
    {
      "id": 9191,
      "amount": 8
    },
    {
      "id": 1779,
      "amount": 645
    },
    {
      "id": 1761,
      "amount": 4500
    },
    {
      "id": 451,
      "amount": 99
    },
    {
      "id": 1359,
      "amount": 4
    },
    {
      "id": 11874,
      "amount": 10000
    },
    {
      "id": 11232,
      "amount": 13
    },
    {
      "id": 13354,
      "amount": 1
    },
    {
      "id": 9192,
      "amount": 8
    },
    {
      "id": 11237,
      "amount": 3549
    },
    {
      "id": 823,
      "amount": 3510
    },
    {
      "id": 822,
      "amount": 2760
    },
    {
      "id": 453,
      "amount": 1447
    },
    {
      "id": 314,
      "amount": 10246
    },
    {
      "id": 13258,
      "amount": 1
    },
    {
      "id": 2363,
      "amount": 38
    },
    {
      "id": 442,
      "amount": 180
    },
    {
      "id": 1747,
      "amount": 88
    },
    {
      "id": 2359,
      "amount": 1
    },
    {
      "id": 9193,
      "amount": 20
    },
    {
      "id": 225,
      "amount": 5
    },
    {
      "id": 1275,
      "amount": 4
    },
    {
      "id": 9787,
      "amount": 1
    },
    {
      "id": 9788,
      "amount": 1
    },
    {
      "id": 12934,
      "amount": 41490
    },
    {
      "id": 19681,
      "amount": 2
    },
    {
      "id": 20128,
      "amount": 1
    },
    {
      "id": 20137,
      "amount": 2
    },
    {
      "id": 20131,
      "amount": 1
    },
    {
      "id": 11708,
      "amount": 1
    },
    {
      "id": 4155,
      "amount": 5
    },
    {
      "id": 19685,
      "amount": 4
    },
    {
      "id": 20736,
      "amount": 2
    },
    {
      "id": 13233,
      "amount": 2
    },
    {
      "id": 13117,
      "amount": 2
    },
    {
      "id": 6528,
      "amount": 2
    },
    {
      "id": 985,
      "amount": 9
    },
    {
      "id": 536,
      "amount": 12
    },
    {
      "id": 6729,
      "amount": 17
    },
    {
      "id": 532,
      "amount": 12
    },
    {
      "id": 6289,
      "amount": 35
    },
    {
      "id": 1731,
      "amount": 6
    },
    {
      "id": 1249,
      "amount": 1
    },
    {
      "id": 1725,
      "amount": 3
    },
    {
      "id": 12757,
      "amount": 1
    },
    {
      "id": 4962,
      "amount": 1
    },
    {
      "id": 13113,
      "amount": 2
    },
    {
      "id": 19610,
      "amount": 2
    },
    {
      "id": 11335,
      "amount": 1
    },
    {
      "id": 12004,
      "amount": 2
    },
    {
      "id": 11838,
      "amount": 2
    },
    {
      "id": 7416,
      "amount": 18
    },
    {
      "id": 7418,
      "amount": 25
    },
    {
      "id": 1385,
      "amount": 1
    },
    {
      "id": 1305,
      "amount": 1
    },
    {
      "id": 8921,
      "amount": 1
    },
    {
      "id": 19484,
      "amount": 106
    },
    {
      "id": 884,
      "amount": 1048
    },
    {
      "id": 4585,
      "amount": 1
    },
    {
      "id": 12504,
      "amount": 1
    },
    {
      "id": 20140,
      "amount": 2
    },
    {
      "id": 13130,
      "amount": 1
    },
    {
      "id": 1149,
      "amount": 1
    },
    {
      "id": 9754,
      "amount": 1
    },
    {
      "id": 9755,
      "amount": 1
    },
    {
      "id": 8844,
      "amount": 1
    },
    {
      "id": 8845,
      "amount": 1
    },
    {
      "id": 8846,
      "amount": 1
    },
    {
      "id": 8847,
      "amount": 1
    },
    {
      "id": 8848,
      "amount": 1
    },
    {
      "id": 8849,
      "amount": 1
    },
    {
      "id": 8850,
      "amount": 1
    },
    {
      "id": 3488,
      "amount": 1
    },
    {
      "id": 3483,
      "amount": 1
    },
    {
      "id": 3481,
      "amount": 1
    },
    {
      "id": 12391,
      "amount": 1
    },
    {
      "id": 13385,
      "amount": 5
    },
    {
      "id": 9666,
      "amount": 2
    },
    {
      "id": 10828,
      "amount": 6
    },
    {
      "id": 9185,
      "amount": 6
    },
    {
      "id": 2503,
      "amount": 3
    },
    {
      "id": 13387,
      "amount": 6
    },
    {
      "id": 9674,
      "amount": 2
    },
    {
      "id": 10386,
      "amount": 2
    },
    {
      "id": 10551,
      "amount": 3
    },
    {
      "id": 4087,
      "amount": 1
    },
    {
      "id": 12500,
      "amount": 3
    },
    {
      "id": 12195,
      "amount": 4
    },
    {
      "id": 2497,
      "amount": 2
    },
    {
      "id": 13389,
      "amount": 1
    },
    {
      "id": 9676,
      "amount": 2
    },
    {
      "id": 10388,
      "amount": 2
    },
    {
      "id": 10368,
      "amount": 1
    },
    {
      "id": 3486,
      "amount": 2
    },
    {
      "id": 3842,
      "amount": 1
    },
    {
      "id": 888,
      "amount": 1336
    },
    {
      "id": 4107,
      "amount": 1
    },
    {
      "id": 861,
      "amount": 7
    },
    {
      "id": 10499,
      "amount": 4
    },
    {
      "id": 4740,
      "amount": 3946
    },
    {
      "id": 2550,
      "amount": 28
    },
    {
      "id": 12510,
      "amount": 2
    },
    {
      "id": 12608,
      "amount": 2
    },
    {
      "id": 12610,
      "amount": 3
    },
    {
      "id": 20000,
      "amount": 1
    },
    {
      "id": 12494,
      "amount": 1
    },
    {
      "id": 12612,
      "amount": 3
    },
    {
      "id": 1215,
      "amount": 1
    },
    {
      "id": 11663,
      "amount": 1
    },
    {
      "id": 12508,
      "amount": 2
    },
    {
      "id": 13118,
      "amount": 2
    },
    {
      "id": 3053,
      "amount": 7
    },
    {
      "id": 9143,
      "amount": 16700
    },
    {
      "id": 9144,
      "amount": 27147
    },
    {
      "id": 811,
      "amount": 14103
    },
    {
      "id": 10376,
      "amount": 1
    },
    {
      "id": 4759,
      "amount": 1
    },
    {
      "id": 10378,
      "amount": 1
    },
    {
      "id": 10380,
      "amount": 1
    },
    {
      "id": 4736,
      "amount": 1
    },
    {
      "id": 10372,
      "amount": 1
    },
    {
      "id": 9244,
      "amount": 8824
    },
    {
      "id": 732,
      "amount": 1
    },
    {
      "id": 12496,
      "amount": 2
    },
    {
      "id": 9769,
      "amount": 1
    },
    {
      "id": 12439,
      "amount": 1
    },
    {
      "id": 9672,
      "amount": 1
    },
    {
      "id": 13068,
      "amount": 1
    },
    {
      "id": 9802,
      "amount": 1
    },
    {
      "id": 9803,
      "amount": 1
    },
    {
      "id": 385,
      "amount": 226
    },
    {
      "id": 391,
      "amount": 187
    },
    {
      "id": 389,
      "amount": 100
    },
    {
      "id": 11934,
      "amount": 518
    },
    {
      "id": 11940,
      "amount": 58
    },
    {
      "id": 301,
      "amount": 1
    },
    {
      "id": 7946,
      "amount": 5497
    },
    {
      "id": 11936,
      "amount": 654
    },
    {
      "id": 229,
      "amount": 60
    },
    {
      "id": 145,
      "amount": 458
    },
    {
      "id": 157,
      "amount": 170
    },
    {
      "id": 141,
      "amount": 15
    },
    {
      "id": 139,
      "amount": 91
    },
    {
      "id": 3018,
      "amount": 390
    },
    {
      "id": 169,
      "amount": 114
    },
    {
      "id": 163,
      "amount": 1
    },
    {
      "id": 205,
      "amount": 64
    },
    {
      "id": 269,
      "amount": 180
    },
    {
      "id": 12701,
      "amount": 1
    },
    {
      "id": 243,
      "amount": 106
    },
    {
      "id": 241,
      "amount": 57
    },
    {
      "id": 199,
      "amount": 59
    },
    {
      "id": 201,
      "amount": 50
    },
    {
      "id": 203,
      "amount": 50
    },
    {
      "id": 171,
      "amount": 1
    },
    {
      "id": 207,
      "amount": 20
    },
    {
      "id": 209,
      "amount": 68
    },
    {
      "id": 211,
      "amount": 93
    },
    {
      "id": 213,
      "amount": 20
    },
    {
      "id": 215,
      "amount": 38
    },
    {
      "id": 217,
      "amount": 56
    },
    {
      "id": 219,
      "amount": 20
    },
    {
      "id": 2998,
      "amount": 265
    },
    {
      "id": 231,
      "amount": 341
    },
    {
      "id": 5296,
      "amount": 92
    },
    {
      "id": 5302,
      "amount": 96
    },
    {
      "id": 227,
      "amount": 12813
    },
    {
      "id": 2434,
      "amount": 3330
    },
    {
      "id": 2448,
      "amount": 20
    },
    {
      "id": 2456,
      "amount": 1
    },
    {
      "id": 143,
      "amount": 8
    },
    {
      "id": 233,
      "amount": 15
    },
    {
      "id": 267,
      "amount": 8
    },
    {
      "id": 3000,
      "amount": 3
    },
    {
      "id": 149,
      "amount": 5
    },
    {
      "id": 2454,
      "amount": 30
    },
    {
      "id": 2458,
      "amount": 1
    },
    {
      "id": 173,
      "amount": 2
    },
    {
      "id": 159,
      "amount": 3
    },
    {
      "id": 147,
      "amount": 2
    },
    {
      "id": 161,
      "amount": 4
    },
    {
      "id": 6685,
      "amount": 75
    },
    {
      "id": 3024,
      "amount": 24
    },
    {
      "id": 3030,
      "amount": 1
    },
    {
      "id": 3051,
      "amount": 1
    },
    {
      "id": 5300,
      "amount": 18
    },
    {
      "id": 5304,
      "amount": 5
    },
    {
      "id": 5298,
      "amount": 25
    },
    {
      "id": 223,
      "amount": 72
    },
    {
      "id": 1053,
      "amount": 2
    },
    {
      "id": 12395,
      "amount": 1
    },
    {
      "id": 4565,
      "amount": 1
    },
    {
      "id": 12393,
      "amount": 1
    },
    {
      "id": 1057,
      "amount": 1
    },
    {
      "id": 1055,
      "amount": 2
    },
    {
      "id": 12746,
      "amount": 2
    },
    {
      "id": 13322,
      "amount": 1
    },
    {
      "id": 13320,
      "amount": 1
    },
    {
      "id": 272,
      "amount": 2
    },
    {
      "id": 13071,
      "amount": 3
    },
    {
      "id": 4179,
      "amount": 2
    },
    {
      "id": 4138,
      "amount": 1
    },
    {
      "id": 5565,
      "amount": 1
    },
    {
      "id": 11804,
      "amount": 1
    },
    {
      "id": 167,
      "amount": 1
    },
    {
      "id": 221,
      "amount": 2038
    },
    {
      "id": 10976,
      "amount": 1
    },
    {
      "id": 17014,
      "amount": 1
    },
    {
      "id": 11212,
      "amount": 137
    },
    {
      "id": 9242,
      "amount": 3980
    },
    {
      "id": 1755,
      "amount": 1
    },
    {
      "id": 2366,
      "amount": 1
    },
    {
      "id": 1540,
      "amount": 1
    },
    {
      "id": 3105,
      "amount": 1
    },
    {
      "id": 4675,
      "amount": 1
    },
    {
      "id": 2413,
      "amount": 1
    },
    {
      "id": 4712,
      "amount": 1
    },
    {
      "id": 4714,
      "amount": 1
    },
    {
      "id": 13235,
      "amount": 1
    },
    {
      "id": 11889,
      "amount": 1
    },
    {
      "id": 11824,
      "amount": 1
    },
    {
      "id": 12806,
      "amount": 1
    },
    {
      "id": 2581,
      "amount": 1
    },
    {
      "id": 12829,
      "amount": 1
    },
    {
      "id": 11260,
      "amount": 18
    },
    {
      "id": 10010,
      "amount": 1
    },
    {
      "id": 6693,
      "amount": 82
    },
    {
      "id": 12006,
      "amount": 2
    },
    {
      "id": 11840,
      "amount": 1
    },
    {
      "id": 892,
      "amount": 889
    },
    {
      "id": 11664,
      "amount": 1
    },
    {
      "id": 12807,
      "amount": 1
    },
    {
      "id": 2577,
      "amount": 1
    },
    {
      "id": 9243,
      "amount": 1189
    },
    {
      "id": 11849,
      "amount": 44
    },
    {
      "id": 11665,
      "amount": 1
    },
    {
      "id": 13072,
      "amount": 1
    },
    {
      "id": 13073,
      "amount": 1
    },
    {
      "id": 8842,
      "amount": 1
    },
    {
      "id": 13576,
      "amount": 1
    },
    {
      "id": 12424,
      "amount": 1
    },
    {
      "id": 6585,
      "amount": 2
    },
    {
      "id": 11128,
      "amount": 3
    },
    {
      "id": 5003,
      "amount": 1
    },
    {
      "id": 5553,
      "amount": 2
    },
    {
      "id": 19722,
      "amount": 1
    },
    {
      "id": 1187,
      "amount": 1
    },
    {
      "id": 13262,
      "amount": 1
    },
    {
      "id": 1038,
      "amount": 1
    },
    {
      "id": 6570,
      "amount": 1
    },
    {
      "id": 11905,
      "amount": 1
    },
    {
      "id": 11283,
      "amount": 1
    },
    {
      "id": 7462,
      "amount": 1
    },
    {
      "id": 13239,
      "amount": 1
    },
    {
      "id": 2357,
      "amount": 82
    },
    {
      "id": 1119,
      "amount": 29
    },
    {
      "id": 2353,
      "amount": 2
    },
    {
      "id": 2347,
      "amount": 1
    },
    {
      "id": 6687,
      "amount": 98
    },
    {
      "id": 995,
      "amount": 652197
    },
    null,
    null,
    null,
    null,
    null,
    null,
    null,
    null,
    null,
    null,
    null,
    null,
    null,
    null,
    null,
    null,
    null,
    null,
    null,
    null,
    null,
    null,
    null,
    null,
    null,
    null,
    null,
    null,
    null,
    null,
    null,
    null,
    null,
    null,
    null,
    null,
    null,
    null,
    null,
    null,
    null,
    null,
    null,
    null,
    null,
    null,
    null,
    null,
    null,
    null,
    null,
    null,
    null,
    null,
    null,
    null,
    null,
    null,
    null,
    null,
    null,
    null,
    null,
    null,
    null,
    null,
    null,
    null,
    null,
    null,
    null,
    null,
    null,
    null,
    null,
    null,
    null,
    null,
    null,
    null,
    null,
    null,
    null,
    null,
    null,
    null,
    null,
    null,
    null,
    null,
    null,
    null,
    null,
    null,
    null,
    null,
    null,
    null,
    null,
    null,
    null,
    null,
    null,
    null,
    null,
    null,
    null,
    null,
    null,
    null,
    null,
    null,
    null,
    null,
    null,
    null,
    null,
    null,
    null,
    null,
    null,
    null,
    null,
    null,
    null,
    null,
    null,
    null,
    null,
    null,
    null,
    null,
    null,
    null,
    null,
    null,
    null,
    null,
    null,
    null,
    null,
    null,
    null,
    null,
    null,
    null,
    null,
    null,
    null,
    null,
    null,
    null,
    null,
    null,
    null,
    null,
    null,
    null,
    null,
    null,
    null,
    null,
    null,
    null,
    null,
    null,
    null,
    null,
    null,
    null,
    null,
    null,
    null,
    null,
    null,
    null,
    null,
    null,
    null,
    null,
    null,
    null,
    null,
    null,
    null,
    null,
    null,
    null,
    null,
    null,
    null,
    null,
    null,
    null,
    null,
    null,
    null,
    null,
    null,
    null,
    null,
    null,
    null,
    null,
    null,
    null,
    null,
    null,
    null,
    null,
    null,
    null,
    null,
    null,
    null,
    null,
    null,
    null,
    null,
    null,
    null,
    null,
    null,
    null,
    null,
    null,
    null,
    null,
    null,
    null,
    null,
    null,
    null,
    null,
    null,
    null,
    null,
    null,
    null,
    null,
    null,
    null,
    null,
    null,
    null,
    null,
    null,
    null,
    null,
    null,
    null,
    null,
    null,
    null,
    null,
    null,
    null,
    null,
    null,
    null,
    null,
    null,
    null,
    null,
    null,
    null,
    null,
    null,
    null,
    null,
    null,
    null,
    null,
    null,
    null,
    null,
    null,
    null,
    null,
    null,
    null,
    null,
    null,
    null,
    null,
    null,
    null,
    null,
    null,
    null,
    null,
    null,
    null,
    null,
    null,
    null,
    null,
    null,
    null,
    null,
    null,
    null,
    null,
    null,
    null,
    null,
    null,
    null,
    null,
    null,
    null,
    null,
    null,
    null,
    null,
    null,
    null,
    null,
    null,
    null,
    null,
    null,
    null,
    null,
    null,
    null,
    null,
    null,
    null,
    null,
    null,
    null,
    null,
    null,
    null,
    null,
    null,
    null,
    null,
    null,
    null,
    null,
    null,
    null,
    null,
    null,
    null,
    null,
    null,
    null,
    null,
    null,
    null,
    null,
    null,
    null,
    null,
    null,
    null,
    null,
    null,
    null,
    null,
    null,
    null,
    null,
    null,
    null,
    null,
    null,
    null,
    null,
    null,
    null,
    null,
    null,
    null,
    null,
    null,
    null,
    null,
    null,
    null,
    null,
    null,
    null,
    null,
    null,
    null,
    null,
    null,
    null,
    null,
    null,
    null,
    null,
    null,
    null,
    null,
    null,
    null,
    null
  ],
  "tabAmounts": [
    348,
    0,
    0,
    0,
    0,
    0,
    0,
    0,
    0,
    0
  ],
  "inventory": [
    null,
    null,
    null,
    null,
    null,
    null,
    null,
    null,
    null,
    null,
    null,
    null,
    null,
    null,
    null,
    null,
    null,
    null,
    null,
    null,
    null,
    null,
    null,
    null,
    null,
    null,
    null,
    {
      "id": 995,
      "amount": 1380456
    }
  ],
  "equipment": [
    {
      "id": 5554,
      "amount": 1
    },
    null,
    null,
    null,
    {
      "id": 5553,
      "amount": 1
    },
    null,
    null,
    {
      "id": 5555,
      "amount": 1
    },
    null,
    null,
    null,
    null,
    null,
    null
  ],
  "lootingBag": [],
  "shopItems": [
    null,
    null,
    null,
    null,
    null,
    null,
    null,
    null,
    null,
    null,
    null,
    null,
    null,
    null,
    null,
    null,
    null,
    null,
    null,
    null,
    null,
    null,
    null,
    null,
    null,
    null,
    null,
    null,
    null,
    null,
    null,
    null,
    null,
    null,
    null,
    null
  ],
  "shopPrices": [
    50000,
    70000,
    1500,
    20000000,
    0,
    0,
    0,
    350000000,
    50000,
    0,
    0,
    0,
    0,
    0,
    0,
    0,
    0,
    0,
    0,
    0,
    0,
    0,
    0,
    0,
    0,
    0,
    0,
    0,
    0,
    0,
    0,
    0,
    0,
    0,
    0,
    0
  ],
  "pouches": [
    0,
    0,
    0,
    0
  ]
}