{
  "bank": [
    {
      "id": 995,
      "amount": 3446325
    },
    {
      "id": 385,
      "amount": 81
    },
    {
      "id": 2436,
      "amount": 10
    },
    {
      "id": 2440,
      "amount": 10
    },
    {
      "id": 2442,
      "amount": 10
    },
    {
      "id": 2444,
      "amount": 10
    },
    {
      "id": 3040,
      "amount": 10
    },
    {
      "id": 3024,
      "amount": 10
    },
    {
      "id": 6603,
      "amount": 1
    },
    {
      "id": 9705,
      "amount": 1
    },
    {
      "id": 9706,
      "amount": 500
    },
    {
      "id": 10025,
      "amount": 1
    },
    {
      "id": 6828,
      "amount": 1
    },
    {
      "id": 20703,
      "amount": 1
    },
    {
      "id": 20131,
      "amount": 1
    },
    {
      "id": 1163,
      "amount": 8
    },
    {
      "id": 215,
      "amount": 45
    },
    {
      "id": 205,
      "amount": 49
    },
    {
      "id": 1025,
      "amount": 6
    },
    {
      "id": 12504,
      "amount": 2
    },
    {
      "id": 1079,
      "amount": 7
    },
    {
      "id": 10386,
      "amount": 3
    },
    {
      "id": 12608,
      "amount": 2
    },
    {
      "id": 10378,
      "amount": 1
    },
    {
      "id": 1093,
      "amount": 7
    },
    {
      "id": 1201,
      "amount": 8
    },
    {
      "id": 391,
      "amount": 172
    },
    {
      "id": 2663,
      "amount": 2
    },
    {
      "id": 371,
      "amount": 105
    },
    {
      "id": 209,
      "amount": 24
    },
    {
      "id": 1434,
      "amount": 1
    },
    {
      "id": 211,
      "amount": 36
    },
    {
      "id": 3755,
      "amount": 1
    },
    {
      "id": 10368,
      "amount": 1
    },
    {
      "id": 12506,
      "amount": 2
    },
    {
      "id": 1149,
      "amount": 2
    },
    {
      "id": 2641,
      "amount": 5
    },
    {
      "id": 9185,
      "amount": 6
    },
    {
      "id": 2649,
      "amount": 5
    },
    {
      "id": 2639,
      "amount": 8
    },
    {
      "id": 20166,
      "amount": 10
    },
    {
      "id": 1617,
      "amount": 51
    },
    {
      "id": 1333,
      "amount": 2
    },
    {
      "id": 13113,
      "amount": 1
    },
    {
      "id": 1377,
      "amount": 5
    },
    {
      "id": 10372,
      "amount": 1
    },
    {
      "id": 4587,
      "amount": 1
    },
    {
      "id": 10384,
      "amount": 1
    },
    {
      "id": 7158,
      "amount": 1
    },
    {
      "id": 2651,
      "amount": 4
    },
    {
      "id": 2661,
      "amount": 2
    },
    {
      "id": 12197,
      "amount": 1
    },
    {
      "id": 13118,
      "amount": 1
    },
    {
      "id": 1127,
      "amount": 3
    },
    {
      "id": 2645,
      "amount": 7
    },
    {
      "id": 4131,
      "amount": 3
    },
    {
      "id": 217,
      "amount": 30
    },
    {
      "id": 2550,
      "amount": 5
    },
    {
      "id": 4012,
      "amount": 3
    },
    {
      "id": 199,
      "amount": 27
    },
    {
      "id": 2363,
      "amount": 8
    },
    {
      "id": 20140,
      "amount": 2
    },
    {
      "id": 1623,
      "amount": 49
    },
    {
      "id": 20161,
      "amount": 1
    },
    {
      "id": 4675,
      "amount": 2
    },
    {
      "id": 2635,
      "amount": 3
    },
    {
      "id": 2643,
      "amount": 4
    },
    {
      "id": 451,
      "amount": 8
    },
    {
      "id": 12490,
      "amount": 1
    },
    {
      "id": 10444,
      "amount": 1
    },
    {
      "id": 20128,
      "amount": 1
    },
    {
      "id": 12496,
      "amount": 1
    },
    {
      "id": 12203,
      "amount": 1
    },
    {
      "id": 10370,
      "amount": 1
    },
    {
      "id": 10828,
      "amount": 1
    },
    {
      "id": 13105,
      "amount": 1
    },
    {
      "id": 6528,
      "amount": 1
    },
    {
      "id": 1305,
      "amount": 1
    },
    {
      "id": 20134,
      "amount": 1
    },
    {
      "id": 2653,
      "amount": 1
    },
    {
      "id": 4585,
      "amount": 1
    },
    {
      "id": 12195,
      "amount": 1
    },
    null,
    null,
    null,
    null,
    null,
    null,
    null,
    null,
    null,
    null,
    null,
    null,
    null,
    null,
    null,
    null,
    null,
    null,
    null,
    null,
    null,
    null,
    null,
    null,
    null,
    null,
    null,
    null,
    null,
    null,
    null,
    null,
    null,
    null,
    null,
    null,
    null,
    null,
    null,
    null,
    null,
    null,
    null,
    null,
    null,
    null,
    null,
    null,
    null,
    null,
    null,
    null,
    null,
    null,
    null,
    null,
    null,
    null,
    null,
    null,
    null,
    null,
    null,
    null,
    null,
    null,
    null,
    null,
    null,
    null,
    null,
    null,
    null,
    null,
    null,
    null,
    null,
    null,
    null,
    null,
    null,
    null,
    null,
    null,
    null,
    null,
    null,
    null,
    null,
    null,
    null,
    null,
    null,
    null,
    null,
    null,
    null,
    null,
    null,
    null,
    null,
    null,
    null,
    null,
    null,
    null,
    null,
    null,
    null,
    null,
    null,
    null,
    null,
    null,
    null,
    null,
    null,
    null,
    null,
    null,
    null,
    null,
    null,
    null,
    null,
    null,
    null,
    null,
    null,
    null,
    null,
    null,
    null,
    null,
    null,
    null,
    null,
    null,
    null,
    null,
    null,
    null,
    null,
    null,
    null,
    null,
    null,
    null,
    null,
    null,
    null,
    null,
    null,
    null,
    null,
    null,
    null,
    null,
    null,
    null,
    null,
    null,
    null,
    null,
    null,
    null,
    null,
    null,
    null,
    null,
    null,
    null,
    null,
    null,
    null,
    null,
    null,
    null,
    null,
    null,
    null,
    null,
    null,
    null,
    null,
    null,
    null,
    null,
    null,
    null,
    null,
    null,
    null,
    null,
    null,
    null,
    null,
    null,
    null,
    null,
    null,
    null,
    null,
    null,
    null,
    null,
    null,
    null,
    null,
    null,
    null,
    null,
    null,
    null,
    null,
    null,
    null,
    null,
    null,
    null,
    null,
    null,
    null,
    null,
    null,
    null,
    null,
    null,
    null,
    null,
    null,
    null,
    null,
    null,
    null,
    null,
    null,
    null,
    null,
    null,
    null,
    null,
    null,
    null,
    null,
    null,
    null,
    null,
    null,
    null,
    null,
    null,
    null,
    null,
    null,
    null,
    null,
    null,
    null,
    null,
    null,
    null,
    null,
    null,
    null,
    null,
    null,
    null
  ],
  "tabAmounts": [
    82,
    0,
    0,
    0,
    0,
    0,
    0,
    0,
    0,
    0
  ],
  "inventory": [
    null,
    null,
    null,
    null,
    null,
    null,
    null,
    null,
    null,
    null,
    null,
    null,
    null,
    null,
    null,
    null,
    null,
    null,
    null,
    null,
    null,
    null,
    null,
    null,
    null,
    null,
    null,
    null
  ],
  "equipment": [
    null,
    null,
    null,
    null,
    null,
    null,
    null,
    null,
    null,
    null,
    null,
    null,
    null,
    null
  ],
  "lootingBag": [],
  "shopItems": [
    null,
    null,
    null,
    null,
    null,
    null,
    null,
    null,
    null,
    null,
    null,
    null,
    null,
    null,
    null,
    null,
    null,
    null,
    null,
    null,
    null,
    null,
    null,
    null,
    null,
    null,
    null,
    null,
    null,
    null,
    null,
    null,
    null,
    null,
    null,
    null
  ],
  "shopPrices": [
    0,
    0,
    0,
    0,
    0,
    0,
    0,
    0,
    0,
    0,
    0,
    0,
    0,
    0,
    0,
    0,
    0,
    0,
    0,
    0,
    0,
    0,
    0,
    0,
    0,
    0,
    0,
    0,
    0,
    0,
    0,
    0,
    0,
    0,
    0,
    0
  ],
  "pouches": [
    0,
    0,
    0,
    0
  ]
}