{
  "bank": [
    {
      "id": 2436,
      "amount": 6
    },
    {
      "id": 2440,
      "amount": 6
    },
    {
      "id": 2442,
      "amount": 6
    },
    {
      "id": 3040,
      "amount": 10
    },
    {
      "id": 3024,
      "amount": 12
    },
    {
      "id": 2434,
      "amount": 36
    },
    {
      "id": 169,
      "amount": 116
    },
    {
      "id": 558,
      "amount": 10747
    },
    {
      "id": 563,
      "amount": 7217
    },
    {
      "id": 561,
      "amount": 1127
    },
    {
      "id": 167,
      "amount": 3
    },
    {
      "id": 1249,
      "amount": 4
    },
    {
      "id": 385,
      "amount": 1
    },
    {
      "id": 391,
      "amount": 213
    },
    {
      "id": 985,
      "amount": 24
    },
    {
      "id": 13108,
      "amount": 1
    },
    {
      "id": 149,
      "amount": 2
    },
    {
      "id": 1213,
      "amount": 1
    },
    {
      "id": 5299,
      "amount": 1
    },
    {
      "id": 2363,
      "amount": 19
    },
    {
      "id": 532,
      "amount": 1
    },
    {
      "id": 1333,
      "amount": 2
    },
    {
      "id": 1201,
      "amount": 6
    },
    {
      "id": 13118,
      "amount": 5
    },
    {
      "id": 1163,
      "amount": 14
    },
    {
      "id": 371,
      "amount": 499
    },
    {
      "id": 377,
      "amount": 516
    },
    {
      "id": 4012,
      "amount": 9
    },
    {
      "id": 4740,
      "amount": 3269
    },
    {
      "id": 1637,
      "amount": 2
    },
    {
      "id": 257,
      "amount": 2
    },
    {
      "id": 526,
      "amount": 2
    },
    {
      "id": 395,
      "amount": 208
    },
    {
      "id": 1079,
      "amount": 6
    },
    {
      "id": 1641,
      "amount": 1
    },
    {
      "id": 1515,
      "amount": 28
    },
    {
      "id": 4166,
      "amount": 1
    },
    {
      "id": 2651,
      "amount": 11
    },
    {
      "id": 10388,
      "amount": 2
    },
    {
      "id": 1127,
      "amount": 15
    },
    {
      "id": 2655,
      "amount": 3
    },
    {
      "id": 2643,
      "amount": 16
    },
    {
      "id": 207,
      "amount": 23
    },
    {
      "id": 13133,
      "amount": 1
    },
    {
      "id": 4749,
      "amount": 1
    },
    {
      "id": 1540,
      "amount": 1
    },
    {
      "id": 4751,
      "amount": 1
    },
    {
      "id": 10828,
      "amount": 4
    },
    {
      "id": 4131,
      "amount": 13
    },
    {
      "id": 11136,
      "amount": 1
    },
    {
      "id": 13121,
      "amount": 1
    },
    {
      "id": 9705,
      "amount": 1
    },
    {
      "id": 9706,
      "amount": 346
    },
    {
      "id": 1623,
      "amount": 117
    },
    {
      "id": 1099,
      "amount": 1
    },
    {
      "id": 1135,
      "amount": 5
    },
    {
      "id": 1065,
      "amount": 1
    },
    {
      "id": 9185,
      "amount": 7
    },
    {
      "id": 892,
      "amount": 504
    },
    {
      "id": 861,
      "amount": 4
    },
    {
      "id": 2497,
      "amount": 1
    },
    {
      "id": 2366,
      "amount": 4
    },
    {
      "id": 2649,
      "amount": 12
    },
    {
      "id": 2635,
      "amount": 7
    },
    {
      "id": 868,
      "amount": 1935
    },
    {
      "id": 13125,
      "amount": 1
    },
    {
      "id": 2550,
      "amount": 22
    },
    {
      "id": 229,
      "amount": 322
    },
    {
      "id": 12195,
      "amount": 1
    },
    {
      "id": 141,
      "amount": 70
    },
    {
      "id": 9144,
      "amount": 219
    },
    {
      "id": 5296,
      "amount": 4
    },
    {
      "id": 1987,
      "amount": 1500
    },
    {
      "id": 5974,
      "amount": 100
    },
    {
      "id": 6289,
      "amount": 385
    },
    {
      "id": 1391,
      "amount": 71
    },
    {
      "id": 143,
      "amount": 45
    },
    {
      "id": 4089,
      "amount": 2
    },
    {
      "id": 9193,
      "amount": 348
    },
    {
      "id": 139,
      "amount": 63
    },
    {
      "id": 7334,
      "amount": 1
    },
    {
      "id": 952,
      "amount": 2
    },
    {
      "id": 10302,
      "amount": 2
    },
    {
      "id": 1367,
      "amount": 2
    },
    {
      "id": 1179,
      "amount": 1
    },
    {
      "id": 1111,
      "amount": 1
    },
    {
      "id": 1393,
      "amount": 3
    },
    {
      "id": 217,
      "amount": 96
    },
    {
      "id": 1149,
      "amount": 2
    },
    {
      "id": 1025,
      "amount": 7
    },
    {
      "id": 12510,
      "amount": 4
    },
    {
      "id": 20166,
      "amount": 10
    },
    {
      "id": 1747,
      "amount": 7
    },
    {
      "id": 11992,
      "amount": 8
    },
    {
      "id": 3053,
      "amount": 1
    },
    {
      "id": 12500,
      "amount": 3
    },
    {
      "id": 205,
      "amount": 157
    },
    {
      "id": 20131,
      "amount": 1
    },
    {
      "id": 1621,
      "amount": 67
    },
    {
      "id": 209,
      "amount": 51
    },
    {
      "id": 13137,
      "amount": 1
    },
    {
      "id": 317,
      "amount": 92
    },
    {
      "id": 303,
      "amount": 1
    },
    {
      "id": 389,
      "amount": 150
    },
    {
      "id": 301,
      "amount": 2
    },
    {
      "id": 2665,
      "amount": 3
    },
    {
      "id": 4675,
      "amount": 1
    },
    {
      "id": 1113,
      "amount": 10
    },
    {
      "id": 2639,
      "amount": 4
    },
    {
      "id": 10378,
      "amount": 2
    },
    {
      "id": 1093,
      "amount": 7
    },
    {
      "id": 4753,
      "amount": 1
    },
    {
      "id": 13130,
      "amount": 2
    },
    {
      "id": 20134,
      "amount": 2
    },
    {
      "id": 10380,
      "amount": 5
    },
    {
      "id": 323,
      "amount": 3
    },
    {
      "id": 315,
      "amount": 81
    },
    {
      "id": 319,
      "amount": 109
    },
    {
      "id": 361,
      "amount": 53
    },
    {
      "id": 379,
      "amount": 3390
    },
    {
      "id": 2669,
      "amount": 3
    },
    {
      "id": 13105,
      "amount": 2
    },
    {
      "id": 451,
      "amount": 176
    },
    {
      "id": 12498,
      "amount": 1
    },
    {
      "id": 7158,
      "amount": 2
    },
    {
      "id": 2673,
      "amount": 1
    },
    {
      "id": 1319,
      "amount": 4
    },
    {
      "id": 3749,
      "amount": 3
    },
    {
      "id": 12494,
      "amount": 1
    },
    {
      "id": 199,
      "amount": 45
    },
    {
      "id": 215,
      "amount": 17
    },
    {
      "id": 13113,
      "amount": 4
    },
    {
      "id": 12203,
      "amount": 1
    },
    {
      "id": 7944,
      "amount": 2
    },
    {
      "id": 7946,
      "amount": 400
    },
    {
      "id": 2645,
      "amount": 6
    },
    {
      "id": 12496,
      "amount": 1
    },
    {
      "id": 10444,
      "amount": 1
    },
    {
      "id": 2641,
      "amount": 6
    },
    {
      "id": 20140,
      "amount": 2
    },
    {
      "id": 1187,
      "amount": 2
    },
    {
      "id": 10384,
      "amount": 5
    },
    {
      "id": 3755,
      "amount": 1
    },
    {
      "id": 6528,
      "amount": 2
    },
    {
      "id": 211,
      "amount": 35
    },
    {
      "id": 12492,
      "amount": 1
    },
    {
      "id": 4585,
      "amount": 4
    },
    {
      "id": 1305,
      "amount": 2
    },
    {
      "id": 13117,
      "amount": 2
    },
    {
      "id": 1779,
      "amount": 1725
    },
    {
      "id": 10376,
      "amount": 1
    },
    {
      "id": 10372,
      "amount": 2
    },
    {
      "id": 1639,
      "amount": 1
    },
    {
      "id": 161,
      "amount": 3
    },
    {
      "id": 173,
      "amount": 54
    },
    {
      "id": 1565,
      "amount": 1
    },
    {
      "id": 383,
      "amount": 938
    },
    {
      "id": 5289,
      "amount": 2
    },
    {
      "id": 5288,
      "amount": 3
    },
    {
      "id": 6908,
      "amount": 5
    },
    {
      "id": 1377,
      "amount": 3
    },
    {
      "id": 6914,
      "amount": 2
    },
    {
      "id": 1401,
      "amount": 1
    },
    {
      "id": 1403,
      "amount": 3
    },
    {
      "id": 11840,
      "amount": 3
    },
    {
      "id": 8780,
      "amount": 2
    },
    {
      "id": 10446,
      "amount": 1
    },
    {
      "id": 2591,
      "amount": 1
    },
    {
      "id": 12345,
      "amount": 1
    },
    {
      "id": 373,
      "amount": 3
    },
    {
      "id": 12361,
      "amount": 1
    },
    {
      "id": 10422,
      "amount": 2
    },
    {
      "id": 1091,
      "amount": 1
    },
    {
      "id": 12445,
      "amount": 1
    },
    {
      "id": 3474,
      "amount": 1
    },
    {
      "id": 1313,
      "amount": 1
    },
    {
      "id": 10416,
      "amount": 1
    },
    {
      "id": 2603,
      "amount": 1
    },
    {
      "id": 10398,
      "amount": 2
    },
    {
      "id": 10452,
      "amount": 1
    },
    {
      "id": 2613,
      "amount": 1
    },
    {
      "id": 12289,
      "amount": 1
    },
    {
      "id": 10406,
      "amount": 1
    },
    {
      "id": 12247,
      "amount": 1
    },
    {
      "id": 12241,
      "amount": 1
    },
    {
      "id": 12231,
      "amount": 1
    },
    {
      "id": 2579,
      "amount": 1
    },
    {
      "id": 4140,
      "amount": 4
    },
    {
      "id": 1327,
      "amount": 2
    },
    {
      "id": 20137,
      "amount": 1
    },
    {
      "id": 3054,
      "amount": 2
    },
    {
      "id": 5698,
      "amount": 6
    },
    {
      "id": 2503,
      "amount": 2
    },
    {
      "id": 2491,
      "amount": 2
    },
    {
      "id": 6603,
      "amount": 1
    },
    {
      "id": 560,
      "amount": 6214
    },
    {
      "id": 12807,
      "amount": 3
    },
    {
      "id": 12806,
      "amount": 2
    },
    {
      "id": 1643,
      "amount": 1
    },
    {
      "id": 1731,
      "amount": 1
    },
    {
      "id": 12524,
      "amount": 1
    },
    {
      "id": 12530,
      "amount": 2
    },
    {
      "id": 2890,
      "amount": 1
    },
    {
      "id": 2493,
      "amount": 1
    },
    {
      "id": 2657,
      "amount": 2
    },
    {
      "id": 7399,
      "amount": 1
    },
    {
      "id": 12512,
      "amount": 1
    },
    {
      "id": 12526,
      "amount": 1
    },
    {
      "id": 12528,
      "amount": 1
    },
    {
      "id": 10290,
      "amount": 1
    },
    {
      "id": 2617,
      "amount": 1
    },
    {
      "id": 19695,
      "amount": 1
    },
    {
      "id": 12516,
      "amount": 1
    },
    {
      "id": 1359,
      "amount": 3
    },
    {
      "id": 10370,
      "amount": 1
    },
    {
      "id": 12508,
      "amount": 1
    },
    {
      "id": 1289,
      "amount": 1
    },
    {
      "id": 2679,
      "amount": 11
    },
    {
      "id": 2684,
      "amount": 4
    },
    {
      "id": 2678,
      "amount": 4
    },
    {
      "id": 2681,
      "amount": 4
    },
    {
      "id": 2677,
      "amount": 4
    },
    {
      "id": 2680,
      "amount": 3
    },
    {
      "id": 12245,
      "amount": 1
    },
    {
      "id": 2631,
      "amount": 1
    },
    {
      "id": 3836,
      "amount": 1
    },
    {
      "id": 12237,
      "amount": 1
    },
    {
      "id": 2637,
      "amount": 1
    },
    {
      "id": 559,
      "amount": 10
    },
    {
      "id": 449,
      "amount": 54
    },
    {
      "id": 1704,
      "amount": 1
    },
    {
      "id": 11936,
      "amount": 4
    },
    {
      "id": 7054,
      "amount": 1
    },
    {
      "id": 1617,
      "amount": 301
    },
    {
      "id": 453,
      "amount": 3751
    },
    {
      "id": 6685,
      "amount": 70
    },
    {
      "id": 2998,
      "amount": 40
    },
    {
      "id": 245,
      "amount": 10
    },
    {
      "id": 1033,
      "amount": 1
    },
    {
      "id": 10977,
      "amount": 2
    },
    {
      "id": 2722,
      "amount": 6
    },
    {
      "id": 440,
      "amount": 17
    },
    {
      "id": 13385,
      "amount": 2
    },
    {
      "id": 13129,
      "amount": 1
    },
    {
      "id": 219,
      "amount": 13
    },
    {
      "id": 13249,
      "amount": 20
    },
    {
      "id": 13648,
      "amount": 4
    },
    {
      "id": 13649,
      "amount": 1
    },
    {
      "id": 13650,
      "amount": 1
    },
    {
      "id": 311,
      "amount": 1
    },
    {
      "id": 11940,
      "amount": 1188
    },
    {
      "id": 6733,
      "amount": 1
    },
    {
      "id": 12789,
      "amount": 5
    },
    {
      "id": 20736,
      "amount": 1
    },
    {
      "id": 19683,
      "amount": 2
    },
    {
      "id": 19679,
      "amount": 1
    },
    {
      "id": 2805,
      "amount": 1
    },
    {
      "id": 7936,
      "amount": 5621
    },
    {
      "id": 11798,
      "amount": 4
    },
    {
      "id": 3140,
      "amount": 1
    },
    {
      "id": 272,
      "amount": 1
    },
    {
      "id": 20000,
      "amount": 3
    },
    {
      "id": 1123,
      "amount": 1
    },
    {
      "id": 1161,
      "amount": 1
    },
    {
      "id": 1073,
      "amount": 1
    },
    {
      "id": 8851,
      "amount": 60
    },
    {
      "id": 811,
      "amount": 6620
    },
    {
      "id": 11230,
      "amount": 9
    },
    {
      "id": 12759,
      "amount": 2
    },
    {
      "id": 12199,
      "amount": 1
    },
    {
      "id": 20002,
      "amount": 1
    },
    {
      "id": 995,
      "amount": 12955047
    },
    {
      "id": 2361,
      "amount": 25
    },
    {
      "id": 5300,
      "amount": 5
    },
    {
      "id": 3000,
      "amount": 40
    },
    {
      "id": 1013,
      "amount": 1
    },
    {
      "id": 11787,
      "amount": 2
    },
    {
      "id": 3026,
      "amount": 2
    },
    {
      "id": 5302,
      "amount": 6
    },
    {
      "id": 565,
      "amount": 83
    },
    {
      "id": 12389,
      "amount": 1
    },
    {
      "id": 12086,
      "amount": 1
    },
    {
      "id": 12056,
      "amount": 2
    },
    {
      "id": 13307,
      "amount": 432669
    },
    {
      "id": 11820,
      "amount": 1
    },
    {
      "id": 314,
      "amount": 14
    },
    {
      "id": 5303,
      "amount": 11
    },
    {
      "id": 14721,
      "amount": 1
    },
    {
      "id": 6575,
      "amount": 1
    },
    {
      "id": 11931,
      "amount": 1
    },
    {
      "id": 11943,
      "amount": 57
    },
    {
      "id": 4587,
      "amount": 2
    },
    {
      "id": 12936,
      "amount": 3
    },
    {
      "id": 267,
      "amount": 80
    },
    {
      "id": 5316,
      "amount": 1
    },
    {
      "id": 1615,
      "amount": 2
    },
    {
      "id": 10382,
      "amount": 1
    },
    {
      "id": 12608,
      "amount": 1
    },
    {
      "id": 12193,
      "amount": 1
    },
    {
      "id": 1631,
      "amount": 1
    },
    {
      "id": 12490,
      "amount": 1
    },
    {
      "id": 6527,
      "amount": 1
    },
    {
      "id": 10296,
      "amount": 2
    },
    {
      "id": 7352,
      "amount": 1
    },
    {
      "id": 2607,
      "amount": 1
    },
    {
      "id": 6548,
      "amount": 1
    },
    {
      "id": 12934,
      "amount": 78895
    },
    {
      "id": 536,
      "amount": 904
    },
    {
      "id": 4214,
      "amount": 1
    },
    {
      "id": 592,
      "amount": 1
    },
    {
      "id": 562,
      "amount": 510
    },
    {
      "id": 987,
      "amount": 21
    },
    {
      "id": 557,
      "amount": 263
    },
    {
      "id": 7354,
      "amount": 1
    },
    {
      "id": 1513,
      "amount": 1600
    },
    {
      "id": 5304,
      "amount": 2
    },
    {
      "id": 171,
      "amount": 5
    },
    {
      "id": 3204,
      "amount": 2
    },
    {
      "id": 442,
      "amount": 200
    },
    {
      "id": 989,
      "amount": 1
    },
    {
      "id": 9243,
      "amount": 1
    },
    {
      "id": 6547,
      "amount": 4
    },
    {
      "id": 4103,
      "amount": 3
    },
    {
      "id": 4091,
      "amount": 2
    },
    {
      "id": 6562,
      "amount": 2
    },
    {
      "id": 1434,
      "amount": 1
    },
    {
      "id": 4101,
      "amount": 1
    },
    {
      "id": 4093,
      "amount": 2
    },
    {
      "id": 4113,
      "amount": 1
    },
    {
      "id": 1407,
      "amount": 1
    },
    {
      "id": 4097,
      "amount": 1
    },
    {
      "id": 5010,
      "amount": 1
    },
    {
      "id": 4107,
      "amount": 1
    },
    {
      "id": 4115,
      "amount": 1
    },
    {
      "id": 4099,
      "amount": 2
    },
    {
      "id": 11995,
      "amount": 1
    },
    {
      "id": 4207,
      "amount": 1
    },
    {
      "id": 8782,
      "amount": 50
    },
    {
      "id": 5317,
      "amount": 2
    },
    {
      "id": 1373,
      "amount": 1
    },
    {
      "id": 12763,
      "amount": 1
    },
    {
      "id": 13201,
      "amount": 2
    },
    {
      "id": 12927,
      "amount": 1
    },
    {
      "id": 12921,
      "amount": 1
    },
    null,
    null,
    null,
    null,
    null,
    null,
    null,
    null,
    null,
    null,
    null,
    null,
    null,
    null,
    null,
    null,
    null,
    null,
    null,
    null,
    null,
    null,
    null,
    null,
    null,
    null,
    null,
    null,
    null,
    null,
    null,
    null,
    null,
    null,
    null,
    null,
    null,
    null,
    null,
    null,
    null,
    null,
    null,
    null,
    null,
    null,
    null,
    null,
    null,
    null,
    null,
    null,
    null,
    null,
    null,
    null,
    null,
    null,
    null,
    null,
    null,
    null,
    null,
    null,
    null,
    null,
    null,
    null,
    null,
    null,
    null,
    null,
    null,
    null,
    null,
    null,
    null,
    null,
    null,
    null,
    null,
    null,
    null,
    null,
    null,
    null,
    null,
    null,
    null,
    null,
    null,
    null,
    null,
    null,
    null,
    null,
    null,
    null,
    null,
    null,
    null,
    null,
    null,
    null,
    null,
    null,
    null,
    null,
    null,
    null,
    null,
    null,
    null,
    null,
    null,
    null,
    null,
    null,
    null,
    null,
    null,
    null,
    null,
    null,
    null,
    null,
    null,
    null,
    null,
    null,
    null,
    null,
    null,
    null,
    null,
    null,
    null,
    null,
    null,
    null,
    null,
    null,
    null,
    null,
    null,
    null,
    null,
    null,
    null,
    null,
    null,
    null,
    null,
    null,
    null,
    null,
    null,
    null,
    null,
    null,
    null,
    null,
    null,
    null,
    null,
    null,
    null,
    null,
    null,
    null,
    null,
    null,
    null,
    null,
    null,
    null,
    null,
    null,
    null,
    null,
    null,
    null,
    null,
    null,
    null,
    null,
    null,
    null,
    null,
    null,
    null,
    null,
    null,
    null,
    null,
    null,
    null,
    null,
    null,
    null,
    null,
    null,
    null,
    null,
    null,
    null,
    null,
    null,
    null,
    null,
    null,
    null,
    null,
    null,
    null,
    null,
    null,
    null,
    null,
    null,
    null,
    null,
    null,
    null,
    null,
    null,
    null,
    null,
    null,
    null,
    null,
    null,
    null,
    null,
    null,
    null,
    null,
    null,
    null,
    null,
    null,
    null,
    null,
    null,
    null,
    null,
    null,
    null,
    null,
    null,
    null,
    null,
    null,
    null,
    null,
    null,
    null,
    null,
    null,
    null,
    null,
    null,
    null,
    null,
    null,
    null,
    null,
    null,
    null,
    null,
    null,
    null,
    null,
    null,
    null,
    null,
    null,
    null,
    null,
    null,
    null,
    null,
    null,
    null,
    null,
    null,
    null,
    null,
    null,
    null,
    null,
    null,
    null,
    null,
    null,
    null,
    null,
    null,
    null,
    null,
    null,
    null,
    null,
    null,
    null,
    null,
    null,
    null,
    null,
    null,
    null,
    null,
    null,
    null,
    null,
    null,
    null,
    null,
    null,
    null,
    null,
    null,
    null,
    null,
    null,
    null,
    null,
    null,
    null,
    null,
    null,
    null,
    null,
    null,
    null,
    null,
    null,
    null,
    null,
    null,
    null,
    null,
    null,
    null,
    null,
    null,
    null,
    null,
    null,
    null,
    null,
    null,
    null,
    null,
    null,
    null,
    null,
    null,
    null,
    null,
    null,
    null,
    null,
    null,
    null,
    null,
    null,
    null,
    null,
    null,
    null,
    null,
    null,
    null,
    null,
    null,
    null,
    null,
    null,
    null,
    null,
    null,
    null,
    null,
    null,
    null,
    null,
    null,
    null,
    null,
    null,
    null,
    null,
    null,
    null,
    null,
    null,
    null,
    null,
    null,
    null,
    null,
    null,
    null,
    null,
    null
  ],
  "tabAmounts": [
    341,
    3,
    0,
    0,
    0,
    0,
    0,
    0,
    0,
    0
  ],
  "inventory": [
    {
      "id": 12938,
      "amount": 350
    },
    {
      "id": 229,
      "amount": 1
    },
    {
      "id": 229,
      "amount": 1
    },
    {
      "id": 143,
      "amount": 1
    },
    {
      "id": 2434,
      "amount": 1
    },
    {
      "id": 12934,
      "amount": 1769
    },
    {
      "id": 537,
      "amount": 30
    },
    {
      "id": 5316,
      "amount": 1
    },
    {
      "id": 13307,
      "amount": 1215
    },
    {
      "id": 985,
      "amount": 1
    },
    {
      "id": 1514,
      "amount": 100
    },
    {
      "id": 563,
      "amount": 200
    },
    {
      "id": 1149,
      "amount": 1
    },
    {
      "id": 6290,
      "amount": 35
    },
    null,
    null,
    null,
    null,
    null,
    null,
    null,
    null,
    null,
    null,
    {
      "id": 391,
      "amount": 1
    },
    {
      "id": 391,
      "amount": 1
    },
    {
      "id": 391,
      "amount": 1
    },
    {
      "id": 391,
      "amount": 1
    }
  ],
  "equipment": [
    {
      "id": 11664,
      "amount": 1
    },
    {
      "id": 10499,
      "amount": 1
    },
    {
      "id": 6585,
      "amount": 1
    },
    {
      "id": 12926,
      "amount": 1
    },
    {
      "id": 13072,
      "amount": 1
    },
    null,
    null,
    {
      "id": 13073,
      "amount": 1
    },
    null,
    {
      "id": 8842,
      "amount": 1
    },
    {
      "id": 2577,
      "amount": 1
    },
    null,
    {
      "id": 12785,
      "amount": 1
    },
    null
  ],
  "lootingBag": [],
  "shopItems": [
    {
      "id": 11798,
      "amount": 3
    },
    {
      "id": 13233,
      "amount": 4
    },
    {
      "id": 6914,
      "amount": 1
    },
    {
      "id": 12643,
      "amount": 1
    },
    {
      "id": 12939,
      "amount": 1
    },
    null,
    null,
    null,
    null,
    null,
    null,
    null,
    null,
    null,
    null,
    null,
    null,
    null,
    null,
    null,
    null,
    null,
    null,
    null,
    null,
    null,
    null,
    null,
    null,
    null,
    null,
    null,
    null,
    null,
    null,
    null
  ],
  "shopPrices": [
    5000000,
    2500000,
    15000000,
    50000000,
    100000000,
    50000000,
    0,
    75000000,
    0,
    0,
    0,
    0,
    0,
    0,
    0,
    0,
    0,
    0,
    0,
    0,
    0,
    0,
    0,
    0,
    0,
    0,
    0,
    0,
    0,
    0,
    0,
    0,
    0,
    0,
    0,
    0
  ],
  "pouches": [
    0,
    0,
    0,
    0
  ]
}