{
  "bank": [
    {
      "id": 2665,
      "amount": 4
    },
    {
      "id": 2657,
      "amount": 1
    },
    {
      "id": 2673,
      "amount": 2
    },
    {
      "id": 12759,
      "amount": 1
    },
    {
      "id": 13233,
      "amount": 1
    },
    {
      "id": 12504,
      "amount": 3
    },
    {
      "id": 12496,
      "amount": 1
    },
    {
      "id": 10390,
      "amount": 2
    },
    {
      "id": 2661,
      "amount": 3
    },
    {
      "id": 2653,
      "amount": 3
    },
    {
      "id": 2669,
      "amount": 2
    },
    {
      "id": 10378,
      "amount": 3
    },
    {
      "id": 10370,
      "amount": 2
    },
    {
      "id": 12492,
      "amount": 1
    },
    {
      "id": 10386,
      "amount": 2
    },
    {
      "id": 2663,
      "amount": 6
    },
    {
      "id": 2655,
      "amount": 2
    },
    {
      "id": 2671,
      "amount": 2
    },
    {
      "id": 10380,
      "amount": 1
    },
    {
      "id": 10372,
      "amount": 2
    },
    {
      "id": 12494,
      "amount": 1
    },
    {
      "id": 10388,
      "amount": 4
    },
    {
      "id": 3479,
      "amount": 1
    },
    {
      "id": 3478,
      "amount": 2
    },
    {
      "id": 12195,
      "amount": 1
    },
    {
      "id": 10376,
      "amount": 2
    },
    {
      "id": 12193,
      "amount": 1
    },
    {
      "id": 12506,
      "amount": 3
    },
    {
      "id": 12490,
      "amount": 1
    },
    {
      "id": 10384,
      "amount": 3
    },
    {
      "id": 987,
      "amount": 15
    },
    {
      "id": 19683,
      "amount": 1
    },
    {
      "id": 19679,
      "amount": 2
    },
    {
      "id": 12498,
      "amount": 2
    },
    {
      "id": 20128,
      "amount": 4
    },
    {
      "id": 1213,
      "amount": 1
    },
    {
      "id": 2996,
      "amount": 25
    },
    {
      "id": 985,
      "amount": 4
    },
    {
      "id": 952,
      "amount": 1
    },
    {
      "id": 1540,
      "amount": 1
    },
    {
      "id": 1199,
      "amount": 1
    },
    {
      "id": 10977,
      "amount": 1
    },
    {
      "id": 20131,
      "amount": 2
    },
    {
      "id": 2366,
      "amount": 3
    },
    {
      "id": 20161,
      "amount": 1
    },
    {
      "id": 1725,
      "amount": 2
    },
    {
      "id": 1249,
      "amount": 3
    },
    {
      "id": 1572,
      "amount": 1
    },
    {
      "id": 6603,
      "amount": 1
    },
    {
      "id": 2368,
      "amount": 4
    },
    {
      "id": 20137,
      "amount": 1
    },
    {
      "id": 9706,
      "amount": 495
    },
    {
      "id": 3476,
      "amount": 1
    },
    {
      "id": 2550,
      "amount": 14
    },
    {
      "id": 20134,
      "amount": 1
    },
    {
      "id": 12757,
      "amount": 3
    },
    {
      "id": 1149,
      "amount": 4
    },
    {
      "id": 12502,
      "amount": 2
    },
    {
      "id": 20002,
      "amount": 2
    },
    {
      "id": 536,
      "amount": 6
    },
    {
      "id": 532,
      "amount": 1
    },
    {
      "id": 12508,
      "amount": 1
    },
    {
      "id": 12510,
      "amount": 1
    },
    {
      "id": 12090,
      "amount": 1
    },
    {
      "id": 9470,
      "amount": 1
    },
    {
      "id": 12426,
      "amount": 1
    },
    {
      "id": 13072,
      "amount": 1
    },
    {
      "id": 13073,
      "amount": 1
    },
    {
      "id": 8842,
      "amount": 1
    },
    {
      "id": 4716,
      "amount": 1
    },
    {
      "id": 11802,
      "amount": 1
    },
    {
      "id": 1187,
      "amount": 2
    },
    {
      "id": 1387,
      "amount": 2
    },
    {
      "id": 9144,
      "amount": 8792
    },
    {
      "id": 4720,
      "amount": 1
    },
    {
      "id": 11806,
      "amount": 1
    },
    {
      "id": 12829,
      "amount": 1
    },
    {
      "id": 9758,
      "amount": 1
    },
    {
      "id": 9244,
      "amount": 2250
    },
    {
      "id": 4751,
      "amount": 1
    },
    {
      "id": 1712,
      "amount": 1
    },
    {
      "id": 10828,
      "amount": 4
    },
    {
      "id": 4087,
      "amount": 1
    },
    {
      "id": 4714,
      "amount": 1
    },
    {
      "id": 9143,
      "amount": 14173
    },
    {
      "id": 12954,
      "amount": 2
    },
    {
      "id": 12004,
      "amount": 1
    },
    {
      "id": 3755,
      "amount": 2
    },
    {
      "id": 9242,
      "amount": 2843
    },
    {
      "id": 4093,
      "amount": 1
    },
    {
      "id": 12020,
      "amount": 1
    },
    {
      "id": 4587,
      "amount": 2
    },
    {
      "id": 9185,
      "amount": 8
    },
    {
      "id": 9340,
      "amount": 390
    },
    {
      "id": 2503,
      "amount": 1
    },
    {
      "id": 1163,
      "amount": 1
    },
    {
      "id": 1127,
      "amount": 1
    },
    {
      "id": 1079,
      "amount": 1
    },
    {
      "id": 1201,
      "amount": 1
    },
    {
      "id": 2414,
      "amount": 1
    },
    {
      "id": 2497,
      "amount": 2
    },
    {
      "id": 9243,
      "amount": 450
    },
    {
      "id": 1319,
      "amount": 2
    },
    {
      "id": 1113,
      "amount": 1
    },
    {
      "id": 1093,
      "amount": 1
    },
    {
      "id": 4131,
      "amount": 5
    },
    {
      "id": 1215,
      "amount": 1
    },
    {
      "id": 4097,
      "amount": 1
    },
    {
      "id": 4740,
      "amount": 7966
    },
    {
      "id": 2491,
      "amount": 1
    },
    {
      "id": 6528,
      "amount": 1
    },
    {
      "id": 892,
      "amount": 1042
    },
    {
      "id": 11905,
      "amount": 1
    },
    {
      "id": 9756,
      "amount": 1
    },
    {
      "id": 4675,
      "amount": 3
    },
    {
      "id": 4091,
      "amount": 1
    },
    {
      "id": 1231,
      "amount": 1
    },
    {
      "id": 10551,
      "amount": 1
    },
    {
      "id": 11840,
      "amount": 1
    },
    {
      "id": 9245,
      "amount": 60
    },
    {
      "id": 4749,
      "amount": 1
    },
    {
      "id": 11283,
      "amount": 1
    },
    {
      "id": 4753,
      "amount": 1
    },
    {
      "id": 4759,
      "amount": 1
    },
    {
      "id": 6585,
      "amount": 1
    },
    {
      "id": 4566,
      "amount": 2
    },
    {
      "id": 12785,
      "amount": 2
    },
    {
      "id": 12806,
      "amount": 1
    },
    {
      "id": 1401,
      "amount": 1
    },
    {
      "id": 6,
      "amount": 1
    },
    {
      "id": 8,
      "amount": 1
    },
    {
      "id": 10,
      "amount": 1
    },
    {
      "id": 12,
      "amount": 1
    },
    {
      "id": 868,
      "amount": 1384
    },
    {
      "id": 12807,
      "amount": 1
    },
    {
      "id": 3749,
      "amount": 1
    },
    {
      "id": 993,
      "amount": 3
    },
    {
      "id": 20062,
      "amount": 1
    },
    {
      "id": 11804,
      "amount": 1
    },
    {
      "id": 11889,
      "amount": 1
    },
    {
      "id": 5009,
      "amount": 1
    },
    {
      "id": 11230,
      "amount": 33072
    },
    {
      "id": 12030,
      "amount": 1
    },
    {
      "id": 4736,
      "amount": 1
    },
    {
      "id": 4745,
      "amount": 1
    },
    {
      "id": 11818,
      "amount": 1
    },
    {
      "id": 11822,
      "amount": 1
    },
    {
      "id": 21003,
      "amount": 1
    },
    {
      "id": 11808,
      "amount": 1
    },
    {
      "id": 4718,
      "amount": 1
    },
    {
      "id": 4722,
      "amount": 1
    },
    {
      "id": 12357,
      "amount": 1
    },
    {
      "id": 12653,
      "amount": 1
    },
    {
      "id": 12006,
      "amount": 1
    },
    {
      "id": 5002,
      "amount": 1
    },
    {
      "id": 13271,
      "amount": 1
    },
    {
      "id": 4155,
      "amount": 1
    },
    {
      "id": 5010,
      "amount": 1
    },
    {
      "id": 12436,
      "amount": 1
    },
    {
      "id": 12773,
      "amount": 1
    },
    {
      "id": 5000,
      "amount": 1
    },
    {
      "id": 5001,
      "amount": 1
    },
    {
      "id": 7462,
      "amount": 1
    },
    {
      "id": 13239,
      "amount": 1
    },
    {
      "id": 6575,
      "amount": 1
    },
    {
      "id": 5011,
      "amount": 1
    },
    {
      "id": 6570,
      "amount": 1
    },
    {
      "id": 12924,
      "amount": 1
    },
    {
      "id": 2581,
      "amount": 1
    },
    {
      "id": 11664,
      "amount": 1
    },
    {
      "id": 10499,
      "amount": 1
    },
    {
      "id": 19547,
      "amount": 1
    },
    {
      "id": 12926,
      "amount": 1
    },
    {
      "id": 6328,
      "amount": 1
    },
    {
      "id": 2570,
      "amount": 1
    },
    {
      "id": 13307,
      "amount": 591302
    },
    {
      "id": 995,
      "amount": 28088239
    },
    {
      "id": 12934,
      "amount": 131652
    },
    {
      "id": 557,
      "amount": 10
    },
    {
      "id": 556,
      "amount": 2260
    },
    {
      "id": 558,
      "amount": 500
    },
    {
      "id": 562,
      "amount": 675
    },
    {
      "id": 554,
      "amount": 1
    },
    {
      "id": 2434,
      "amount": 691
    },
    {
      "id": 3024,
      "amount": 192
    },
    {
      "id": 2444,
      "amount": 173
    },
    {
      "id": 555,
      "amount": 4465
    },
    {
      "id": 565,
      "amount": 13051
    },
    {
      "id": 4699,
      "amount": 46
    },
    {
      "id": 563,
      "amount": 855
    },
    {
      "id": 560,
      "amount": 3984
    },
    {
      "id": 139,
      "amount": 36
    },
    {
      "id": 3026,
      "amount": 5
    },
    {
      "id": 169,
      "amount": 30
    },
    {
      "id": 564,
      "amount": 125
    },
    {
      "id": 561,
      "amount": 948
    },
    {
      "id": 4697,
      "amount": 240
    },
    {
      "id": 566,
      "amount": 553
    },
    {
      "id": 7936,
      "amount": 7740
    },
    {
      "id": 141,
      "amount": 45
    },
    {
      "id": 3028,
      "amount": 8
    },
    {
      "id": 171,
      "amount": 15
    },
    {
      "id": 3040,
      "amount": 37
    },
    {
      "id": 2442,
      "amount": 28
    },
    {
      "id": 2436,
      "amount": 40
    },
    {
      "id": 2440,
      "amount": 41
    },
    {
      "id": 2446,
      "amount": 510
    },
    {
      "id": 143,
      "amount": 60
    },
    {
      "id": 3030,
      "amount": 6
    },
    {
      "id": 173,
      "amount": 12
    },
    {
      "id": 3042,
      "amount": 1
    },
    {
      "id": 163,
      "amount": 10
    },
    {
      "id": 145,
      "amount": 8
    },
    {
      "id": 157,
      "amount": 22
    },
    {
      "id": 229,
      "amount": 133
    },
    {
      "id": 6687,
      "amount": 373
    },
    {
      "id": 6685,
      "amount": 363
    },
    {
      "id": 12699,
      "amount": 2
    },
    {
      "id": 3044,
      "amount": 1
    },
    {
      "id": 165,
      "amount": 38
    },
    {
      "id": 147,
      "amount": 8
    },
    {
      "id": 159,
      "amount": 8
    },
    {
      "id": 6689,
      "amount": 1
    },
    {
      "id": 6691,
      "amount": 3
    },
    {
      "id": 12697,
      "amount": 1
    },
    {
      "id": 3046,
      "amount": 1
    },
    {
      "id": 167,
      "amount": 8
    },
    {
      "id": 149,
      "amount": 9
    },
    {
      "id": 161,
      "amount": 9
    },
    {
      "id": 397,
      "amount": 70
    },
    {
      "id": 6571,
      "amount": 1
    },
    {
      "id": 1623,
      "amount": 2
    },
    {
      "id": 1619,
      "amount": 178
    },
    {
      "id": 1615,
      "amount": 2
    },
    {
      "id": 1617,
      "amount": 52
    },
    {
      "id": 13066,
      "amount": 1
    },
    {
      "id": 1987,
      "amount": 2500
    },
    {
      "id": 7946,
      "amount": 923
    },
    {
      "id": 6289,
      "amount": 140
    },
    {
      "id": 3144,
      "amount": 50
    },
    {
      "id": 11212,
      "amount": 1
    },
    {
      "id": 9193,
      "amount": 24
    },
    {
      "id": 13249,
      "amount": 10
    },
    {
      "id": 12938,
      "amount": 40
    },
    {
      "id": 8782,
      "amount": 50
    },
    {
      "id": 11936,
      "amount": 550
    },
    {
      "id": 3053,
      "amount": 2
    },
    {
      "id": 1939,
      "amount": 1000
    },
    {
      "id": 8780,
      "amount": 100
    },
    {
      "id": 1779,
      "amount": 439
    },
    {
      "id": 451,
      "amount": 37
    },
    {
      "id": 453,
      "amount": 564
    },
    {
      "id": 391,
      "amount": 8
    },
    {
      "id": 1035,
      "amount": 1
    },
    {
      "id": 3387,
      "amount": 1
    },
    {
      "id": 1513,
      "amount": 100
    },
    {
      "id": 245,
      "amount": 70
    },
    {
      "id": 2363,
      "amount": 16
    },
    {
      "id": 449,
      "amount": 17
    },
    {
      "id": 444,
      "amount": 100
    },
    {
      "id": 5974,
      "amount": 20
    },
    {
      "id": 11849,
      "amount": 17
    },
    {
      "id": 5290,
      "amount": 2
    },
    {
      "id": 385,
      "amount": 806
    },
    {
      "id": 11787,
      "amount": 1
    },
    {
      "id": 1749,
      "amount": 75
    },
    {
      "id": 440,
      "amount": 100
    },
    {
      "id": 10976,
      "amount": 1
    },
    {
      "id": 2,
      "amount": 250
    },
    {
      "id": 12695,
      "amount": 200
    },
    {
      "id": 217,
      "amount": 1500
    },
    {
      "id": 3049,
      "amount": 500
    },
    {
      "id": 13137,
      "amount": 1
    },
    {
      "id": 13104,
      "amount": 1
    },
    {
      "id": 11136,
      "amount": 1
    },
    {
      "id": 13117,
      "amount": 1
    },
    {
      "id": 13112,
      "amount": 1
    },
    {
      "id": 13129,
      "amount": 1
    },
    {
      "id": 13133,
      "amount": 1
    },
    {
      "id": 13113,
      "amount": 4
    },
    {
      "id": 13125,
      "amount": 1
    },
    {
      "id": 13118,
      "amount": 1
    },
    {
      "id": 13108,
      "amount": 1
    },
    {
      "id": 13121,
      "amount": 1
    },
    {
      "id": 13105,
      "amount": 1
    },
    null,
    null,
    null,
    null,
    null,
    null,
    null,
    null,
    null,
    null,
    null,
    null,
    null,
    null,
    null,
    null,
    null,
    null,
    null,
    null,
    null,
    null,
    null,
    null,
    null,
    null,
    null,
    null,
    null,
    null,
    null,
    null,
    null,
    null,
    null,
    null,
    null,
    null,
    null,
    null,
    null,
    null,
    null,
    null,
    null,
    null,
    null,
    null,
    null,
    null,
    null,
    null,
    null,
    null,
    null,
    null,
    null,
    null,
    null,
    null,
    null,
    null,
    null,
    null,
    null,
    null,
    null,
    null,
    null,
    null,
    null,
    null,
    null,
    null,
    null,
    null,
    null,
    null,
    null,
    null,
    null,
    null,
    null,
    null,
    null,
    null,
    null,
    null,
    null,
    null,
    null,
    null,
    null,
    null,
    null,
    null,
    null,
    null,
    null,
    null,
    null,
    null,
    null,
    null,
    null,
    null,
    null,
    null,
    null,
    null,
    null,
    null,
    null,
    null,
    null,
    null,
    null,
    null,
    null,
    null,
    null,
    null,
    null,
    null,
    null,
    null,
    null,
    null,
    null,
    null,
    null,
    null,
    null,
    null,
    null,
    null,
    null,
    null,
    null,
    null,
    null,
    null,
    null,
    null,
    null,
    null,
    null,
    null,
    null,
    null,
    null,
    null,
    null,
    null,
    null,
    null,
    null,
    null,
    null,
    null,
    null,
    null,
    null,
    null,
    null,
    null,
    null,
    null,
    null,
    null,
    null,
    null,
    null,
    null,
    null,
    null,
    null,
    null,
    null,
    null,
    null,
    null,
    null,
    null,
    null,
    null,
    null,
    null,
    null,
    null,
    null,
    null,
    null,
    null,
    null,
    null,
    null,
    null,
    null,
    null,
    null,
    null,
    null,
    null,
    null,
    null,
    null,
    null,
    null,
    null,
    null,
    null,
    null,
    null,
    null,
    null,
    null,
    null,
    null,
    null,
    null,
    null,
    null,
    null,
    null,
    null,
    null,
    null,
    null,
    null,
    null,
    null,
    null,
    null,
    null,
    null,
    null,
    null,
    null,
    null,
    null,
    null,
    null,
    null,
    null,
    null,
    null,
    null,
    null,
    null,
    null,
    null,
    null,
    null,
    null,
    null,
    null,
    null,
    null,
    null,
    null,
    null,
    null,
    null,
    null,
    null,
    null,
    null,
    null,
    null,
    null,
    null,
    null,
    null,
    null,
    null,
    null,
    null,
    null,
    null,
    null,
    null,
    null,
    null,
    null,
    null,
    null,
    null,
    null,
    null,
    null,
    null,
    null,
    null,
    null,
    null,
    null,
    null,
    null,
    null,
    null,
    null,
    null,
    null,
    null,
    null,
    null,
    null,
    null,
    null,
    null,
    null,
    null,
    null,
    null,
    null,
    null,
    null,
    null,
    null,
    null,
    null,
    null,
    null,
    null,
    null,
    null,
    null,
    null,
    null,
    null,
    null,
    null,
    null,
    null,
    null,
    null,
    null,
    null,
    null,
    null,
    null,
    null,
    null,
    null,
    null,
    null,
    null,
    null,
    null,
    null,
    null,
    null,
    null,
    null,
    null,
    null,
    null,
    null,
    null,
    null,
    null,
    null,
    null,
    null,
    null,
    null,
    null,
    null,
    null,
    null,
    null,
    null,
    null,
    null,
    null,
    null,
    null,
    null,
    null,
    null,
    null,
    null,
    null,
    null,
    null,
    null,
    null,
    null,
    null,
    null,
    null,
    null,
    null,
    null,
    null,
    null,
    null,
    null,
    null,
    null,
    null,
    null,
    null,
    null,
    null,
    null,
    null,
    null,
    null,
    null,
    null,
    null,
    null,
    null,
    null,
    null,
    null,
    null,
    null,
    null,
    null,
    null,
    null,
    null,
    null,
    null,
    null,
    null,
    null,
    null,
    null,
    null,
    null,
    null,
    null,
    null,
    null,
    null,
    null,
    null,
    null,
    null,
    null,
    null,
    null,
    null,
    null,
    null,
    null,
    null,
    null,
    null,
    null,
    null,
    null,
    null,
    null,
    null,
    null,
    null,
    null,
    null,
    null,
    null
  ],
  "tabAmounts": [
    69,
    106,
    97,
    13,
    0,
    0,
    0,
    0,
    0,
    0
  ],
  "inventory": [
    null,
    null,
    null,
    null,
    null,
    null,
    null,
    null,
    null,
    null,
    null,
    null,
    null,
    null,
    null,
    null,
    null,
    null,
    null,
    null,
    null,
    null,
    null,
    null,
    null,
    null,
    null,
    null
  ],
  "equipment": [
    null,
    null,
    null,
    null,
    null,
    null,
    null,
    null,
    null,
    null,
    null,
    null,
    null,
    null
  ],
  "lootingBag": [],
  "shopItems": [
    {
      "id": 19478,
      "amount": 2
    },
    {
      "id": 12596,
      "amount": 1
    },
    {
      "id": 3488,
      "amount": 2
    },
    {
      "id": 3481,
      "amount": 1
    },
    {
      "id": 3485,
      "amount": 1
    },
    {
      "id": 2581,
      "amount": 2
    },
    {
      "id": 12351,
      "amount": 1
    },
    null,
    null,
    null,
    null,
    null,
    null,
    null,
    null,
    null,
    null,
    null,
    null,
    null,
    null,
    null,
    null,
    null,
    null,
    null,
    null,
    null,
    null,
    null,
    null,
    null,
    null,
    null,
    null,
    null
  ],
  "shopPrices": [
    10000000,
    15000000,
    5000000,
    10000000,
    6500000,
    5000000,
    10000000,
    0,
    0,
    0,
    0,
    0,
    0,
    0,
    0,
    0,
    0,
    0,
    0,
    0,
    0,
    0,
    0,
    0,
    0,
    0,
    0,
    0,
    0,
    0,
    0,
    0,
    0,
    0,
    0,
    0
  ],
  "pouches": [
    0,
    0,
    0,
    0
  ]
}