{
  "bank": [
    {
      "id": 385,
      "amount": 80
    },
    {
      "id": 2436,
      "amount": 10
    },
    {
      "id": 2440,
      "amount": 10
    },
    {
      "id": 2442,
      "amount": 10
    },
    {
      "id": 3040,
      "amount": 10
    },
    {
      "id": 3024,
      "amount": 10
    },
    {
      "id": 6603,
      "amount": 1
    },
    {
      "id": 9705,
      "amount": 1
    },
    {
      "id": 9706,
      "amount": 500
    },
    {
      "id": 10025,
      "amount": 1
    },
    {
      "id": 6828,
      "amount": 1
    },
    {
      "id": 20703,
      "amount": 1
    },
    {
      "id": 1513,
      "amount": 307
    },
    {
      "id": 1617,
      "amount": 560
    },
    {
      "id": 215,
      "amount": 72
    },
    {
      "id": 7158,
      "amount": 1
    },
    {
      "id": 20131,
      "amount": 1
    },
    {
      "id": 2635,
      "amount": 9
    },
    {
      "id": 3755,
      "amount": 1
    },
    {
      "id": 1621,
      "amount": 8
    },
    {
      "id": 9185,
      "amount": 7
    },
    {
      "id": 2641,
      "amount": 2
    },
    {
      "id": 211,
      "amount": 24
    },
    {
      "id": 4585,
      "amount": 2
    },
    {
      "id": 20166,
      "amount": 3
    },
    {
      "id": 12494,
      "amount": 2
    },
    {
      "id": 2639,
      "amount": 8
    },
    {
      "id": 6527,
      "amount": 2
    },
    {
      "id": 2649,
      "amount": 6
    },
    {
      "id": 10378,
      "amount": 1
    },
    {
      "id": 1377,
      "amount": 2
    },
    {
      "id": 4759,
      "amount": 1
    },
    {
      "id": 1025,
      "amount": 5
    },
    {
      "id": 12203,
      "amount": 3
    },
    {
      "id": 10384,
      "amount": 2
    },
    {
      "id": 10450,
      "amount": 2
    },
    {
      "id": 4740,
      "amount": 664
    },
    {
      "id": 13113,
      "amount": 2
    },
    {
      "id": 2497,
      "amount": 1
    },
    {
      "id": 13307,
      "amount": 1654
    },
    {
      "id": 536,
      "amount": 9
    },
    {
      "id": 9144,
      "amount": 1496
    },
    {
      "id": 173,
      "amount": 1
    },
    {
      "id": 2444,
      "amount": 9
    },
    {
      "id": 209,
      "amount": 18
    },
    {
      "id": 11934,
      "amount": 89
    },
    {
      "id": 20140,
      "amount": 1
    },
    {
      "id": 2550,
      "amount": 3
    },
    {
      "id": 199,
      "amount": 27
    },
    {
      "id": 2651,
      "amount": 7
    },
    {
      "id": 12193,
      "amount": 1
    },
    {
      "id": 10390,
      "amount": 1
    },
    {
      "id": 217,
      "amount": 50
    },
    {
      "id": 2643,
      "amount": 3
    },
    {
      "id": 20134,
      "amount": 1
    },
    {
      "id": 2645,
      "amount": 2
    },
    {
      "id": 6528,
      "amount": 1
    },
    {
      "id": 205,
      "amount": 3
    },
    {
      "id": 2491,
      "amount": 1
    },
    {
      "id": 10372,
      "amount": 1
    },
    {
      "id": 2503,
      "amount": 1
    },
    {
      "id": 4012,
      "amount": 2
    },
    {
      "id": 12199,
      "amount": 1
    },
    {
      "id": 20161,
      "amount": 1
    },
    {
      "id": 10386,
      "amount": 1
    },
    {
      "id": 2363,
      "amount": 12
    },
    {
      "id": 3749,
      "amount": 1
    },
    {
      "id": 12608,
      "amount": 2
    },
    {
      "id": 371,
      "amount": 56
    },
    {
      "id": 1149,
      "amount": 2
    },
    {
      "id": 4757,
      "amount": 1
    },
    {
      "id": 20000,
      "amount": 1
    },
    {
      "id": 4751,
      "amount": 1
    },
    {
      "id": 4724,
      "amount": 1
    },
    {
      "id": 12506,
      "amount": 1
    },
    {
      "id": 2657,
      "amount": 1
    },
    {
      "id": 12500,
      "amount": 1
    },
    {
      "id": 4745,
      "amount": 1
    },
    {
      "id": 4675,
      "amount": 1
    },
    {
      "id": 1623,
      "amount": 12
    },
    {
      "id": 1619,
      "amount": 35
    },
    {
      "id": 995,
      "amount": 890
    },
    {
      "id": 1113,
      "amount": 1
    },
    {
      "id": 4753,
      "amount": 1
    },
    {
      "id": 4736,
      "amount": 1
    },
    {
      "id": 11898,
      "amount": 1
    },
    {
      "id": 10499,
      "amount": 1
    },
    {
      "id": 11899,
      "amount": 1
    },
    {
      "id": 12502,
      "amount": 1
    },
    {
      "id": 12498,
      "amount": 1
    },
    null,
    null,
    null,
    null,
    null,
    null,
    null,
    null,
    null,
    null,
    null,
    null,
    null,
    null,
    null,
    null,
    null,
    null,
    null,
    null,
    null,
    null,
    null,
    null,
    null,
    null,
    null,
    null,
    null,
    null,
    null,
    null,
    null,
    null,
    null,
    null,
    null,
    null,
    null,
    null,
    null,
    null,
    null,
    null,
    null,
    null,
    null,
    null,
    null,
    null,
    null,
    null,
    null,
    null,
    null,
    null,
    null,
    null,
    null,
    null,
    null,
    null,
    null,
    null,
    null,
    null,
    null,
    null,
    null,
    null,
    null,
    null,
    null,
    null,
    null,
    null,
    null,
    null,
    null,
    null,
    null,
    null,
    null,
    null,
    null,
    null,
    null,
    null,
    null,
    null,
    null,
    null,
    null,
    null,
    null,
    null,
    null,
    null,
    null,
    null,
    null,
    null,
    null,
    null,
    null,
    null,
    null,
    null,
    null,
    null,
    null,
    null,
    null,
    null,
    null,
    null,
    null,
    null,
    null,
    null,
    null,
    null,
    null,
    null,
    null,
    null,
    null,
    null,
    null,
    null,
    null,
    null,
    null,
    null,
    null,
    null,
    null,
    null,
    null,
    null,
    null,
    null,
    null,
    null,
    null,
    null,
    null,
    null,
    null,
    null,
    null,
    null,
    null,
    null,
    null,
    null,
    null,
    null,
    null,
    null,
    null,
    null,
    null,
    null,
    null,
    null,
    null,
    null,
    null,
    null,
    null,
    null,
    null,
    null,
    null,
    null,
    null,
    null,
    null,
    null,
    null,
    null,
    null,
    null,
    null,
    null,
    null,
    null,
    null,
    null,
    null,
    null,
    null,
    null,
    null,
    null,
    null,
    null,
    null,
    null,
    null,
    null,
    null,
    null,
    null,
    null,
    null,
    null,
    null,
    null,
    null,
    null,
    null,
    null,
    null,
    null,
    null,
    null,
    null,
    null,
    null,
    null,
    null,
    null,
    null,
    null,
    null,
    null,
    null,
    null,
    null,
    null,
    null,
    null,
    null,
    null,
    null,
    null,
    null,
    null,
    null,
    null,
    null,
    null,
    null,
    null,
    null,
    null,
    null,
    null,
    null,
    null,
    null,
    null,
    null,
    null,
    null,
    null,
    null,
    null
  ],
  "tabAmounts": [
    90,
    0,
    0,
    0,
    0,
    0,
    0,
    0,
    0,
    0
  ],
  "inventory": [
    null,
    null,
    null,
    null,
    null,
    null,
    null,
    null,
    null,
    null,
    null,
    null,
    null,
    null,
    null,
    null,
    null,
    null,
    null,
    null,
    null,
    null,
    null,
    null,
    null,
    null,
    null,
    null
  ],
  "equipment": [
    null,
    null,
    {
      "id": 19553,
      "amount": 1
    },
    null,
    null,
    null,
    null,
    null,
    null,
    null,
    null,
    null,
    null,
    null
  ],
  "shopItems": [
    null,
    null,
    null,
    null,
    null,
    null,
    null,
    null,
    null,
    null,
    null,
    null,
    null,
    null,
    null,
    null,
    null,
    null,
    null,
    null,
    null,
    null,
    null,
    null,
    null,
    null,
    null,
    null,
    null,
    null,
    null,
    null,
    null,
    null,
    null,
    null
  ],
  "shopPrices": [
    0,
    0,
    0,
    0,
    0,
    0,
    0,
    0,
    0,
    0,
    0,
    0,
    0,
    0,
    0,
    0,
    0,
    0,
    0,
    0,
    0,
    0,
    0,
    0,
    0,
    0,
    0,
    0,
    0,
    0,
    0,
    0,
    0,
    0,
    0,
    0
  ],
  "pouches": [
    0,
    0,
    0,
    0
  ]
}