{
  "bank": [
    {
      "id": 6603,
      "amount": 1
    },
    {
      "id": 2436,
      "amount": 3
    },
    {
      "id": 2440,
      "amount": 4
    },
    {
      "id": 2442,
      "amount": 3
    },
    {
      "id": 2444,
      "amount": 9
    },
    {
      "id": 3040,
      "amount": 10
    },
    {
      "id": 453,
      "amount": 331
    },
    {
      "id": 1187,
      "amount": 1
    },
    {
      "id": 1513,
      "amount": 35
    },
    {
      "id": 13137,
      "amount": 1
    },
    {
      "id": 554,
      "amount": 400
    },
    {
      "id": 13104,
      "amount": 1
    },
    {
      "id": 13112,
      "amount": 1
    },
    {
      "id": 13117,
      "amount": 1
    },
    {
      "id": 13108,
      "amount": 1
    },
    {
      "id": 13129,
      "amount": 1
    },
    {
      "id": 11136,
      "amount": 1
    },
    {
      "id": 555,
      "amount": 550
    },
    {
      "id": 556,
      "amount": 475
    },
    {
      "id": 557,
      "amount": 550
    },
    {
      "id": 558,
      "amount": 400
    },
    {
      "id": 563,
      "amount": 50
    },
    {
      "id": 561,
      "amount": 30
    },
    {
      "id": 562,
      "amount": 600
    },
    {
      "id": 3749,
      "amount": 2
    },
    {
      "id": 590,
      "amount": 2
    },
    {
      "id": 1564,
      "amount": 1
    },
    {
      "id": 20131,
      "amount": 1
    },
    {
      "id": 13307,
      "amount": 30985
    },
    {
      "id": 3030,
      "amount": 1
    },
    {
      "id": 7936,
      "amount": 263
    },
    {
      "id": 229,
      "amount": 13
    },
    {
      "id": 9143,
      "amount": 1
    },
    {
      "id": 2366,
      "amount": 2
    },
    {
      "id": 209,
      "amount": 4
    },
    {
      "id": 1619,
      "amount": 19
    },
    {
      "id": 139,
      "amount": 9
    },
    {
      "id": 559,
      "amount": 150
    },
    {
      "id": 4740,
      "amount": 912
    },
    {
      "id": 143,
      "amount": 3
    },
    {
      "id": 2446,
      "amount": 1
    },
    {
      "id": 1605,
      "amount": 442
    },
    {
      "id": 305,
      "amount": 1
    },
    {
      "id": 309,
      "amount": 1
    },
    {
      "id": 313,
      "amount": 500
    },
    {
      "id": 314,
      "amount": 500
    },
    {
      "id": 11940,
      "amount": 516
    },
    {
      "id": 233,
      "amount": 1
    },
    {
      "id": 1275,
      "amount": 1
    },
    {
      "id": 12013,
      "amount": 1
    },
    {
      "id": 1267,
      "amount": 1
    },
    {
      "id": 303,
      "amount": 1
    },
    {
      "id": 301,
      "amount": 1
    },
    {
      "id": 315,
      "amount": 25
    },
    {
      "id": 11230,
      "amount": 2000
    },
    {
      "id": 13121,
      "amount": 1
    },
    {
      "id": 2434,
      "amount": 12
    },
    {
      "id": 6529,
      "amount": 16064
    },
    {
      "id": 946,
      "amount": 1
    },
    {
      "id": 1515,
      "amount": 131
    },
    {
      "id": 1359,
      "amount": 1
    },
    {
      "id": 1623,
      "amount": 38
    },
    {
      "id": 1615,
      "amount": 1
    },
    {
      "id": 1436,
      "amount": 250
    },
    {
      "id": 1621,
      "amount": 6068
    },
    {
      "id": 1755,
      "amount": 1
    },
    {
      "id": 1093,
      "amount": 7
    },
    {
      "id": 1163,
      "amount": 4
    },
    {
      "id": 1201,
      "amount": 5
    },
    {
      "id": 9075,
      "amount": 1000
    },
    {
      "id": 1333,
      "amount": 5
    },
    {
      "id": 1079,
      "amount": 5
    },
    {
      "id": 1113,
      "amount": 4
    },
    {
      "id": 4587,
      "amount": 1
    },
    {
      "id": 215,
      "amount": 13
    },
    {
      "id": 2663,
      "amount": 2
    },
    {
      "id": 4131,
      "amount": 3
    },
    {
      "id": 2641,
      "amount": 1
    },
    {
      "id": 2550,
      "amount": 2
    },
    {
      "id": 1127,
      "amount": 3
    },
    {
      "id": 2645,
      "amount": 1
    },
    {
      "id": 12496,
      "amount": 1
    },
    {
      "id": 2635,
      "amount": 2
    },
    {
      "id": 4675,
      "amount": 2
    },
    {
      "id": 1303,
      "amount": 1
    },
    {
      "id": 892,
      "amount": 400
    },
    {
      "id": 1185,
      "amount": 1
    },
    {
      "id": 1452,
      "amount": 1
    },
    {
      "id": 2489,
      "amount": 1
    },
    {
      "id": 7060,
      "amount": 372
    },
    {
      "id": 4155,
      "amount": 1
    },
    {
      "id": 2363,
      "amount": 4
    },
    {
      "id": 4012,
      "amount": 1
    },
    {
      "id": 371,
      "amount": 15
    },
    {
      "id": 532,
      "amount": 726
    },
    {
      "id": 952,
      "amount": 1
    },
    {
      "id": 249,
      "amount": 220
    },
    {
      "id": 257,
      "amount": 20
    },
    {
      "id": 3051,
      "amount": 40
    },
    {
      "id": 211,
      "amount": 9
    },
    {
      "id": 255,
      "amount": 7
    },
    {
      "id": 199,
      "amount": 100
    },
    {
      "id": 145,
      "amount": 2
    },
    {
      "id": 157,
      "amount": 1
    },
    {
      "id": 163,
      "amount": 2
    },
    {
      "id": 3028,
      "amount": 1
    },
    {
      "id": 985,
      "amount": 4
    },
    {
      "id": 1249,
      "amount": 4
    },
    {
      "id": 2651,
      "amount": 1
    },
    {
      "id": 3024,
      "amount": 3
    },
    {
      "id": 811,
      "amount": 1000
    },
    {
      "id": 9144,
      "amount": 20
    },
    {
      "id": 3105,
      "amount": 1
    },
    {
      "id": 1712,
      "amount": 1
    },
    {
      "id": 13262,
      "amount": 1
    },
    {
      "id": 2347,
      "amount": 1
    },
    {
      "id": 8851,
      "amount": 119
    },
    {
      "id": 8850,
      "amount": 1
    },
    {
      "id": 5295,
      "amount": 1
    },
    {
      "id": 12954,
      "amount": 1
    },
    {
      "id": 1434,
      "amount": 1
    },
    {
      "id": 149,
      "amount": 3
    },
    {
      "id": 167,
      "amount": 3
    },
    {
      "id": 161,
      "amount": 3
    },
    {
      "id": 385,
      "amount": 10
    },
    {
      "id": 391,
      "amount": 8
    },
    {
      "id": 7946,
      "amount": 375
    },
    {
      "id": 10499,
      "amount": 1
    },
    {
      "id": 9185,
      "amount": 1
    },
    {
      "id": 2491,
      "amount": 1
    },
    {
      "id": 2503,
      "amount": 1
    },
    {
      "id": 2497,
      "amount": 1
    },
    {
      "id": 141,
      "amount": 3
    },
    {
      "id": 12006,
      "amount": 1
    },
    {
      "id": 11284,
      "amount": 1
    },
    {
      "id": 147,
      "amount": 1
    },
    {
      "id": 159,
      "amount": 1
    },
    {
      "id": 165,
      "amount": 1
    },
    {
      "id": 13387,
      "amount": 1
    },
    {
      "id": 13389,
      "amount": 2
    },
    {
      "id": 987,
      "amount": 1
    },
    {
      "id": 13385,
      "amount": 1
    },
    {
      "id": 2681,
      "amount": 1
    },
    {
      "id": 1305,
      "amount": 1
    },
    {
      "id": 995,
      "amount": 250000
    },
    null,
    null,
    null,
    null,
    null,
    null,
    null,
    null,
    null,
    null,
    null,
    null,
    null,
    null,
    null,
    null,
    null,
    null,
    null,
    null,
    null,
    null,
    null,
    null,
    null,
    null,
    null,
    null,
    null,
    null,
    null,
    null,
    null,
    null,
    null,
    null,
    null,
    null,
    null,
    null,
    null,
    null,
    null,
    null,
    null,
    null,
    null,
    null,
    null,
    null,
    null,
    null,
    null,
    null,
    null,
    null,
    null,
    null,
    null,
    null,
    null,
    null,
    null,
    null,
    null,
    null,
    null,
    null,
    null,
    null,
    null,
    null,
    null,
    null,
    null,
    null,
    null,
    null,
    null,
    null,
    null,
    null,
    null,
    null,
    null,
    null,
    null,
    null,
    null,
    null,
    null,
    null,
    null,
    null,
    null,
    null,
    null,
    null,
    null,
    null,
    null,
    null,
    null,
    null,
    null,
    null,
    null,
    null,
    null,
    null,
    null,
    null,
    null,
    null,
    null,
    null,
    null,
    null,
    null,
    null,
    null,
    null,
    null,
    null,
    null,
    null,
    null,
    null,
    null,
    null,
    null,
    null,
    null,
    null,
    null,
    null,
    null,
    null,
    null,
    null,
    null,
    null,
    null,
    null,
    null,
    null,
    null,
    null,
    null,
    null,
    null,
    null,
    null,
    null,
    null,
    null,
    null,
    null,
    null,
    null,
    null,
    null,
    null,
    null,
    null,
    null,
    null,
    null,
    null,
    null,
    null,
    null,
    null,
    null,
    null,
    null,
    null,
    null,
    null,
    null,
    null,
    null,
    null,
    null,
    null,
    null,
    null,
    null,
    null,
    null,
    null,
    null,
    null,
    null,
    null,
    null,
    null,
    null,
    null,
    null,
    null,
    null,
    null,
    null,
    null,
    null,
    null,
    null,
    null,
    null,
    null,
    null,
    null,
    null,
    null,
    null,
    null,
    null,
    null,
    null,
    null,
    null,
    null,
    null,
    null,
    null,
    null,
    null,
    null,
    null,
    null,
    null,
    null,
    null,
    null,
    null,
    null,
    null,
    null,
    null,
    null,
    null,
    null,
    null,
    null,
    null,
    null,
    null,
    null,
    null,
    null,
    null,
    null,
    null,
    null,
    null,
    null,
    null,
    null,
    null,
    null,
    null,
    null,
    null,
    null,
    null,
    null,
    null,
    null,
    null,
    null,
    null,
    null,
    null,
    null,
    null,
    null,
    null,
    null,
    null,
    null,
    null,
    null,
    null,
    null,
    null,
    null,
    null,
    null,
    null,
    null,
    null,
    null,
    null,
    null,
    null,
    null,
    null,
    null,
    null,
    null,
    null,
    null,
    null,
    null,
    null,
    null,
    null,
    null,
    null,
    null,
    null,
    null,
    null,
    null,
    null,
    null,
    null,
    null,
    null,
    null,
    null,
    null,
    null,
    null,
    null,
    null,
    null,
    null,
    null,
    null,
    null,
    null,
    null,
    null,
    null,
    null,
    null,
    null,
    null,
    null,
    null,
    null,
    null,
    null,
    null,
    null,
    null,
    null,
    null,
    null,
    null,
    null,
    null,
    null,
    null,
    null,
    null,
    null,
    null,
    null,
    null,
    null,
    null,
    null,
    null,
    null,
    null,
    null,
    null,
    null,
    null,
    null,
    null,
    null,
    null,
    null,
    null,
    null,
    null,
    null,
    null,
    null,
    null,
    null,
    null,
    null,
    null,
    null,
    null,
    null,
    null,
    null,
    null,
    null,
    null,
    null,
    null,
    null,
    null,
    null,
    null,
    null,
    null,
    null,
    null,
    null,
    null,
    null,
    null,
    null,
    null,
    null,
    null,
    null,
    null,
    null,
    null,
    null,
    null,
    null,
    null,
    null,
    null,
    null,
    null,
    null,
    null,
    null,
    null,
    null,
    null,
    null,
    null,
    null,
    null,
    null,
    null,
    null,
    null,
    null,
    null,
    null,
    null,
    null,
    null,
    null,
    null,
    null,
    null,
    null,
    null,
    null,
    null,
    null,
    null,
    null,
    null,
    null,
    null,
    null,
    null,
    null,
    null,
    null,
    null,
    null,
    null,
    null,
    null,
    null,
    null,
    null,
    null,
    null,
    null,
    null,
    null,
    null,
    null,
    null,
    null,
    null,
    null,
    null,
    null,
    null,
    null,
    null,
    null,
    null,
    null,
    null,
    null,
    null,
    null,
    null,
    null,
    null,
    null,
    null,
    null,
    null,
    null,
    null,
    null,
    null,
    null,
    null,
    null,
    null,
    null,
    null,
    null,
    null,
    null,
    null,
    null,
    null,
    null,
    null,
    null,
    null,
    null,
    null,
    null,
    null,
    null,
    null,
    null,
    null,
    null,
    null,
    null,
    null,
    null,
    null,
    null,
    null,
    null,
    null,
    null,
    null,
    null,
    null,
    null,
    null,
    null,
    null,
    null,
    null,
    null,
    null,
    null,
    null,
    null,
    null,
    null,
    null,
    null,
    null,
    null,
    null,
    null,
    null,
    null,
    null,
    null,
    null,
    null,
    null,
    null,
    null,
    null,
    null,
    null,
    null,
    null,
    null,
    null,
    null,
    null,
    null,
    null,
    null,
    null,
    null,
    null,
    null,
    null,
    null,
    null,
    null,
    null,
    null,
    null,
    null,
    null,
    null,
    null,
    null,
    null,
    null,
    null,
    null
  ],
  "tabAmounts": [
    145,
    0,
    0,
    0,
    0,
    0,
    0,
    0,
    0,
    0
  ],
  "inventory": [
    null,
    null,
    null,
    null,
    null,
    null,
    null,
    null,
    null,
    null,
    null,
    null,
    null,
    null,
    null,
    null,
    null,
    null,
    null,
    null,
    null,
    null,
    null,
    null,
    null,
    null,
    null,
    null
  ],
  "equipment": [
    {
      "id": 10828,
      "amount": 1
    },
    {
      "id": 6570,
      "amount": 1
    },
    {
      "id": 6585,
      "amount": 1
    },
    {
      "id": 13263,
      "amount": 1
    },
    {
      "id": 10551,
      "amount": 1
    },
    null,
    null,
    {
      "id": 11834,
      "amount": 1
    },
    null,
    {
      "id": 7462,
      "amount": 1
    },
    {
      "id": 11840,
      "amount": 1
    },
    null,
    {
      "id": 19550,
      "amount": 1
    },
    {
      "id": 9143,
      "amount": 3459
    }
  ],
  "lootingBag": [],
  "shopItems": [
    {
      "id": 1149,
      "amount": 2
    },
    {
      "id": 11818,
      "amount": 1
    },
    {
      "id": 12502,
      "amount": 1
    },
    {
      "id": 20166,
      "amount": 1
    },
    {
      "id": 13387,
      "amount": 1
    },
    {
      "id": 13389,
      "amount": 1
    },
    null,
    null,
    null,
    null,
    null,
    null,
    null,
    null,
    null,
    null,
    null,
    null,
    null,
    null,
    null,
    null,
    null,
    null,
    null,
    null,
    null,
    null,
    null,
    null,
    null,
    null,
    null,
    null,
    null,
    null
  ],
  "shopPrices": [
    2147000000,
    2500000,
    1500000,
    800000000,
    20000000,
    20000000,
    0,
    0,
    0,
    0,
    0,
    0,
    0,
    0,
    0,
    0,
    0,
    0,
    0,
    0,
    0,
    0,
    0,
    0,
    0,
    0,
    0,
    0,
    0,
    0,
    0,
    0,
    0,
    0,
    0,
    0
  ],
  "pouches": [
    0,
    0,
    0,
    0
  ]
}