{
  "bank": [
    {
      "id": 590,
      "amount": 2
    },
    {
      "id": 303,
      "amount": 2
    },
    {
      "id": 1925,
      "amount": 1
    },
    {
      "id": 1931,
      "amount": 1
    },
    {
      "id": 882,
      "amount": 1
    },
    {
      "id": 556,
      "amount": 250
    },
    {
      "id": 558,
      "amount": 1
    },
    {
      "id": 555,
      "amount": 186
    },
    {
      "id": 1568,
      "amount": 1
    },
    {
      "id": 1205,
      "amount": 1
    },
    {
      "id": 560,
      "amount": 135
    },
    {
      "id": 557,
      "amount": 4
    },
    {
      "id": 559,
      "amount": 79
    },
    {
      "id": 563,
      "amount": 45
    },
    {
      "id": 1462,
      "amount": 1
    },
    {
      "id": 307,
      "amount": 1
    },
    {
      "id": 313,
      "amount": 500
    },
    {
      "id": 314,
      "amount": 1595
    },
    {
      "id": 309,
      "amount": 1
    },
    {
      "id": 301,
      "amount": 1
    },
    {
      "id": 305,
      "amount": 1
    },
    {
      "id": 315,
      "amount": 34
    },
    {
      "id": 333,
      "amount": 17
    },
    {
      "id": 319,
      "amount": 8
    },
    {
      "id": 329,
      "amount": 8
    },
    {
      "id": 379,
      "amount": 81
    },
    {
      "id": 13307,
      "amount": 10680
    },
    {
      "id": 5343,
      "amount": 1
    },
    {
      "id": 5325,
      "amount": 1
    },
    {
      "id": 5318,
      "amount": 11
    },
    {
      "id": 5324,
      "amount": 11
    },
    {
      "id": 5323,
      "amount": 20
    },
    {
      "id": 5331,
      "amount": 2
    },
    {
      "id": 6036,
      "amount": 6
    },
    {
      "id": 6055,
      "amount": 12
    },
    {
      "id": 12810,
      "amount": 1
    },
    {
      "id": 1277,
      "amount": 1
    },
    {
      "id": 12811,
      "amount": 1
    },
    {
      "id": 12812,
      "amount": 1
    },
    {
      "id": 1075,
      "amount": 4
    },
    {
      "id": 2996,
      "amount": 15
    },
    {
      "id": 11849,
      "amount": 4
    },
    {
      "id": 233,
      "amount": 2
    },
    {
      "id": 2639,
      "amount": 4
    },
    {
      "id": 205,
      "amount": 115
    },
    {
      "id": 2643,
      "amount": 1
    },
    {
      "id": 2363,
      "amount": 10
    },
    {
      "id": 2641,
      "amount": 3
    },
    {
      "id": 13118,
      "amount": 1
    },
    {
      "id": 1163,
      "amount": 4
    },
    {
      "id": 12193,
      "amount": 1
    },
    {
      "id": 217,
      "amount": 48
    },
    {
      "id": 39,
      "amount": 60
    },
    {
      "id": 1247,
      "amount": 1
    },
    {
      "id": 1113,
      "amount": 5
    },
    {
      "id": 892,
      "amount": 796
    },
    {
      "id": 267,
      "amount": 1
    },
    {
      "id": 554,
      "amount": 185
    },
    {
      "id": 562,
      "amount": 10
    },
    {
      "id": 7936,
      "amount": 895
    },
    {
      "id": 255,
      "amount": 1
    },
    {
      "id": 1201,
      "amount": 3
    },
    {
      "id": 565,
      "amount": 5
    },
    {
      "id": 20131,
      "amount": 1
    },
    {
      "id": 4551,
      "amount": 1
    },
    {
      "id": 1079,
      "amount": 5
    },
    {
      "id": 3051,
      "amount": 20
    },
    {
      "id": 1436,
      "amount": 500
    },
    {
      "id": 377,
      "amount": 50
    },
    {
      "id": 2651,
      "amount": 1
    },
    {
      "id": 12506,
      "amount": 1
    },
    {
      "id": 7946,
      "amount": 88
    },
    {
      "id": 215,
      "amount": 53
    },
    {
      "id": 12608,
      "amount": 1
    },
    {
      "id": 199,
      "amount": 166
    },
    {
      "id": 10384,
      "amount": 1
    },
    {
      "id": 12016,
      "amount": 1
    },
    {
      "id": 9672,
      "amount": 1
    },
    {
      "id": 9674,
      "amount": 1
    },
    {
      "id": 9676,
      "amount": 1
    },
    {
      "id": 1147,
      "amount": 3
    },
    {
      "id": 4884,
      "amount": 2
    },
    {
      "id": 841,
      "amount": 1
    },
    {
      "id": 19683,
      "amount": 2
    },
    {
      "id": 1641,
      "amount": 1
    },
    {
      "id": 1639,
      "amount": 1
    },
    {
      "id": 19685,
      "amount": 1
    },
    {
      "id": 592,
      "amount": 2
    },
    {
      "id": 4740,
      "amount": 100
    },
    {
      "id": 5554,
      "amount": 1
    },
    {
      "id": 1149,
      "amount": 1
    },
    {
      "id": 3476,
      "amount": 1
    },
    {
      "id": 1249,
      "amount": 2
    },
    {
      "id": 19679,
      "amount": 1
    },
    {
      "id": 2617,
      "amount": 1
    },
    {
      "id": 5556,
      "amount": 1
    },
    {
      "id": 12512,
      "amount": 1
    },
    {
      "id": 9185,
      "amount": 2
    },
    {
      "id": 235,
      "amount": 500
    },
    {
      "id": 223,
      "amount": 500
    },
    {
      "id": 225,
      "amount": 204
    },
    {
      "id": 1975,
      "amount": 500
    },
    {
      "id": 239,
      "amount": 500
    },
    {
      "id": 9736,
      "amount": 500
    },
    {
      "id": 231,
      "amount": 445
    },
    {
      "id": 2970,
      "amount": 477
    },
    {
      "id": 6049,
      "amount": 500
    },
    {
      "id": 245,
      "amount": 500
    },
    {
      "id": 1942,
      "amount": 500
    },
    {
      "id": 247,
      "amount": 500
    },
    {
      "id": 6693,
      "amount": 500
    },
    {
      "id": 221,
      "amount": 423
    },
    {
      "id": 243,
      "amount": 500
    },
    {
      "id": 227,
      "amount": 1785
    },
    {
      "id": 201,
      "amount": 100
    },
    {
      "id": 219,
      "amount": 40
    },
    {
      "id": 121,
      "amount": 2
    },
    {
      "id": 5341,
      "amount": 1
    },
    {
      "id": 253,
      "amount": 49
    },
    {
      "id": 1444,
      "amount": 1
    },
    {
      "id": 2723,
      "amount": 1
    },
    {
      "id": 952,
      "amount": 1
    },
    {
      "id": 2440,
      "amount": 4
    },
    {
      "id": 229,
      "amount": 37
    },
    {
      "id": 2434,
      "amount": 18
    },
    {
      "id": 3016,
      "amount": 17
    },
    {
      "id": 3022,
      "amount": 1
    },
    {
      "id": 113,
      "amount": 10
    },
    {
      "id": 117,
      "amount": 1
    },
    {
      "id": 2436,
      "amount": 13
    },
    {
      "id": 145,
      "amount": 53
    },
    {
      "id": 4155,
      "amount": 1
    },
    {
      "id": 161,
      "amount": 2
    },
    {
      "id": 1373,
      "amount": 2
    },
    {
      "id": 2366,
      "amount": 2
    },
    {
      "id": 4747,
      "amount": 1
    },
    {
      "id": 385,
      "amount": 143
    },
    {
      "id": 261,
      "amount": 40
    },
    {
      "id": 311,
      "amount": 1
    },
    {
      "id": 157,
      "amount": 22
    },
    {
      "id": 4091,
      "amount": 1
    },
    {
      "id": 211,
      "amount": 22
    },
    {
      "id": 12502,
      "amount": 1
    },
    {
      "id": 20736,
      "amount": 1
    },
    {
      "id": 2678,
      "amount": 1
    },
    {
      "id": 2645,
      "amount": 1
    },
    {
      "id": 8844,
      "amount": 1
    },
    {
      "id": 8845,
      "amount": 1
    },
    {
      "id": 8847,
      "amount": 1
    },
    {
      "id": 8846,
      "amount": 1
    },
    {
      "id": 1127,
      "amount": 3
    },
    {
      "id": 2809,
      "amount": 1
    },
    {
      "id": 141,
      "amount": 3
    },
    {
      "id": 1607,
      "amount": 42
    },
    {
      "id": 1601,
      "amount": 4
    },
    {
      "id": 371,
      "amount": 10
    },
    {
      "id": 203,
      "amount": 25
    },
    {
      "id": 209,
      "amount": 25
    },
    {
      "id": 213,
      "amount": 10
    },
    {
      "id": 391,
      "amount": 65
    },
    {
      "id": 1093,
      "amount": 2
    },
    {
      "id": 2998,
      "amount": 2
    },
    {
      "id": 143,
      "amount": 1
    },
    {
      "id": 1167,
      "amount": 1
    },
    {
      "id": 1131,
      "amount": 1
    },
    {
      "id": 1095,
      "amount": 1
    },
    {
      "id": 1059,
      "amount": 1
    },
    {
      "id": 3105,
      "amount": 1
    },
    {
      "id": 9140,
      "amount": 13
    },
    {
      "id": 2801,
      "amount": 1
    },
    {
      "id": 1611,
      "amount": 5
    },
    {
      "id": 1609,
      "amount": 5
    },
    {
      "id": 1613,
      "amount": 5
    },
    {
      "id": 1605,
      "amount": 5
    },
    {
      "id": 1603,
      "amount": 8
    },
    {
      "id": 1597,
      "amount": 1
    },
    {
      "id": 1595,
      "amount": 1
    },
    {
      "id": 1592,
      "amount": 1
    },
    {
      "id": 4131,
      "amount": 1
    },
    {
      "id": 159,
      "amount": 1
    },
    {
      "id": 147,
      "amount": 1
    },
    {
      "id": 1452,
      "amount": 1
    },
    {
      "id": 1617,
      "amount": 3
    },
    {
      "id": 8851,
      "amount": 590
    },
    {
      "id": 8848,
      "amount": 1
    },
    {
      "id": 3477,
      "amount": 1
    },
    {
      "id": 4908,
      "amount": 1
    },
    {
      "id": 1333,
      "amount": 1
    },
    {
      "id": 1303,
      "amount": 2
    },
    {
      "id": 1755,
      "amount": 1
    },
    {
      "id": 453,
      "amount": 22
    },
    {
      "id": 2347,
      "amount": 1
    },
    {
      "id": 1275,
      "amount": 1
    },
    {
      "id": 946,
      "amount": 1
    },
    {
      "id": 9379,
      "amount": 5
    },
    {
      "id": 9142,
      "amount": 1
    },
    {
      "id": 1359,
      "amount": 1
    },
    {
      "id": 440,
      "amount": 27
    },
    {
      "id": 139,
      "amount": 1
    },
    {
      "id": 4716,
      "amount": 1
    },
    {
      "id": 4151,
      "amount": 1
    },
    {
      "id": 2661,
      "amount": 1
    },
    {
      "id": 12954,
      "amount": 1
    },
    {
      "id": 4087,
      "amount": 1
    },
    {
      "id": 7462,
      "amount": 1
    },
    {
      "id": 11840,
      "amount": 1
    },
    {
      "id": 4405,
      "amount": 1
    },
    {
      "id": 536,
      "amount": 7
    },
    {
      "id": 995,
      "amount": 250000
    },
    {
      "id": 2505,
      "amount": 18
    },
    {
      "id": 1733,
      "amount": 1
    },
    {
      "id": 1734,
      "amount": 500
    },
    null,
    null,
    null,
    null,
    null,
    null,
    null,
    null,
    null,
    null,
    null,
    null,
    null,
    null,
    null,
    null,
    null,
    null,
    null,
    null,
    null,
    null,
    null,
    null,
    null,
    null,
    null,
    null,
    null,
    null,
    null,
    null,
    null,
    null,
    null,
    null,
    null,
    null,
    null,
    null,
    null,
    null,
    null,
    null,
    null,
    null,
    null,
    null,
    null,
    null,
    null,
    null,
    null,
    null,
    null,
    null,
    null,
    null,
    null,
    null,
    null,
    null,
    null,
    null,
    null,
    null,
    null,
    null,
    null,
    null,
    null,
    null,
    null,
    null,
    null,
    null,
    null,
    null,
    null,
    null,
    null,
    null,
    null,
    null,
    null,
    null,
    null,
    null,
    null,
    null,
    null,
    null,
    null,
    null,
    null,
    null,
    null,
    null,
    null,
    null,
    null,
    null,
    null,
    null,
    null,
    null,
    null,
    null,
    null,
    null,
    null,
    null,
    null,
    null,
    null,
    null,
    null,
    null,
    null,
    null,
    null,
    null,
    null,
    null,
    null,
    null,
    null,
    null,
    null,
    null,
    null,
    null,
    null,
    null,
    null,
    null,
    null,
    null,
    null,
    null,
    null,
    null,
    null,
    null,
    null,
    null,
    null,
    null,
    null,
    null,
    null,
    null,
    null,
    null,
    null,
    null,
    null,
    null,
    null,
    null,
    null,
    null,
    null,
    null,
    null,
    null,
    null,
    null,
    null,
    null,
    null,
    null,
    null,
    null,
    null,
    null,
    null,
    null,
    null,
    null,
    null,
    null,
    null,
    null,
    null,
    null,
    null,
    null,
    null,
    null,
    null,
    null,
    null,
    null,
    null,
    null,
    null,
    null,
    null,
    null,
    null,
    null,
    null,
    null,
    null,
    null,
    null,
    null,
    null,
    null,
    null,
    null,
    null,
    null,
    null,
    null,
    null,
    null,
    null,
    null,
    null,
    null,
    null,
    null,
    null,
    null,
    null,
    null,
    null,
    null,
    null,
    null,
    null,
    null,
    null,
    null,
    null,
    null,
    null,
    null,
    null,
    null,
    null,
    null,
    null,
    null,
    null,
    null,
    null,
    null,
    null,
    null,
    null,
    null,
    null,
    null,
    null,
    null,
    null,
    null,
    null,
    null,
    null,
    null,
    null,
    null,
    null,
    null,
    null,
    null,
    null,
    null,
    null,
    null,
    null,
    null,
    null,
    null,
    null,
    null,
    null,
    null,
    null,
    null,
    null,
    null,
    null,
    null,
    null,
    null,
    null,
    null,
    null,
    null,
    null,
    null,
    null,
    null,
    null,
    null,
    null,
    null,
    null,
    null,
    null,
    null,
    null,
    null,
    null,
    null,
    null,
    null,
    null,
    null,
    null,
    null,
    null,
    null,
    null,
    null,
    null,
    null,
    null,
    null,
    null,
    null,
    null,
    null,
    null,
    null,
    null,
    null,
    null,
    null,
    null,
    null,
    null,
    null,
    null,
    null,
    null,
    null,
    null,
    null,
    null,
    null,
    null,
    null,
    null,
    null,
    null,
    null,
    null,
    null,
    null,
    null,
    null,
    null,
    null,
    null,
    null,
    null,
    null,
    null,
    null,
    null,
    null,
    null,
    null,
    null,
    null,
    null,
    null,
    null,
    null,
    null,
    null,
    null,
    null,
    null,
    null,
    null,
    null,
    null,
    null,
    null,
    null,
    null,
    null,
    null,
    null,
    null,
    null,
    null,
    null,
    null,
    null,
    null,
    null,
    null,
    null,
    null,
    null,
    null,
    null,
    null,
    null,
    null,
    null,
    null,
    null,
    null,
    null,
    null,
    null,
    null,
    null,
    null,
    null,
    null,
    null,
    null,
    null,
    null,
    null,
    null,
    null,
    null,
    null,
    null,
    null,
    null,
    null,
    null,
    null,
    null,
    null,
    null,
    null,
    null,
    null,
    null,
    null,
    null,
    null,
    null,
    null,
    null,
    null,
    null,
    null,
    null,
    null,
    null,
    null,
    null,
    null,
    null,
    null,
    null,
    null,
    null,
    null,
    null,
    null,
    null,
    null,
    null,
    null,
    null,
    null,
    null,
    null,
    null,
    null,
    null,
    null,
    null,
    null,
    null,
    null,
    null,
    null,
    null,
    null,
    null,
    null,
    null,
    null,
    null,
    null,
    null,
    null,
    null,
    null,
    null,
    null,
    null,
    null,
    null,
    null,
    null,
    null,
    null,
    null,
    null,
    null,
    null,
    null,
    null,
    null,
    null,
    null,
    null,
    null,
    null,
    null,
    null,
    null,
    null,
    null,
    null,
    null,
    null,
    null,
    null,
    null,
    null,
    null,
    null,
    null,
    null,
    null,
    null,
    null,
    null,
    null,
    null
  ],
  "tabAmounts": [
    212,
    0,
    0,
    0,
    0,
    0,
    0,
    0,
    0,
    0
  ],
  "inventory": [
    null,
    null,
    null,
    null,
    null,
    null,
    null,
    null,
    null,
    null,
    null,
    null,
    null,
    null,
    null,
    null,
    null,
    null,
    null,
    null,
    null,
    null,
    null,
    null,
    null,
    null,
    null,
    null
  ],
  "equipment": [
    null,
    {
      "id": 10499,
      "amount": 1
    },
    null,
    {
      "id": 9185,
      "amount": 1
    },
    {
      "id": 544,
      "amount": 1
    },
    {
      "id": 1540,
      "amount": 1
    },
    null,
    {
      "id": 542,
      "amount": 1
    },
    null,
    null,
    {
      "id": 3105,
      "amount": 1
    },
    null,
    {
      "id": 1643,
      "amount": 1
    },
    {
      "id": 9142,
      "amount": 417
    }
  ],
  "lootingBag": [],
  "shopItems": [
    null,
    null,
    null,
    null,
    null,
    null,
    null,
    null,
    null,
    null,
    null,
    null,
    null,
    null,
    null,
    null,
    null,
    null,
    null,
    null,
    null,
    null,
    null,
    null,
    null,
    null,
    null,
    null,
    null,
    null,
    null,
    null,
    null,
    null,
    null,
    null
  ],
  "shopPrices": [
    0,
    0,
    0,
    0,
    0,
    0,
    0,
    0,
    0,
    0,
    0,
    0,
    0,
    0,
    0,
    0,
    0,
    0,
    0,
    0,
    0,
    0,
    0,
    0,
    0,
    0,
    0,
    0,
    0,
    0,
    0,
    0,
    0,
    0,
    0,
    0
  ],
  "pouches": [
    0,
    0,
    0,
    0
  ]
}