{
  "bank": [
    {
      "id": 995,
      "amount": 2248019
    },
    {
      "id": 1985,
      "amount": 6
    },
    {
      "id": 1743,
      "amount": 5
    },
    {
      "id": 7170,
      "amount": 8
    },
    {
      "id": 379,
      "amount": 4
    },
    {
      "id": 2007,
      "amount": 2
    },
    {
      "id": 319,
      "amount": 4
    },
    {
      "id": 1759,
      "amount": 2
    },
    {
      "id": 2355,
      "amount": 2
    },
    {
      "id": 1438,
      "amount": 2
    },
    {
      "id": 1927,
      "amount": 4
    },
    {
      "id": 1779,
      "amount": 5
    },
    {
      "id": 6032,
      "amount": 12
    },
    {
      "id": 5535,
      "amount": 2
    },
    {
      "id": 4527,
      "amount": 4
    },
    {
      "id": 1448,
      "amount": 6
    },
    {
      "id": 447,
      "amount": 5
    },
    {
      "id": 1442,
      "amount": 4
    },
    {
      "id": 7208,
      "amount": 2
    },
    {
      "id": 1440,
      "amount": 1
    },
    {
      "id": 5759,
      "amount": 4
    },
    {
      "id": 5303,
      "amount": 1
    },
    {
      "id": 1761,
      "amount": 1
    },
    {
      "id": 5281,
      "amount": 1
    },
    {
      "id": 231,
      "amount": 1
    },
    {
      "id": 3391,
      "amount": 1
    },
    {
      "id": 5937,
      "amount": 8
    },
    {
      "id": 9342,
      "amount": 6
    },
    {
      "id": 5313,
      "amount": 1
    },
    {
      "id": 6313,
      "amount": 4
    },
    {
      "id": 253,
      "amount": 4
    },
    {
      "id": 5298,
      "amount": 5
    },
    {
      "id": 10010,
      "amount": 1
    },
    {
      "id": 5294,
      "amount": 1
    },
    {
      "id": 5316,
      "amount": 12
    },
    {
      "id": 7218,
      "amount": 73
    },
    {
      "id": 13307,
      "amount": 20820
    },
    {
      "id": 993,
      "amount": 4
    },
    {
      "id": 4740,
      "amount": 476
    },
    {
      "id": 209,
      "amount": 1
    },
    {
      "id": 5547,
      "amount": 4
    },
    {
      "id": 11260,
      "amount": 41
    },
    {
      "id": 11259,
      "amount": 1
    },
    {
      "id": 2550,
      "amount": 3
    },
    {
      "id": 2801,
      "amount": 1
    },
    {
      "id": 2803,
      "amount": 1
    },
    {
      "id": 7416,
      "amount": 3
    },
    {
      "id": 7418,
      "amount": 2
    },
    {
      "id": 371,
      "amount": 94
    },
    {
      "id": 211,
      "amount": 9
    },
    {
      "id": 1127,
      "amount": 3
    },
    {
      "id": 2363,
      "amount": 1
    },
    {
      "id": 199,
      "amount": 17
    },
    {
      "id": 1569,
      "amount": 1
    },
    {
      "id": 229,
      "amount": 3
    },
    {
      "id": 2682,
      "amount": 1
    },
    {
      "id": 1247,
      "amount": 1
    },
    {
      "id": 13108,
      "amount": 1
    },
    {
      "id": 4131,
      "amount": 1
    },
    {
      "id": 987,
      "amount": 5
    },
    {
      "id": 1201,
      "amount": 1
    },
    {
      "id": 1704,
      "amount": 1
    },
    {
      "id": 1389,
      "amount": 2
    },
    {
      "id": 3026,
      "amount": 2
    },
    {
      "id": 3028,
      "amount": 1
    },
    {
      "id": 830,
      "amount": 5
    },
    {
      "id": 1462,
      "amount": 1
    },
    {
      "id": 4205,
      "amount": 1
    },
    {
      "id": 536,
      "amount": 4
    },
    {
      "id": 2651,
      "amount": 1
    },
    {
      "id": 149,
      "amount": 1
    },
    {
      "id": 2361,
      "amount": 1
    },
    {
      "id": 1113,
      "amount": 1
    },
    {
      "id": 4747,
      "amount": 1
    },
    {
      "id": 1025,
      "amount": 1
    },
    {
      "id": 161,
      "amount": 1
    },
    {
      "id": 1149,
      "amount": 1
    },
    {
      "id": 1571,
      "amount": 1
    },
    {
      "id": 526,
      "amount": 1
    },
    {
      "id": 385,
      "amount": 66
    },
    {
      "id": 2436,
      "amount": 76
    },
    {
      "id": 2440,
      "amount": 106
    },
    {
      "id": 3024,
      "amount": 195
    },
    {
      "id": 2444,
      "amount": 28
    },
    {
      "id": 2442,
      "amount": 10
    },
    {
      "id": 2635,
      "amount": 2
    },
    {
      "id": 829,
      "amount": 20
    },
    {
      "id": 1623,
      "amount": 4
    },
    {
      "id": 1097,
      "amount": 1
    },
    {
      "id": 1267,
      "amount": 1
    },
    {
      "id": 1452,
      "amount": 1
    },
    {
      "id": 139,
      "amount": 18
    },
    {
      "id": 11849,
      "amount": 1
    },
    {
      "id": 2996,
      "amount": 5
    },
    {
      "id": 2452,
      "amount": 3
    },
    {
      "id": 2446,
      "amount": 10
    },
    {
      "id": 391,
      "amount": 162
    },
    {
      "id": 2132,
      "amount": 2
    },
    {
      "id": 4155,
      "amount": 2
    },
    {
      "id": 173,
      "amount": 1
    },
    {
      "id": 952,
      "amount": 1
    },
    {
      "id": 1621,
      "amount": 1
    },
    {
      "id": 3040,
      "amount": 30
    },
    {
      "id": 1540,
      "amount": 1
    },
    {
      "id": 554,
      "amount": 839
    },
    {
      "id": 556,
      "amount": 818
    },
    {
      "id": 555,
      "amount": 770
    },
    {
      "id": 563,
      "amount": 165
    },
    {
      "id": 561,
      "amount": 78
    },
    {
      "id": 558,
      "amount": 700
    },
    {
      "id": 557,
      "amount": 645
    },
    {
      "id": 562,
      "amount": 229
    },
    {
      "id": 6603,
      "amount": 1
    },
    {
      "id": 4095,
      "amount": 1
    },
    {
      "id": 4097,
      "amount": 3
    },
    {
      "id": 4093,
      "amount": 7
    },
    {
      "id": 565,
      "amount": 60
    },
    {
      "id": 566,
      "amount": 77
    },
    {
      "id": 559,
      "amount": 112
    },
    {
      "id": 564,
      "amount": 34
    },
    {
      "id": 1391,
      "amount": 1
    },
    {
      "id": 1333,
      "amount": 5
    },
    {
      "id": 13104,
      "amount": 1
    },
    {
      "id": 13129,
      "amount": 1
    },
    {
      "id": 13112,
      "amount": 1
    },
    {
      "id": 13133,
      "amount": 1
    },
    {
      "id": 13137,
      "amount": 1
    },
    {
      "id": 13117,
      "amount": 1
    },
    {
      "id": 13125,
      "amount": 1
    },
    {
      "id": 1731,
      "amount": 5
    },
    {
      "id": 2570,
      "amount": 4
    },
    {
      "id": 1700,
      "amount": 18
    },
    {
      "id": 11136,
      "amount": 1
    },
    {
      "id": 4745,
      "amount": 1
    },
    {
      "id": 9706,
      "amount": 500
    },
    {
      "id": 2493,
      "amount": 4
    },
    {
      "id": 10384,
      "amount": 1
    },
    {
      "id": 9341,
      "amount": 91
    },
    {
      "id": 10083,
      "amount": 4
    },
    {
      "id": 892,
      "amount": 294
    },
    {
      "id": 11212,
      "amount": 1453
    },
    {
      "id": 9705,
      "amount": 1
    },
    {
      "id": 9242,
      "amount": 500
    },
    {
      "id": 1133,
      "amount": 1
    },
    {
      "id": 12869,
      "amount": 1
    },
    {
      "id": 12867,
      "amount": 1
    },
    {
      "id": 1135,
      "amount": 1
    },
    {
      "id": 1099,
      "amount": 1
    },
    {
      "id": 10386,
      "amount": 1
    },
    {
      "id": 12510,
      "amount": 1
    },
    {
      "id": 1065,
      "amount": 1
    },
    {
      "id": 807,
      "amount": 497
    },
    {
      "id": 11230,
      "amount": 1659
    },
    {
      "id": 9185,
      "amount": 2
    },
    {
      "id": 2503,
      "amount": 1
    },
    {
      "id": 10499,
      "amount": 1
    },
    {
      "id": 2497,
      "amount": 1
    },
    {
      "id": 3749,
      "amount": 1
    },
    {
      "id": 811,
      "amount": 899
    },
    {
      "id": 1755,
      "amount": 6
    },
    {
      "id": 2347,
      "amount": 2
    },
    {
      "id": 946,
      "amount": 6
    },
    {
      "id": 1733,
      "amount": 2
    },
    {
      "id": 1734,
      "amount": 2
    },
    {
      "id": 1273,
      "amount": 8
    },
    {
      "id": 7936,
      "amount": 229
    },
    {
      "id": 1747,
      "amount": 12
    },
    {
      "id": 3000,
      "amount": 3
    },
    {
      "id": 5304,
      "amount": 2
    },
    {
      "id": 269,
      "amount": 6
    },
    {
      "id": 5299,
      "amount": 2
    },
    {
      "id": 5300,
      "amount": 13
    },
    {
      "id": 237,
      "amount": 5
    },
    {
      "id": 449,
      "amount": 30
    },
    {
      "id": 8778,
      "amount": 16
    },
    {
      "id": 5104,
      "amount": 2
    },
    {
      "id": 2357,
      "amount": 25
    },
    {
      "id": 5321,
      "amount": 6
    },
    {
      "id": 9194,
      "amount": 20
    },
    {
      "id": 5970,
      "amount": 1
    },
    {
      "id": 2568,
      "amount": 3
    },
    {
      "id": 12934,
      "amount": 135
    },
    {
      "id": 11232,
      "amount": 930
    },
    {
      "id": 9193,
      "amount": 124
    },
    {
      "id": 11237,
      "amount": 1903
    },
    {
      "id": 2665,
      "amount": 1
    },
    {
      "id": 2643,
      "amount": 1
    },
    {
      "id": 2639,
      "amount": 1
    },
    null,
    null,
    null,
    null,
    null,
    null,
    null,
    null,
    null,
    null,
    null,
    null,
    null,
    null,
    null,
    null,
    null,
    null,
    null,
    null,
    null,
    null,
    null,
    null,
    null,
    null,
    null,
    null,
    null,
    null,
    null,
    null,
    null,
    null,
    null,
    null,
    null,
    null,
    null,
    null,
    null,
    null,
    null,
    null,
    null,
    null,
    null,
    null,
    null,
    null,
    null,
    null,
    null,
    null,
    null,
    null,
    null,
    null,
    null,
    null,
    null,
    null,
    null,
    null,
    null,
    null,
    null,
    null,
    null,
    null,
    null,
    null,
    null,
    null,
    null,
    null,
    null,
    null,
    null,
    null,
    null,
    null,
    null,
    null,
    null,
    null,
    null,
    null,
    null,
    null,
    null,
    null,
    null,
    null,
    null,
    null,
    null,
    null,
    null,
    null,
    null,
    null,
    null,
    null,
    null,
    null,
    null,
    null,
    null,
    null,
    null,
    null,
    null,
    null,
    null,
    null,
    null,
    null,
    null,
    null,
    null,
    null,
    null,
    null,
    null,
    null,
    null,
    null,
    null,
    null,
    null,
    null,
    null,
    null,
    null,
    null,
    null,
    null,
    null,
    null,
    null,
    null,
    null,
    null,
    null,
    null,
    null,
    null,
    null,
    null,
    null,
    null,
    null,
    null,
    null,
    null,
    null,
    null,
    null,
    null,
    null,
    null
  ],
  "tabAmounts": [
    79,
    25,
    17,
    13,
    25,
    8,
    18,
    3,
    0,
    0
  ],
  "inventory": [
    {
      "id": 147,
      "amount": 1
    },
    {
      "id": 157,
      "amount": 1
    },
    {
      "id": 2436,
      "amount": 1
    },
    {
      "id": 2440,
      "amount": 1
    },
    {
      "id": 3024,
      "amount": 1
    },
    {
      "id": 3024,
      "amount": 1
    },
    {
      "id": 3024,
      "amount": 1
    },
    {
      "id": 3024,
      "amount": 1
    },
    {
      "id": 3028,
      "amount": 1
    },
    {
      "id": 229,
      "amount": 1
    },
    {
      "id": 391,
      "amount": 1
    },
    {
      "id": 391,
      "amount": 1
    },
    {
      "id": 391,
      "amount": 1
    },
    {
      "id": 391,
      "amount": 1
    },
    {
      "id": 391,
      "amount": 1
    },
    {
      "id": 391,
      "amount": 1
    },
    {
      "id": 391,
      "amount": 1
    },
    {
      "id": 391,
      "amount": 1
    },
    {
      "id": 391,
      "amount": 1
    },
    {
      "id": 391,
      "amount": 1
    },
    {
      "id": 2456,
      "amount": 1
    },
    {
      "id": 391,
      "amount": 1
    },
    {
      "id": 391,
      "amount": 1
    },
    {
      "id": 13307,
      "amount": 479
    },
    {
      "id": 995,
      "amount": 12584
    },
    null,
    null,
    null
  ],
  "equipment": [
    {
      "id": 3753,
      "amount": 1
    },
    {
      "id": 13121,
      "amount": 1
    },
    {
      "id": 1731,
      "amount": 1
    },
    {
      "id": 1305,
      "amount": 1
    },
    {
      "id": 1127,
      "amount": 1
    },
    {
      "id": 1540,
      "amount": 1
    },
    null,
    {
      "id": 4087,
      "amount": 1
    },
    null,
    {
      "id": 2491,
      "amount": 1
    },
    {
      "id": 3105,
      "amount": 1
    },
    null,
    {
      "id": 2550,
      "amount": 1
    },
    null
  ],
  "shopItems": [
    {
      "id": 2645,
      "amount": 1
    },
    {
      "id": 2649,
      "amount": 1
    },
    {
      "id": 12789,
      "amount": 1
    },
    {
      "id": 10390,
      "amount": 1
    },
    {
      "id": 535,
      "amount": 1316
    },
    null,
    null,
    null,
    null,
    null,
    null,
    null,
    null,
    null,
    null,
    null,
    null,
    null,
    null,
    null,
    null,
    null,
    null,
    null,
    null,
    null,
    null,
    null,
    null,
    null,
    null,
    null,
    null,
    null,
    null,
    null
  ],
  "shopPrices": [
    1000000,
    1000000,
    5000000,
    2000000,
    150000,
    0,
    0,
    0,
    0,
    0,
    0,
    0,
    0,
    0,
    0,
    0,
    0,
    0,
    0,
    0,
    0,
    0,
    0,
    0,
    0,
    0,
    0,
    0,
    0,
    0,
    0,
    0,
    0,
    0,
    0,
    0
  ],
  "pouches": [
    0,
    0,
    0,
    0
  ]
}