{
  "bank": [
    {
      "id": 2436,
      "amount": 5
    },
    {
      "id": 2440,
      "amount": 5
    },
    {
      "id": 2442,
      "amount": 10
    },
    {
      "id": 3040,
      "amount": 10
    },
    {
      "id": 143,
      "amount": 17
    },
    {
      "id": 566,
      "amount": 1
    },
    {
      "id": 560,
      "amount": 1
    },
    {
      "id": 554,
      "amount": 975
    },
    {
      "id": 12490,
      "amount": 1
    },
    {
      "id": 4740,
      "amount": 410
    },
    {
      "id": 11118,
      "amount": 1
    },
    {
      "id": 1566,
      "amount": 1
    },
    {
      "id": 2723,
      "amount": 1
    },
    {
      "id": 562,
      "amount": 1040
    },
    {
      "id": 12494,
      "amount": 1
    },
    {
      "id": 10372,
      "amount": 1
    },
    {
      "id": 12086,
      "amount": 1
    },
    {
      "id": 565,
      "amount": 1
    },
    {
      "id": 555,
      "amount": 1
    },
    {
      "id": 563,
      "amount": 245
    },
    {
      "id": 6529,
      "amount": 96384
    },
    {
      "id": 4153,
      "amount": 1
    },
    {
      "id": 13130,
      "amount": 1
    },
    {
      "id": 12504,
      "amount": 1
    },
    {
      "id": 10382,
      "amount": 1
    },
    {
      "id": 10368,
      "amount": 1
    },
    {
      "id": 12612,
      "amount": 2
    },
    {
      "id": 10384,
      "amount": 2
    },
    {
      "id": 1079,
      "amount": 2
    },
    {
      "id": 1619,
      "amount": 23
    },
    {
      "id": 12512,
      "amount": 1
    },
    {
      "id": 12502,
      "amount": 2
    },
    {
      "id": 12510,
      "amount": 1
    },
    {
      "id": 10376,
      "amount": 1
    },
    {
      "id": 20137,
      "amount": 1
    },
    {
      "id": 19484,
      "amount": 50
    },
    {
      "id": 2454,
      "amount": 1
    },
    {
      "id": 1540,
      "amount": 1
    },
    {
      "id": 20161,
      "amount": 1
    },
    {
      "id": 12006,
      "amount": 1
    },
    {
      "id": 229,
      "amount": 41
    },
    {
      "id": 12934,
      "amount": 4340
    },
    {
      "id": 139,
      "amount": 14
    },
    {
      "id": 1779,
      "amount": 223
    },
    {
      "id": 1249,
      "amount": 3
    },
    {
      "id": 6570,
      "amount": 6
    },
    {
      "id": 592,
      "amount": 1
    },
    {
      "id": 141,
      "amount": 5
    },
    {
      "id": 5304,
      "amount": 30
    },
    {
      "id": 219,
      "amount": 9
    },
    {
      "id": 199,
      "amount": 68
    },
    {
      "id": 3051,
      "amount": 20
    },
    {
      "id": 207,
      "amount": 170
    },
    {
      "id": 11838,
      "amount": 1
    },
    {
      "id": 13307,
      "amount": 107108
    },
    {
      "id": 987,
      "amount": 16
    },
    {
      "id": 1436,
      "amount": 250
    },
    {
      "id": 13233,
      "amount": 12
    },
    {
      "id": 314,
      "amount": 71
    },
    {
      "id": 2434,
      "amount": 43
    },
    {
      "id": 7946,
      "amount": 187
    },
    {
      "id": 2722,
      "amount": 1
    },
    {
      "id": 526,
      "amount": 1
    },
    {
      "id": 9736,
      "amount": 120
    },
    {
      "id": 1405,
      "amount": 1
    },
    {
      "id": 2,
      "amount": 463
    },
    {
      "id": 3026,
      "amount": 3
    },
    {
      "id": 3024,
      "amount": 7
    },
    {
      "id": 3028,
      "amount": 1
    },
    {
      "id": 1123,
      "amount": 1
    },
    {
      "id": 11787,
      "amount": 1
    },
    {
      "id": 12699,
      "amount": 1
    },
    {
      "id": 6735,
      "amount": 1
    },
    {
      "id": 12265,
      "amount": 1
    },
    {
      "id": 13072,
      "amount": 1
    },
    {
      "id": 13073,
      "amount": 1
    },
    {
      "id": 995,
      "amount": 1030408575
    },
    {
      "id": 12193,
      "amount": 1
    },
    {
      "id": 12652,
      "amount": 1
    },
    {
      "id": 12195,
      "amount": 1
    },
    {
      "id": 2412,
      "amount": 1
    },
    {
      "id": 4675,
      "amount": 2
    },
    {
      "id": 6729,
      "amount": 18
    },
    {
      "id": 1617,
      "amount": 708
    },
    {
      "id": 7936,
      "amount": 15352
    },
    {
      "id": 13247,
      "amount": 1
    },
    {
      "id": 9243,
      "amount": 23
    },
    {
      "id": 1319,
      "amount": 1
    },
    {
      "id": 536,
      "amount": 7
    },
    {
      "id": 4087,
      "amount": 2
    },
    {
      "id": 11230,
      "amount": 17
    },
    {
      "id": 385,
      "amount": 1
    },
    {
      "id": 13354,
      "amount": 1
    },
    {
      "id": 4131,
      "amount": 1
    },
    {
      "id": 211,
      "amount": 8
    },
    {
      "id": 4732,
      "amount": 1
    },
    {
      "id": 4734,
      "amount": 1
    },
    {
      "id": 4710,
      "amount": 1
    },
    {
      "id": 4753,
      "amount": 1
    },
    {
      "id": 4712,
      "amount": 1
    },
    {
      "id": 1987,
      "amount": 750
    },
    {
      "id": 985,
      "amount": 2
    },
    {
      "id": 5974,
      "amount": 20
    },
    {
      "id": 1391,
      "amount": 10
    },
    {
      "id": 1621,
      "amount": 1
    },
    {
      "id": 5316,
      "amount": 1
    },
    {
      "id": 6289,
      "amount": 35
    },
    {
      "id": 2363,
      "amount": 1
    },
    {
      "id": 3204,
      "amount": 1
    },
    {
      "id": 9144,
      "amount": 590
    },
    {
      "id": 9185,
      "amount": 1
    },
    {
      "id": 1149,
      "amount": 1
    },
    {
      "id": 8921,
      "amount": 1
    },
    null,
    null,
    null,
    null,
    null,
    null,
    null,
    null,
    null,
    null,
    null,
    null,
    null,
    null,
    null,
    null,
    null,
    null,
    null,
    null,
    null,
    null,
    null,
    null,
    null,
    null,
    null,
    null,
    null,
    null,
    null,
    null,
    null,
    null,
    null,
    null,
    null,
    null,
    null,
    null,
    null,
    null,
    null,
    null,
    null,
    null,
    null,
    null,
    null,
    null,
    null,
    null,
    null,
    null,
    null,
    null,
    null,
    null,
    null,
    null,
    null,
    null,
    null,
    null,
    null,
    null,
    null,
    null,
    null,
    null,
    null,
    null,
    null,
    null,
    null,
    null,
    null,
    null,
    null,
    null,
    null,
    null,
    null,
    null,
    null,
    null,
    null,
    null,
    null,
    null,
    null,
    null,
    null,
    null,
    null,
    null,
    null,
    null,
    null,
    null,
    null,
    null,
    null,
    null,
    null,
    null,
    null,
    null,
    null,
    null,
    null,
    null,
    null,
    null,
    null,
    null,
    null,
    null,
    null,
    null,
    null,
    null,
    null,
    null,
    null,
    null,
    null,
    null,
    null,
    null,
    null,
    null,
    null,
    null,
    null,
    null,
    null,
    null,
    null,
    null,
    null,
    null,
    null,
    null,
    null,
    null,
    null,
    null,
    null,
    null,
    null,
    null,
    null,
    null,
    null,
    null,
    null,
    null,
    null,
    null,
    null,
    null,
    null,
    null,
    null,
    null,
    null,
    null,
    null,
    null,
    null,
    null,
    null,
    null,
    null,
    null,
    null,
    null,
    null,
    null,
    null,
    null,
    null,
    null,
    null,
    null,
    null,
    null,
    null,
    null,
    null,
    null,
    null,
    null,
    null,
    null,
    null,
    null,
    null,
    null,
    null,
    null,
    null,
    null,
    null,
    null,
    null,
    null,
    null,
    null,
    null,
    null,
    null,
    null,
    null,
    null,
    null,
    null,
    null,
    null,
    null,
    null,
    null,
    null,
    null,
    null,
    null,
    null,
    null,
    null,
    null,
    null,
    null,
    null,
    null,
    null,
    null,
    null,
    null,
    null,
    null,
    null,
    null,
    null,
    null,
    null,
    null,
    null,
    null,
    null,
    null,
    null,
    null,
    null,
    null,
    null,
    null,
    null,
    null,
    null,
    null,
    null,
    null,
    null,
    null,
    null,
    null,
    null,
    null,
    null,
    null,
    null,
    null,
    null,
    null,
    null,
    null,
    null,
    null,
    null,
    null,
    null,
    null,
    null,
    null,
    null,
    null,
    null,
    null,
    null,
    null,
    null,
    null,
    null,
    null,
    null,
    null,
    null,
    null,
    null,
    null,
    null,
    null,
    null,
    null,
    null,
    null,
    null,
    null,
    null,
    null,
    null,
    null,
    null,
    null,
    null,
    null,
    null,
    null,
    null,
    null,
    null,
    null,
    null,
    null,
    null,
    null,
    null,
    null,
    null,
    null,
    null,
    null,
    null,
    null,
    null,
    null,
    null,
    null,
    null,
    null,
    null,
    null,
    null,
    null,
    null,
    null,
    null,
    null,
    null,
    null,
    null,
    null,
    null,
    null,
    null,
    null,
    null,
    null,
    null,
    null,
    null,
    null,
    null,
    null,
    null,
    null,
    null,
    null,
    null,
    null,
    null,
    null,
    null,
    null,
    null,
    null,
    null,
    null,
    null,
    null,
    null,
    null,
    null,
    null,
    null,
    null,
    null,
    null,
    null,
    null,
    null,
    null,
    null,
    null,
    null,
    null,
    null,
    null,
    null,
    null,
    null,
    null,
    null,
    null,
    null,
    null,
    null,
    null,
    null,
    null,
    null,
    null,
    null,
    null,
    null,
    null,
    null,
    null,
    null,
    null,
    null,
    null,
    null,
    null,
    null,
    null,
    null,
    null,
    null,
    null,
    null,
    null,
    null,
    null,
    null,
    null,
    null,
    null,
    null,
    null,
    null,
    null,
    null,
    null,
    null,
    null,
    null,
    null,
    null,
    null,
    null,
    null,
    null,
    null,
    null,
    null,
    null,
    null,
    null,
    null,
    null,
    null,
    null,
    null,
    null,
    null,
    null,
    null,
    null,
    null,
    null,
    null,
    null,
    null,
    null,
    null,
    null,
    null,
    null,
    null,
    null,
    null,
    null,
    null,
    null,
    null,
    null,
    null,
    null,
    null,
    null,
    null,
    null,
    null,
    null,
    null,
    null,
    null,
    null,
    null,
    null,
    null,
    null,
    null,
    null,
    null,
    null,
    null,
    null,
    null,
    null,
    null,
    null,
    null,
    null,
    null,
    null,
    null,
    null,
    null,
    null,
    null,
    null,
    null,
    null,
    null,
    null,
    null,
    null,
    null,
    null,
    null,
    null,
    null,
    null,
    null,
    null,
    null,
    null,
    null,
    null,
    null,
    null,
    null,
    null,
    null,
    null,
    null,
    null,
    null,
    null,
    null,
    null,
    null,
    null,
    null,
    null,
    null,
    null,
    null,
    null,
    null,
    null,
    null,
    null,
    null,
    null,
    null,
    null,
    null,
    null,
    null,
    null,
    null,
    null,
    null,
    null,
    null,
    null,
    null,
    null,
    null,
    null,
    null,
    null,
    null,
    null,
    null,
    null,
    null,
    null,
    null,
    null,
    null,
    null,
    null,
    null,
    null,
    null,
    null,
    null,
    null,
    null,
    null,
    null,
    null,
    null,
    null,
    null,
    null,
    null,
    null,
    null,
    null,
    null,
    null,
    null,
    null,
    null,
    null,
    null,
    null,
    null,
    null,
    null,
    null,
    null,
    null,
    null,
    null,
    null,
    null,
    null,
    null,
    null,
    null
  ],
  "tabAmounts": [
    113,
    0,
    0,
    0,
    0,
    0,
    0,
    0,
    0,
    0
  ],
  "inventory": [
    {
      "id": 2434,
      "amount": 1
    },
    {
      "id": 2434,
      "amount": 1
    },
    {
      "id": 2434,
      "amount": 1
    },
    {
      "id": 2434,
      "amount": 1
    },
    {
      "id": 2434,
      "amount": 1
    },
    {
      "id": 2434,
      "amount": 1
    },
    {
      "id": 2434,
      "amount": 1
    },
    {
      "id": 2434,
      "amount": 1
    },
    {
      "id": 2434,
      "amount": 1
    },
    {
      "id": 2434,
      "amount": 1
    },
    {
      "id": 2434,
      "amount": 1
    },
    {
      "id": 2434,
      "amount": 1
    },
    {
      "id": 2434,
      "amount": 1
    },
    {
      "id": 2434,
      "amount": 1
    },
    {
      "id": 2434,
      "amount": 1
    },
    {
      "id": 2434,
      "amount": 1
    },
    {
      "id": 2434,
      "amount": 1
    },
    {
      "id": 2434,
      "amount": 1
    },
    {
      "id": 2434,
      "amount": 1
    },
    {
      "id": 2434,
      "amount": 1
    },
    null,
    {
      "id": 7946,
      "amount": 1
    },
    {
      "id": 7946,
      "amount": 1
    },
    {
      "id": 7946,
      "amount": 1
    },
    {
      "id": 7946,
      "amount": 1
    },
    {
      "id": 7946,
      "amount": 1
    },
    {
      "id": 7946,
      "amount": 1
    },
    {
      "id": 7946,
      "amount": 1
    }
  ],
  "equipment": [
    {
      "id": 12203,
      "amount": 1
    },
    {
      "id": 10499,
      "amount": 1
    },
    {
      "id": 6581,
      "amount": 1
    },
    {
      "id": 868,
      "amount": 908
    },
    {
      "id": 10386,
      "amount": 1
    },
    {
      "id": 3842,
      "amount": 1
    },
    null,
    {
      "id": 10388,
      "amount": 1
    },
    null,
    {
      "id": 7459,
      "amount": 1
    },
    {
      "id": 3105,
      "amount": 1
    },
    null,
    null,
    null
  ],
  "lootingBag": [],
  "shopItems": [
    null,
    null,
    null,
    null,
    null,
    null,
    null,
    null,
    null,
    null,
    null,
    null,
    null,
    null,
    null,
    null,
    null,
    null,
    null,
    null,
    null,
    null,
    null,
    null,
    null,
    null,
    null,
    null,
    null,
    null,
    null,
    null,
    null,
    null,
    null,
    null
  ],
  "shopPrices": [
    0,
    0,
    0,
    0,
    0,
    0,
    0,
    0,
    0,
    0,
    0,
    0,
    0,
    0,
    0,
    0,
    0,
    0,
    0,
    0,
    0,
    0,
    0,
    0,
    0,
    0,
    0,
    0,
    0,
    0,
    0,
    0,
    0,
    0,
    0,
    0
  ],
  "pouches": [
    0,
    0,
    0,
    0
  ]
}