{
  "bank": [
    {
      "id": 13307,
      "amount": 237938
    },
    {
      "id": 12504,
      "amount": 1
    },
    {
      "id": 12512,
      "amount": 1
    },
    {
      "id": 10390,
      "amount": 4
    },
    {
      "id": 12496,
      "amount": 1
    },
    {
      "id": 10382,
      "amount": 3
    },
    {
      "id": 10374,
      "amount": 3
    },
    {
      "id": 11822,
      "amount": 1
    },
    {
      "id": 995,
      "amount": 99019745
    },
    {
      "id": 12500,
      "amount": 3
    },
    {
      "id": 12508,
      "amount": 5
    },
    {
      "id": 10386,
      "amount": 1
    },
    {
      "id": 12492,
      "amount": 1
    },
    {
      "id": 10378,
      "amount": 2
    },
    {
      "id": 10370,
      "amount": 1
    },
    {
      "id": 11820,
      "amount": 1
    },
    {
      "id": 10456,
      "amount": 1
    },
    {
      "id": 12502,
      "amount": 1
    },
    {
      "id": 12510,
      "amount": 1
    },
    {
      "id": 10388,
      "amount": 1
    },
    {
      "id": 12494,
      "amount": 2
    },
    {
      "id": 10380,
      "amount": 1
    },
    {
      "id": 10372,
      "amount": 2
    },
    {
      "id": 11798,
      "amount": 1
    },
    {
      "id": 19679,
      "amount": 1
    },
    {
      "id": 12498,
      "amount": 1
    },
    {
      "id": 12506,
      "amount": 1
    },
    {
      "id": 10384,
      "amount": 2
    },
    {
      "id": 12490,
      "amount": 4
    },
    {
      "id": 10376,
      "amount": 1
    },
    {
      "id": 10368,
      "amount": 2
    },
    {
      "id": 11818,
      "amount": 2
    },
    {
      "id": 10828,
      "amount": 1
    },
    {
      "id": 12829,
      "amount": 2
    },
    {
      "id": 12603,
      "amount": 2
    },
    {
      "id": 12006,
      "amount": 4
    },
    {
      "id": 4153,
      "amount": 1
    },
    {
      "id": 20161,
      "amount": 1
    },
    {
      "id": 9185,
      "amount": 3
    },
    {
      "id": 11840,
      "amount": 2
    },
    {
      "id": 12759,
      "amount": 1
    },
    {
      "id": 6328,
      "amount": 1
    },
    {
      "id": 2412,
      "amount": 1
    },
    {
      "id": 11930,
      "amount": 1
    },
    {
      "id": 12934,
      "amount": 111641
    },
    {
      "id": 13330,
      "amount": 1
    },
    {
      "id": 12195,
      "amount": 3
    },
    {
      "id": 5003,
      "amount": 2
    },
    {
      "id": 11864,
      "amount": 1
    },
    {
      "id": 13329,
      "amount": 1
    },
    {
      "id": 11905,
      "amount": 1
    },
    {
      "id": 4207,
      "amount": 1
    },
    {
      "id": 4755,
      "amount": 1
    },
    {
      "id": 4708,
      "amount": 2
    },
    {
      "id": 12060,
      "amount": 1
    },
    {
      "id": 989,
      "amount": 1
    },
    {
      "id": 985,
      "amount": 5
    },
    {
      "id": 4757,
      "amount": 1
    },
    {
      "id": 4720,
      "amount": 1
    },
    {
      "id": 4753,
      "amount": 1
    },
    {
      "id": 4759,
      "amount": 1
    },
    {
      "id": 19550,
      "amount": 1
    },
    {
      "id": 11838,
      "amount": 1
    },
    {
      "id": 12086,
      "amount": 1
    },
    {
      "id": 1053,
      "amount": 1
    },
    {
      "id": 4716,
      "amount": 2
    },
    {
      "id": 4751,
      "amount": 1
    },
    {
      "id": 20000,
      "amount": 1
    },
    {
      "id": 12004,
      "amount": 4
    },
    {
      "id": 11824,
      "amount": 1
    },
    {
      "id": 12357,
      "amount": 1
    },
    {
      "id": 19544,
      "amount": 1
    },
    {
      "id": 4714,
      "amount": 2
    },
    {
      "id": 13199,
      "amount": 1
    },
    {
      "id": 12821,
      "amount": 1
    },
    {
      "id": 5001,
      "amount": 1
    },
    {
      "id": 4131,
      "amount": 1
    },
    {
      "id": 451,
      "amount": 4
    },
    {
      "id": 2643,
      "amount": 1
    },
    {
      "id": 199,
      "amount": 7
    },
    {
      "id": 4914,
      "amount": 1
    },
    {
      "id": 4724,
      "amount": 1
    },
    {
      "id": 11802,
      "amount": 1
    },
    {
      "id": 13271,
      "amount": 1
    },
    {
      "id": 10551,
      "amount": 1
    },
    {
      "id": 12954,
      "amount": 1
    },
    {
      "id": 4712,
      "amount": 1
    },
    {
      "id": 6889,
      "amount": 1
    },
    {
      "id": 6585,
      "amount": 1
    },
    {
      "id": 13331,
      "amount": 1
    },
    {
      "id": 6737,
      "amount": 1
    },
    {
      "id": 13235,
      "amount": 1
    },
    {
      "id": 6914,
      "amount": 1
    },
    {
      "id": 1631,
      "amount": 1
    },
    {
      "id": 229,
      "amount": 3
    },
    {
      "id": 9748,
      "amount": 1
    },
    {
      "id": 9751,
      "amount": 1
    },
    {
      "id": 9760,
      "amount": 1
    },
    {
      "id": 9802,
      "amount": 1
    },
    {
      "id": 9805,
      "amount": 1
    },
    {
      "id": 9787,
      "amount": 1
    },
    {
      "id": 9778,
      "amount": 1
    },
    {
      "id": 9763,
      "amount": 1
    },
    {
      "id": 9784,
      "amount": 1
    },
    {
      "id": 9949,
      "amount": 1
    },
    {
      "id": 9769,
      "amount": 1
    },
    {
      "id": 9808,
      "amount": 1
    },
    {
      "id": 9772,
      "amount": 1
    },
    {
      "id": 9799,
      "amount": 1
    },
    {
      "id": 9781,
      "amount": 1
    },
    {
      "id": 9754,
      "amount": 1
    },
    {
      "id": 9793,
      "amount": 1
    },
    {
      "id": 9775,
      "amount": 1
    },
    {
      "id": 9811,
      "amount": 1
    },
    {
      "id": 9796,
      "amount": 1
    },
    {
      "id": 9766,
      "amount": 1
    },
    {
      "id": 9757,
      "amount": 1
    },
    {
      "id": 6570,
      "amount": 6
    },
    {
      "id": 7936,
      "amount": 443
    },
    {
      "id": 559,
      "amount": 150
    },
    {
      "id": 561,
      "amount": 403
    },
    {
      "id": 562,
      "amount": 1559
    },
    {
      "id": 558,
      "amount": 796
    },
    {
      "id": 556,
      "amount": 1038
    },
    {
      "id": 554,
      "amount": 304
    },
    {
      "id": 563,
      "amount": 963
    },
    {
      "id": 557,
      "amount": 1151
    },
    {
      "id": 560,
      "amount": 13545
    },
    {
      "id": 4697,
      "amount": 53
    },
    {
      "id": 565,
      "amount": 107505
    },
    {
      "id": 555,
      "amount": 26552
    },
    {
      "id": 566,
      "amount": 7095
    },
    {
      "id": 3840,
      "amount": 1
    },
    {
      "id": 12612,
      "amount": 4
    },
    {
      "id": 12610,
      "amount": 2
    },
    {
      "id": 2434,
      "amount": 417
    },
    {
      "id": 3024,
      "amount": 65
    },
    {
      "id": 6685,
      "amount": 63
    },
    {
      "id": 2436,
      "amount": 5
    },
    {
      "id": 2440,
      "amount": 14
    },
    {
      "id": 2442,
      "amount": 36
    },
    {
      "id": 2444,
      "amount": 1
    },
    {
      "id": 12695,
      "amount": 6
    },
    {
      "id": 139,
      "amount": 5
    },
    {
      "id": 3026,
      "amount": 1
    },
    {
      "id": 6687,
      "amount": 94
    },
    {
      "id": 145,
      "amount": 1
    },
    {
      "id": 157,
      "amount": 93
    },
    {
      "id": 163,
      "amount": 5
    },
    {
      "id": 169,
      "amount": 4
    },
    {
      "id": 12697,
      "amount": 2
    },
    {
      "id": 141,
      "amount": 13
    },
    {
      "id": 3028,
      "amount": 2
    },
    {
      "id": 6689,
      "amount": 4
    },
    {
      "id": 147,
      "amount": 1
    },
    {
      "id": 159,
      "amount": 2
    },
    {
      "id": 165,
      "amount": 1
    },
    {
      "id": 171,
      "amount": 3
    },
    {
      "id": 12699,
      "amount": 2
    },
    {
      "id": 143,
      "amount": 20
    },
    {
      "id": 3030,
      "amount": 3
    },
    {
      "id": 6691,
      "amount": 1
    },
    {
      "id": 149,
      "amount": 1
    },
    {
      "id": 161,
      "amount": 2
    },
    {
      "id": 167,
      "amount": 1
    },
    {
      "id": 173,
      "amount": 1
    },
    {
      "id": 12701,
      "amount": 3
    },
    {
      "id": 207,
      "amount": 693
    },
    {
      "id": 3051,
      "amount": 192
    },
    {
      "id": 3049,
      "amount": 1
    },
    {
      "id": 209,
      "amount": 1127
    },
    {
      "id": 213,
      "amount": 354
    },
    {
      "id": 215,
      "amount": 497
    },
    {
      "id": 217,
      "amount": 149
    },
    {
      "id": 219,
      "amount": 24
    },
    {
      "id": 257,
      "amount": 1
    },
    {
      "id": 3000,
      "amount": 2
    },
    {
      "id": 2998,
      "amount": 1
    },
    {
      "id": 259,
      "amount": 1
    },
    {
      "id": 263,
      "amount": 2
    },
    {
      "id": 265,
      "amount": 1
    },
    {
      "id": 267,
      "amount": 9
    },
    {
      "id": 269,
      "amount": 7
    },
    {
      "id": 99,
      "amount": 1
    },
    {
      "id": 3004,
      "amount": 1
    },
    {
      "id": 3002,
      "amount": 2
    },
    {
      "id": 101,
      "amount": 1
    },
    {
      "id": 105,
      "amount": 1
    },
    {
      "id": 107,
      "amount": 1
    },
    {
      "id": 109,
      "amount": 1
    },
    {
      "id": 227,
      "amount": 182
    },
    {
      "id": 231,
      "amount": 500
    },
    {
      "id": 223,
      "amount": 369
    },
    {
      "id": 6693,
      "amount": 198
    },
    {
      "id": 221,
      "amount": 389
    },
    {
      "id": 225,
      "amount": 267
    },
    {
      "id": 239,
      "amount": 613
    },
    {
      "id": 245,
      "amount": 45
    },
    {
      "id": 5304,
      "amount": 343
    },
    {
      "id": 5295,
      "amount": 1000
    },
    {
      "id": 5300,
      "amount": 773
    },
    {
      "id": 5296,
      "amount": 1432
    },
    {
      "id": 5297,
      "amount": 1496
    },
    {
      "id": 5299,
      "amount": 1481
    },
    {
      "id": 5301,
      "amount": 1093
    },
    {
      "id": 5303,
      "amount": 362
    },
    {
      "id": 7218,
      "amount": 51
    },
    {
      "id": 5325,
      "amount": 1
    },
    {
      "id": 5341,
      "amount": 1
    },
    {
      "id": 2454,
      "amount": 2
    },
    {
      "id": 5302,
      "amount": 367
    },
    {
      "id": 2485,
      "amount": 1
    },
    {
      "id": 11936,
      "amount": 928
    },
    {
      "id": 391,
      "amount": 48
    },
    {
      "id": 952,
      "amount": 2
    },
    {
      "id": 7060,
      "amount": 499
    },
    {
      "id": 5343,
      "amount": 1
    },
    {
      "id": 2483,
      "amount": 1
    },
    {
      "id": 241,
      "amount": 26
    },
    {
      "id": 2481,
      "amount": 9
    },
    {
      "id": 11934,
      "amount": 99
    },
    {
      "id": 7946,
      "amount": 936
    },
    {
      "id": 12932,
      "amount": 1
    },
    {
      "id": 1391,
      "amount": 10
    },
    {
      "id": 5974,
      "amount": 20
    },
    {
      "id": 11230,
      "amount": 6
    },
    {
      "id": 13324,
      "amount": 1
    },
    {
      "id": 13071,
      "amount": 2
    },
    {
      "id": 13320,
      "amount": 1
    },
    {
      "id": 4179,
      "amount": 1
    },
    {
      "id": 19693,
      "amount": 1
    },
    {
      "id": 12016,
      "amount": 3
    },
    {
      "id": 10933,
      "amount": 3
    },
    {
      "id": 10940,
      "amount": 1
    },
    {
      "id": 10941,
      "amount": 1
    },
    {
      "id": 5556,
      "amount": 2
    },
    {
      "id": 5557,
      "amount": 1
    },
    {
      "id": 5555,
      "amount": 1
    },
    {
      "id": 5553,
      "amount": 1
    },
    {
      "id": 5554,
      "amount": 1
    },
    {
      "id": 12014,
      "amount": 1
    },
    {
      "id": 2631,
      "amount": 1
    },
    {
      "id": 20134,
      "amount": 2
    },
    {
      "id": 20140,
      "amount": 5
    },
    {
      "id": 20131,
      "amount": 4
    },
    {
      "id": 20128,
      "amount": 3
    },
    {
      "id": 272,
      "amount": 1
    },
    {
      "id": 2723,
      "amount": 1
    },
    {
      "id": 2683,
      "amount": 6
    },
    {
      "id": 2678,
      "amount": 3
    },
    {
      "id": 2682,
      "amount": 3
    },
    {
      "id": 13649,
      "amount": 2
    },
    {
      "id": 13648,
      "amount": 21
    },
    {
      "id": 11849,
      "amount": 84
    },
    {
      "id": 13650,
      "amount": 1
    },
    {
      "id": 6529,
      "amount": 144576
    },
    {
      "id": 12645,
      "amount": 1
    },
    {
      "id": 2363,
      "amount": 2
    },
    {
      "id": 6729,
      "amount": 45
    },
    {
      "id": 1623,
      "amount": 7
    },
    {
      "id": 11940,
      "amount": 377
    },
    {
      "id": 301,
      "amount": 1
    },
    {
      "id": 12011,
      "amount": 5340
    },
    {
      "id": 449,
      "amount": 7
    },
    {
      "id": 9193,
      "amount": 91
    },
    {
      "id": 1615,
      "amount": 2
    },
    {
      "id": 1617,
      "amount": 341
    },
    {
      "id": 1621,
      "amount": 1578
    },
    {
      "id": 11237,
      "amount": 850
    },
    {
      "id": 6333,
      "amount": 150
    },
    {
      "id": 13241,
      "amount": 1
    },
    {
      "id": 11259,
      "amount": 1
    },
    {
      "id": 4740,
      "amount": 6831
    },
    {
      "id": 892,
      "amount": 1236
    },
    {
      "id": 9244,
      "amount": 29
    },
    {
      "id": 9341,
      "amount": 36
    },
    {
      "id": 9144,
      "amount": 251
    },
    {
      "id": 9242,
      "amount": 854
    },
    {
      "id": 9143,
      "amount": 4660
    },
    {
      "id": 11232,
      "amount": 587
    },
    {
      "id": 9340,
      "amount": 6450
    },
    {
      "id": 9191,
      "amount": 4
    },
    {
      "id": 987,
      "amount": 1
    },
    {
      "id": 314,
      "amount": 9900
    },
    null,
    null,
    null,
    null,
    null,
    null,
    null,
    null,
    null,
    null,
    null,
    null,
    null,
    null,
    null,
    null,
    null,
    null,
    null,
    null,
    null,
    null,
    null,
    null,
    null,
    null,
    null,
    null,
    null,
    null,
    null,
    null,
    null,
    null,
    null,
    null,
    null,
    null,
    null,
    null,
    null,
    null,
    null,
    null,
    null,
    null,
    null,
    null,
    null,
    null,
    null,
    null,
    null,
    null,
    null,
    null,
    null,
    null,
    null,
    null,
    null,
    null,
    null,
    null,
    null,
    null,
    null,
    null,
    null,
    null,
    null,
    null,
    null,
    null,
    null,
    null,
    null,
    null,
    null,
    null,
    null,
    null,
    null,
    null,
    null,
    null,
    null,
    null,
    null,
    null,
    null,
    null,
    null,
    null,
    null,
    null,
    null,
    null,
    null,
    null,
    null,
    null,
    null,
    null,
    null,
    null,
    null,
    null,
    null,
    null,
    null,
    null,
    null,
    null,
    null,
    null,
    null,
    null,
    null,
    null,
    null,
    null,
    null,
    null,
    null,
    null,
    null,
    null,
    null,
    null,
    null,
    null,
    null,
    null,
    null,
    null,
    null,
    null,
    null,
    null,
    null,
    null,
    null,
    null,
    null,
    null,
    null,
    null,
    null,
    null,
    null,
    null,
    null,
    null,
    null,
    null,
    null,
    null,
    null,
    null,
    null,
    null,
    null,
    null,
    null,
    null,
    null,
    null,
    null,
    null,
    null,
    null,
    null,
    null,
    null,
    null,
    null,
    null,
    null,
    null,
    null,
    null,
    null,
    null,
    null,
    null,
    null,
    null,
    null,
    null,
    null,
    null,
    null,
    null,
    null,
    null,
    null,
    null,
    null,
    null,
    null,
    null,
    null,
    null,
    null,
    null,
    null,
    null,
    null,
    null,
    null,
    null,
    null,
    null,
    null,
    null,
    null,
    null,
    null,
    null,
    null,
    null,
    null,
    null,
    null,
    null,
    null,
    null,
    null,
    null,
    null,
    null,
    null,
    null,
    null,
    null,
    null,
    null,
    null,
    null,
    null,
    null,
    null,
    null,
    null,
    null,
    null,
    null,
    null,
    null,
    null,
    null,
    null,
    null,
    null,
    null,
    null,
    null,
    null,
    null,
    null,
    null,
    null,
    null,
    null,
    null,
    null,
    null,
    null,
    null,
    null,
    null,
    null,
    null,
    null,
    null,
    null,
    null,
    null,
    null,
    null,
    null,
    null,
    null,
    null,
    null,
    null,
    null,
    null,
    null,
    null,
    null,
    null,
    null,
    null,
    null,
    null,
    null,
    null,
    null,
    null,
    null,
    null,
    null,
    null,
    null,
    null,
    null,
    null,
    null,
    null,
    null,
    null,
    null,
    null,
    null,
    null,
    null,
    null,
    null,
    null,
    null,
    null,
    null,
    null,
    null,
    null,
    null,
    null,
    null,
    null,
    null,
    null,
    null,
    null,
    null,
    null,
    null,
    null,
    null,
    null,
    null,
    null,
    null,
    null,
    null,
    null,
    null,
    null,
    null,
    null,
    null,
    null,
    null,
    null,
    null,
    null,
    null,
    null,
    null,
    null,
    null,
    null,
    null,
    null,
    null,
    null,
    null,
    null,
    null,
    null,
    null,
    null,
    null,
    null,
    null,
    null,
    null,
    null,
    null,
    null,
    null,
    null,
    null,
    null,
    null,
    null,
    null,
    null,
    null,
    null,
    null,
    null,
    null,
    null,
    null,
    null,
    null,
    null,
    null,
    null,
    null,
    null,
    null,
    null,
    null,
    null,
    null,
    null,
    null,
    null,
    null,
    null,
    null,
    null,
    null,
    null,
    null,
    null,
    null,
    null,
    null,
    null,
    null,
    null,
    null,
    null,
    null,
    null,
    null,
    null,
    null,
    null,
    null,
    null,
    null,
    null,
    null,
    null,
    null,
    null,
    null,
    null,
    null,
    null,
    null,
    null,
    null,
    null,
    null,
    null,
    null,
    null,
    null,
    null,
    null,
    null,
    null,
    null,
    null,
    null,
    null,
    null,
    null,
    null,
    null
  ],
  "tabAmounts": [
    95,
    40,
    91,
    31,
    23,
    4,
    0,
    0,
    0,
    0
  ],
  "inventory": [
    {
      "id": 169,
      "amount": 1
    },
    {
      "id": 139,
      "amount": 1
    },
    {
      "id": 2434,
      "amount": 1
    },
    {
      "id": 2434,
      "amount": 1
    },
    {
      "id": 2434,
      "amount": 1
    },
    {
      "id": 2434,
      "amount": 1
    },
    {
      "id": 2434,
      "amount": 1
    },
    {
      "id": 2434,
      "amount": 1
    },
    {
      "id": 11936,
      "amount": 1
    },
    {
      "id": 11936,
      "amount": 1
    },
    {
      "id": 11936,
      "amount": 1
    },
    {
      "id": 11936,
      "amount": 1
    },
    {
      "id": 11936,
      "amount": 1
    },
    {
      "id": 11936,
      "amount": 1
    },
    {
      "id": 11936,
      "amount": 1
    },
    {
      "id": 11936,
      "amount": 1
    },
    {
      "id": 11936,
      "amount": 1
    },
    {
      "id": 11936,
      "amount": 1
    },
    {
      "id": 11936,
      "amount": 1
    },
    {
      "id": 11936,
      "amount": 1
    },
    {
      "id": 11936,
      "amount": 1
    },
    {
      "id": 11936,
      "amount": 1
    },
    {
      "id": 11936,
      "amount": 1
    },
    {
      "id": 11936,
      "amount": 1
    },
    {
      "id": 11936,
      "amount": 1
    },
    {
      "id": 11936,
      "amount": 1
    },
    {
      "id": 11936,
      "amount": 1
    },
    {
      "id": 11936,
      "amount": 1
    }
  ],
  "equipment": [
    {
      "id": 10828,
      "amount": 1
    },
    {
      "id": 13337,
      "amount": 1
    },
    {
      "id": 19547,
      "amount": 1
    },
    {
      "id": 11230,
      "amount": 1271
    },
    {
      "id": 12492,
      "amount": 1
    },
    {
      "id": 3842,
      "amount": 1
    },
    null,
    {
      "id": 12494,
      "amount": 1
    },
    null,
    {
      "id": 7462,
      "amount": 1
    },
    {
      "id": 11840,
      "amount": 1
    },
    null,
    null,
    null
  ],
  "lootingBag": [],
  "shopItems": [
    {
      "id": 10416,
      "amount": 1
    },
    {
      "id": 10422,
      "amount": 1
    },
    {
      "id": 10426,
      "amount": 1
    },
    {
      "id": 12341,
      "amount": 1
    },
    {
      "id": 3483,
      "amount": 2
    },
    {
      "id": 8921,
      "amount": 1
    },
    {
      "id": 12319,
      "amount": 1
    },
    {
      "id": 212,
      "amount": 1050
    },
    null,
    null,
    null,
    null,
    null,
    null,
    null,
    null,
    null,
    null,
    null,
    null,
    null,
    null,
    null,
    null,
    null,
    null,
    null,
    null,
    null,
    null,
    null,
    null,
    null,
    null,
    null,
    null
  ],
  "shopPrices": [
    2000000,
    2000000,
    2000000,
    2000000,
    10000000,
    10000000,
    5000000,
    10000,
    0,
    0,
    0,
    0,
    0,
    0,
    0,
    0,
    0,
    0,
    0,
    0,
    0,
    0,
    0,
    0,
    0,
    0,
    0,
    0,
    0,
    0,
    0,
    0,
    0,
    0,
    0,
    0
  ],
  "pouches": [
    0,
    0,
    0,
    0
  ]
}