{
  "bank": [
    {
      "id": 385,
      "amount": 15
    },
    {
      "id": 2436,
      "amount": 8
    },
    {
      "id": 2440,
      "amount": 9
    },
    {
      "id": 2442,
      "amount": 8
    },
    {
      "id": 2444,
      "amount": 10
    },
    {
      "id": 3040,
      "amount": 10
    },
    {
      "id": 3024,
      "amount": 10
    },
    {
      "id": 6603,
      "amount": 1
    },
    {
      "id": 9705,
      "amount": 1
    },
    {
      "id": 9706,
      "amount": 500
    },
    {
      "id": 1555,
      "amount": 1
    },
    {
      "id": 13137,
      "amount": 1
    },
    {
      "id": 13133,
      "amount": 1
    },
    {
      "id": 13108,
      "amount": 1
    },
    {
      "id": 13104,
      "amount": 1
    },
    {
      "id": 13117,
      "amount": 1
    },
    {
      "id": 13112,
      "amount": 1
    },
    {
      "id": 11136,
      "amount": 1
    },
    {
      "id": 13129,
      "amount": 1
    },
    {
      "id": 13125,
      "amount": 1
    },
    {
      "id": 554,
      "amount": 250
    },
    {
      "id": 555,
      "amount": 250
    },
    {
      "id": 556,
      "amount": 250
    },
    {
      "id": 557,
      "amount": 250
    },
    {
      "id": 558,
      "amount": 250
    },
    {
      "id": 563,
      "amount": 50
    },
    {
      "id": 561,
      "amount": 30
    },
    {
      "id": 562,
      "amount": 100
    },
    {
      "id": 7936,
      "amount": 499
    },
    {
      "id": 147,
      "amount": 1
    },
    {
      "id": 159,
      "amount": 1
    },
    {
      "id": 2801,
      "amount": 1
    },
    {
      "id": 165,
      "amount": 1
    },
    {
      "id": 1149,
      "amount": 1
    },
    {
      "id": 2645,
      "amount": 1
    },
    {
      "id": 217,
      "amount": 10
    },
    {
      "id": 2649,
      "amount": 1
    },
    {
      "id": 987,
      "amount": 2
    },
    {
      "id": 20128,
      "amount": 1
    },
    {
      "id": 13307,
      "amount": 26681
    },
    {
      "id": 145,
      "amount": 1
    },
    {
      "id": 163,
      "amount": 1
    },
    {
      "id": 536,
      "amount": 63
    },
    {
      "id": 2996,
      "amount": 20
    },
    {
      "id": 11849,
      "amount": 4
    },
    {
      "id": 11840,
      "amount": 1
    },
    {
      "id": 4587,
      "amount": 3
    },
    {
      "id": 13121,
      "amount": 1
    },
    {
      "id": 1127,
      "amount": 1
    },
    {
      "id": 1163,
      "amount": 1
    },
    {
      "id": 1619,
      "amount": 24
    },
    {
      "id": 1631,
      "amount": 1
    },
    {
      "id": 1615,
      "amount": 1
    },
    {
      "id": 2491,
      "amount": 1
    },
    {
      "id": 13389,
      "amount": 2
    },
    {
      "id": 440,
      "amount": 29
    },
    {
      "id": 985,
      "amount": 1
    },
    {
      "id": 453,
      "amount": 30
    },
    {
      "id": 13385,
      "amount": 3
    },
    {
      "id": 811,
      "amount": 153
    },
    {
      "id": 1601,
      "amount": 2
    },
    {
      "id": 2368,
      "amount": 1
    },
    {
      "id": 2434,
      "amount": 291
    },
    {
      "id": 7946,
      "amount": 481
    },
    {
      "id": 143,
      "amount": 1
    },
    {
      "id": 9194,
      "amount": 12
    },
    {
      "id": 2363,
      "amount": 1
    },
    {
      "id": 139,
      "amount": 1
    },
    {
      "id": 1623,
      "amount": 8
    },
    {
      "id": 1621,
      "amount": 6
    },
    {
      "id": 442,
      "amount": 120
    },
    {
      "id": 6967,
      "amount": 1
    },
    {
      "id": 1617,
      "amount": 6
    },
    {
      "id": 2685,
      "amount": 1
    },
    {
      "id": 1093,
      "amount": 1
    },
    {
      "id": 995,
      "amount": 125000
    },
    null,
    null,
    null,
    null,
    null,
    null,
    null,
    null,
    null,
    null,
    null,
    null,
    null,
    null,
    null,
    null,
    null,
    null,
    null,
    null,
    null,
    null,
    null,
    null,
    null,
    null,
    null,
    null,
    null,
    null,
    null,
    null,
    null,
    null,
    null,
    null,
    null,
    null,
    null,
    null,
    null,
    null,
    null,
    null,
    null,
    null,
    null,
    null,
    null,
    null,
    null,
    null,
    null,
    null,
    null,
    null,
    null,
    null,
    null,
    null,
    null,
    null,
    null,
    null,
    null,
    null,
    null,
    null,
    null,
    null,
    null,
    null,
    null,
    null,
    null,
    null,
    null,
    null,
    null,
    null,
    null,
    null,
    null,
    null,
    null,
    null,
    null,
    null,
    null,
    null,
    null,
    null,
    null,
    null,
    null,
    null,
    null,
    null,
    null,
    null,
    null,
    null,
    null,
    null,
    null,
    null,
    null,
    null,
    null,
    null,
    null,
    null,
    null,
    null,
    null,
    null,
    null,
    null,
    null,
    null,
    null,
    null,
    null,
    null,
    null,
    null,
    null,
    null,
    null,
    null,
    null,
    null,
    null,
    null,
    null,
    null,
    null,
    null,
    null,
    null,
    null,
    null,
    null,
    null,
    null,
    null,
    null,
    null,
    null,
    null,
    null,
    null,
    null,
    null,
    null,
    null,
    null,
    null,
    null,
    null,
    null,
    null,
    null,
    null,
    null,
    null,
    null,
    null,
    null,
    null,
    null,
    null,
    null,
    null,
    null,
    null,
    null,
    null,
    null,
    null,
    null,
    null,
    null,
    null,
    null,
    null,
    null,
    null,
    null,
    null,
    null,
    null,
    null,
    null,
    null,
    null,
    null,
    null,
    null,
    null,
    null,
    null,
    null,
    null,
    null,
    null,
    null,
    null,
    null,
    null,
    null,
    null,
    null,
    null,
    null,
    null,
    null,
    null,
    null,
    null,
    null,
    null,
    null,
    null,
    null,
    null,
    null,
    null,
    null,
    null,
    null,
    null,
    null,
    null,
    null,
    null,
    null,
    null,
    null,
    null,
    null,
    null,
    null,
    null,
    null,
    null,
    null,
    null,
    null,
    null,
    null,
    null,
    null,
    null,
    null,
    null,
    null,
    null,
    null,
    null,
    null,
    null,
    null,
    null,
    null,
    null,
    null,
    null,
    null,
    null,
    null,
    null,
    null,
    null,
    null,
    null,
    null,
    null,
    null,
    null,
    null,
    null,
    null,
    null,
    null,
    null,
    null,
    null,
    null,
    null,
    null,
    null,
    null,
    null,
    null,
    null,
    null,
    null,
    null,
    null,
    null,
    null,
    null,
    null,
    null,
    null,
    null,
    null,
    null,
    null,
    null,
    null,
    null,
    null,
    null,
    null,
    null,
    null,
    null,
    null,
    null,
    null,
    null,
    null,
    null,
    null,
    null,
    null,
    null,
    null,
    null,
    null,
    null,
    null,
    null,
    null,
    null,
    null,
    null,
    null,
    null,
    null,
    null,
    null,
    null,
    null,
    null,
    null,
    null,
    null,
    null,
    null,
    null,
    null,
    null,
    null,
    null,
    null,
    null,
    null,
    null,
    null,
    null,
    null,
    null,
    null,
    null,
    null,
    null,
    null,
    null,
    null,
    null,
    null,
    null,
    null,
    null,
    null,
    null,
    null,
    null,
    null,
    null,
    null,
    null,
    null,
    null,
    null,
    null,
    null,
    null,
    null,
    null,
    null,
    null,
    null,
    null,
    null,
    null,
    null,
    null,
    null,
    null,
    null,
    null,
    null,
    null,
    null,
    null,
    null,
    null,
    null,
    null,
    null,
    null,
    null,
    null,
    null,
    null,
    null,
    null,
    null,
    null,
    null,
    null,
    null,
    null,
    null,
    null,
    null,
    null,
    null,
    null,
    null,
    null,
    null,
    null,
    null,
    null,
    null,
    null,
    null,
    null,
    null,
    null,
    null,
    null,
    null,
    null,
    null,
    null,
    null,
    null,
    null,
    null,
    null,
    null,
    null,
    null,
    null,
    null,
    null,
    null,
    null,
    null,
    null,
    null,
    null,
    null,
    null,
    null,
    null,
    null,
    null,
    null,
    null,
    null,
    null,
    null,
    null,
    null,
    null,
    null,
    null,
    null,
    null,
    null,
    null,
    null,
    null,
    null,
    null,
    null,
    null,
    null,
    null,
    null,
    null,
    null,
    null,
    null,
    null,
    null,
    null,
    null,
    null,
    null,
    null,
    null,
    null,
    null,
    null,
    null,
    null,
    null,
    null,
    null,
    null,
    null,
    null,
    null,
    null,
    null,
    null,
    null,
    null,
    null,
    null,
    null,
    null,
    null,
    null,
    null,
    null,
    null,
    null,
    null,
    null,
    null,
    null,
    null,
    null,
    null,
    null,
    null,
    null,
    null,
    null,
    null,
    null,
    null,
    null,
    null,
    null,
    null,
    null,
    null,
    null,
    null,
    null,
    null,
    null,
    null,
    null,
    null,
    null,
    null,
    null,
    null,
    null,
    null,
    null,
    null,
    null,
    null,
    null,
    null,
    null,
    null,
    null,
    null,
    null,
    null,
    null,
    null,
    null,
    null,
    null,
    null,
    null,
    null,
    null,
    null,
    null,
    null,
    null,
    null,
    null,
    null,
    null,
    null,
    null,
    null,
    null,
    null,
    null,
    null,
    null,
    null,
    null,
    null,
    null,
    null,
    null,
    null,
    null,
    null,
    null,
    null,
    null,
    null,
    null,
    null,
    null,
    null,
    null,
    null,
    null,
    null,
    null,
    null,
    null,
    null,
    null,
    null,
    null,
    null,
    null,
    null,
    null,
    null,
    null,
    null,
    null,
    null,
    null,
    null,
    null,
    null,
    null,
    null,
    null,
    null,
    null,
    null,
    null,
    null,
    null,
    null,
    null,
    null,
    null,
    null,
    null,
    null,
    null,
    null,
    null,
    null,
    null,
    null,
    null,
    null,
    null
  ],
  "tabAmounts": [
    76,
    0,
    0,
    0,
    0,
    0,
    0,
    0,
    0,
    0
  ],
  "inventory": [
    {
      "id": 13307,
      "amount": 1466
    },
    {
      "id": 995,
      "amount": 151229
    },
    {
      "id": 7937,
      "amount": 10
    },
    {
      "id": 1602,
      "amount": 4
    },
    {
      "id": 1619,
      "amount": 1
    },
    {
      "id": 1619,
      "amount": 1
    },
    {
      "id": 1619,
      "amount": 1
    },
    {
      "id": 1619,
      "amount": 1
    },
    {
      "id": 1619,
      "amount": 1
    },
    {
      "id": 1619,
      "amount": 1
    },
    {
      "id": 1619,
      "amount": 1
    },
    {
      "id": 1619,
      "amount": 1
    },
    {
      "id": 1619,
      "amount": 1
    },
    {
      "id": 1619,
      "amount": 1
    },
    {
      "id": 1619,
      "amount": 1
    },
    {
      "id": 1619,
      "amount": 1
    },
    {
      "id": 1619,
      "amount": 1
    },
    {
      "id": 1619,
      "amount": 1
    },
    {
      "id": 1619,
      "amount": 1
    },
    {
      "id": 1619,
      "amount": 1
    },
    null,
    null,
    null,
    null,
    null,
    null,
    null,
    null
  ],
  "equipment": [
    {
      "id": 10828,
      "amount": 1
    },
    {
      "id": 10499,
      "amount": 1
    },
    {
      "id": 6585,
      "amount": 1
    },
    {
      "id": 861,
      "amount": 1
    },
    {
      "id": 2503,
      "amount": 1
    },
    null,
    null,
    {
      "id": 2497,
      "amount": 1
    },
    null,
    {
      "id": 7462,
      "amount": 1
    },
    {
      "id": 3105,
      "amount": 1
    },
    null,
    {
      "id": 12785,
      "amount": 1
    },
    {
      "id": 892,
      "amount": 172
    }
  ],
  "lootingBag": [],
  "shopItems": [
    null,
    null,
    null,
    null,
    null,
    null,
    null,
    null,
    null,
    null,
    null,
    null,
    null,
    null,
    null,
    null,
    null,
    null,
    null,
    null,
    null,
    null,
    null,
    null,
    null,
    null,
    null,
    null,
    null,
    null,
    null,
    null,
    null,
    null,
    null,
    null
  ],
  "shopPrices": [
    0,
    0,
    0,
    0,
    0,
    0,
    0,
    0,
    0,
    0,
    0,
    0,
    0,
    0,
    0,
    0,
    0,
    0,
    0,
    0,
    0,
    0,
    0,
    0,
    0,
    0,
    0,
    0,
    0,
    0,
    0,
    0,
    0,
    0,
    0,
    0
  ],
  "pouches": [
    0,
    0,
    0,
    0
  ]
}