{
  "bank": [
    {
      "id": 385,
      "amount": 167
    },
    {
      "id": 2436,
      "amount": 10
    },
    {
      "id": 2440,
      "amount": 10
    },
    {
      "id": 2442,
      "amount": 10
    },
    {
      "id": 2444,
      "amount": 1
    },
    {
      "id": 3040,
      "amount": 10
    },
    {
      "id": 3024,
      "amount": 6
    },
    {
      "id": 6603,
      "amount": 1
    },
    {
      "id": 10025,
      "amount": 1
    },
    {
      "id": 6828,
      "amount": 1
    },
    {
      "id": 20703,
      "amount": 1
    },
    {
      "id": 9705,
      "amount": 1
    },
    {
      "id": 2681,
      "amount": 1
    },
    {
      "id": 985,
      "amount": 10
    },
    {
      "id": 10374,
      "amount": 1
    },
    {
      "id": 13307,
      "amount": 167761
    },
    {
      "id": 995,
      "amount": 1078608
    },
    {
      "id": 5323,
      "amount": 2
    },
    {
      "id": 9706,
      "amount": 483
    },
    {
      "id": 861,
      "amount": 1
    },
    {
      "id": 169,
      "amount": 23
    },
    {
      "id": 2434,
      "amount": 281
    },
    {
      "id": 7946,
      "amount": 417
    },
    {
      "id": 171,
      "amount": 13
    },
    {
      "id": 229,
      "amount": 47
    },
    {
      "id": 173,
      "amount": 26
    },
    {
      "id": 561,
      "amount": 134
    },
    {
      "id": 2550,
      "amount": 16
    },
    {
      "id": 2805,
      "amount": 1
    },
    {
      "id": 139,
      "amount": 11
    },
    {
      "id": 12502,
      "amount": 1
    },
    {
      "id": 868,
      "amount": 693
    },
    {
      "id": 1779,
      "amount": 3626
    },
    {
      "id": 12934,
      "amount": 40757
    },
    {
      "id": 1373,
      "amount": 1
    },
    {
      "id": 143,
      "amount": 21
    },
    {
      "id": 563,
      "amount": 4045
    },
    {
      "id": 5316,
      "amount": 1
    },
    {
      "id": 560,
      "amount": 300
    },
    {
      "id": 141,
      "amount": 16
    },
    {
      "id": 5317,
      "amount": 1
    },
    {
      "id": 1462,
      "amount": 1
    },
    {
      "id": 3749,
      "amount": 1
    },
    {
      "id": 12500,
      "amount": 1
    },
    {
      "id": 4738,
      "amount": 1
    },
    {
      "id": 10368,
      "amount": 1
    },
    {
      "id": 2723,
      "amount": 1
    },
    {
      "id": 19582,
      "amount": 23
    },
    {
      "id": 11936,
      "amount": 2
    },
    {
      "id": 536,
      "amount": 298
    },
    {
      "id": 2641,
      "amount": 2
    },
    {
      "id": 1127,
      "amount": 1
    },
    {
      "id": 1163,
      "amount": 1
    },
    {
      "id": 2645,
      "amount": 1
    },
    {
      "id": 20166,
      "amount": 3
    },
    {
      "id": 13117,
      "amount": 1
    },
    {
      "id": 10372,
      "amount": 1
    },
    {
      "id": 4012,
      "amount": 1
    },
    {
      "id": 199,
      "amount": 36
    },
    {
      "id": 4740,
      "amount": 170
    },
    {
      "id": 7158,
      "amount": 1
    },
    {
      "id": 2651,
      "amount": 1
    },
    {
      "id": 10382,
      "amount": 1
    },
    {
      "id": 2643,
      "amount": 1
    },
    {
      "id": 9185,
      "amount": 1
    },
    {
      "id": 12496,
      "amount": 1
    },
    {
      "id": 1201,
      "amount": 1
    },
    {
      "id": 2635,
      "amount": 1
    },
    {
      "id": 449,
      "amount": 50
    },
    {
      "id": 987,
      "amount": 9
    },
    {
      "id": 1149,
      "amount": 2
    },
    {
      "id": 7936,
      "amount": 715
    },
    {
      "id": 564,
      "amount": 54
    },
    {
      "id": 13354,
      "amount": 1
    },
    {
      "id": 442,
      "amount": 200
    },
    {
      "id": 267,
      "amount": 40
    },
    {
      "id": 989,
      "amount": 1
    },
    {
      "id": 9193,
      "amount": 84
    },
    {
      "id": 1391,
      "amount": 30
    },
    {
      "id": 1452,
      "amount": 1
    },
    {
      "id": 6289,
      "amount": 70
    },
    {
      "id": 1513,
      "amount": 800
    },
    {
      "id": 1249,
      "amount": 1
    },
    {
      "id": 6328,
      "amount": 1
    },
    {
      "id": 6685,
      "amount": 20
    },
    {
      "id": 1623,
      "amount": 6
    },
    {
      "id": 1987,
      "amount": 1500
    },
    {
      "id": 1319,
      "amount": 2
    },
    {
      "id": 5974,
      "amount": 60
    },
    {
      "id": 1939,
      "amount": 2000
    },
    {
      "id": 11230,
      "amount": 10
    },
    {
      "id": 2363,
      "amount": 1
    },
    {
      "id": 8782,
      "amount": 50
    },
    {
      "id": 12938,
      "amount": 104
    },
    null,
    null,
    null,
    null,
    null,
    null,
    null,
    null,
    null,
    null,
    null,
    null,
    null,
    null,
    null,
    null,
    null,
    null,
    null,
    null,
    null,
    null,
    null,
    null,
    null,
    null,
    null,
    null,
    null,
    null,
    null,
    null,
    null,
    null,
    null,
    null,
    null,
    null,
    null,
    null,
    null,
    null,
    null,
    null,
    null,
    null,
    null,
    null,
    null,
    null,
    null,
    null,
    null,
    null,
    null,
    null,
    null,
    null,
    null,
    null,
    null,
    null,
    null,
    null,
    null,
    null,
    null,
    null,
    null,
    null,
    null,
    null,
    null,
    null,
    null,
    null,
    null,
    null,
    null,
    null,
    null,
    null,
    null,
    null,
    null,
    null,
    null,
    null,
    null,
    null,
    null,
    null,
    null,
    null,
    null,
    null,
    null,
    null,
    null,
    null,
    null,
    null,
    null,
    null,
    null,
    null,
    null,
    null,
    null,
    null,
    null,
    null,
    null,
    null,
    null,
    null,
    null,
    null,
    null,
    null,
    null,
    null,
    null,
    null,
    null,
    null,
    null,
    null,
    null,
    null,
    null,
    null,
    null,
    null,
    null,
    null,
    null,
    null,
    null,
    null,
    null,
    null,
    null,
    null,
    null,
    null,
    null,
    null,
    null,
    null,
    null,
    null,
    null,
    null,
    null,
    null,
    null,
    null,
    null,
    null,
    null,
    null,
    null,
    null,
    null,
    null,
    null,
    null,
    null,
    null,
    null,
    null,
    null,
    null,
    null,
    null,
    null,
    null,
    null,
    null,
    null,
    null,
    null,
    null,
    null,
    null,
    null,
    null,
    null,
    null,
    null,
    null,
    null,
    null,
    null,
    null,
    null,
    null,
    null,
    null,
    null,
    null,
    null,
    null,
    null,
    null,
    null,
    null,
    null,
    null,
    null,
    null,
    null,
    null,
    null,
    null,
    null,
    null,
    null,
    null,
    null,
    null,
    null,
    null,
    null,
    null,
    null,
    null,
    null,
    null,
    null,
    null,
    null,
    null,
    null,
    null,
    null,
    null,
    null,
    null,
    null,
    null,
    null,
    null,
    null,
    null,
    null,
    null,
    null,
    null,
    null,
    null,
    null,
    null,
    null,
    null,
    null,
    null,
    null,
    null,
    null,
    null,
    null,
    null,
    null,
    null,
    null,
    null,
    null,
    null,
    null,
    null,
    null,
    null,
    null,
    null,
    null,
    null,
    null,
    null,
    null,
    null,
    null,
    null,
    null,
    null,
    null,
    null,
    null,
    null,
    null,
    null,
    null,
    null,
    null,
    null,
    null,
    null,
    null,
    null,
    null,
    null,
    null,
    null,
    null,
    null,
    null,
    null,
    null,
    null,
    null,
    null,
    null,
    null,
    null,
    null,
    null,
    null,
    null,
    null,
    null,
    null,
    null,
    null,
    null,
    null,
    null,
    null,
    null,
    null,
    null,
    null,
    null,
    null,
    null,
    null,
    null,
    null,
    null,
    null,
    null,
    null,
    null,
    null,
    null,
    null,
    null,
    null,
    null,
    null,
    null,
    null,
    null,
    null,
    null,
    null,
    null,
    null,
    null,
    null,
    null,
    null,
    null,
    null,
    null,
    null,
    null,
    null,
    null,
    null,
    null,
    null,
    null,
    null,
    null,
    null,
    null,
    null,
    null,
    null,
    null,
    null,
    null,
    null,
    null,
    null,
    null,
    null,
    null,
    null,
    null,
    null,
    null,
    null,
    null,
    null,
    null,
    null,
    null,
    null,
    null,
    null,
    null,
    null,
    null,
    null,
    null,
    null,
    null,
    null,
    null,
    null,
    null,
    null,
    null,
    null,
    null,
    null,
    null,
    null,
    null,
    null,
    null,
    null,
    null,
    null,
    null,
    null,
    null,
    null,
    null,
    null,
    null,
    null,
    null,
    null,
    null,
    null,
    null,
    null,
    null,
    null,
    null,
    null,
    null,
    null,
    null,
    null,
    null,
    null,
    null,
    null,
    null,
    null,
    null,
    null,
    null,
    null,
    null,
    null,
    null,
    null,
    null,
    null,
    null,
    null,
    null,
    null,
    null,
    null,
    null,
    null,
    null,
    null,
    null,
    null,
    null,
    null,
    null,
    null,
    null,
    null,
    null,
    null,
    null,
    null,
    null,
    null,
    null,
    null,
    null,
    null,
    null,
    null,
    null,
    null,
    null,
    null,
    null,
    null,
    null,
    null,
    null,
    null,
    null,
    null,
    null,
    null,
    null,
    null,
    null,
    null,
    null,
    null,
    null,
    null,
    null,
    null,
    null,
    null,
    null,
    null,
    null,
    null,
    null,
    null,
    null,
    null,
    null,
    null,
    null,
    null,
    null,
    null,
    null,
    null,
    null,
    null,
    null,
    null,
    null,
    null,
    null,
    null,
    null,
    null,
    null,
    null,
    null,
    null,
    null,
    null,
    null,
    null,
    null,
    null,
    null,
    null,
    null,
    null,
    null,
    null,
    null,
    null,
    null,
    null,
    null,
    null,
    null,
    null,
    null,
    null,
    null,
    null,
    null,
    null,
    null,
    null,
    null,
    null,
    null,
    null,
    null,
    null,
    null,
    null,
    null,
    null,
    null,
    null,
    null,
    null,
    null,
    null,
    null,
    null,
    null,
    null,
    null,
    null,
    null,
    null,
    null,
    null,
    null,
    null,
    null,
    null,
    null,
    null,
    null,
    null,
    null,
    null,
    null,
    null,
    null,
    null,
    null,
    null,
    null,
    null,
    null,
    null,
    null,
    null,
    null,
    null,
    null,
    null,
    null,
    null,
    null,
    null,
    null,
    null,
    null,
    null,
    null,
    null,
    null,
    null,
    null,
    null,
    null,
    null,
    null,
    null,
    null,
    null,
    null,
    null,
    null,
    null,
    null,
    null
  ],
  "tabAmounts": [
    94,
    0,
    0,
    0,
    0,
    0,
    0,
    0,
    0,
    0
  ],
  "inventory": [
    {
      "id": 12785,
      "amount": 1
    },
    null,
    null,
    null,
    null,
    null,
    null,
    null,
    null,
    null,
    null,
    null,
    null,
    null,
    null,
    null,
    null,
    null,
    null,
    null,
    null,
    null,
    null,
    null,
    null,
    null,
    null,
    null
  ],
  "equipment": [
    {
      "id": 11826,
      "amount": 1
    },
    {
      "id": 10499,
      "amount": 1
    },
    {
      "id": 19547,
      "amount": 1
    },
    {
      "id": 11230,
      "amount": 8900
    },
    {
      "id": 7816,
      "amount": 1
    },
    {
      "id": 12807,
      "amount": 1
    },
    null,
    {
      "id": 11830,
      "amount": 1
    },
    null,
    {
      "id": 7462,
      "amount": 1
    },
    {
      "id": 2577,
      "amount": 1
    },
    null,
    {
      "id": 2550,
      "amount": 1
    },
    null
  ],
  "lootingBag": [],
  "shopItems": [
    null,
    null,
    null,
    null,
    null,
    null,
    null,
    null,
    null,
    null,
    null,
    null,
    null,
    null,
    null,
    null,
    null,
    null,
    null,
    null,
    null,
    null,
    null,
    null,
    null,
    null,
    null,
    null,
    null,
    null,
    null,
    null,
    null,
    null,
    null,
    null
  ],
  "shopPrices": [
    0,
    0,
    0,
    0,
    0,
    0,
    0,
    0,
    0,
    0,
    0,
    0,
    0,
    0,
    0,
    0,
    0,
    0,
    0,
    0,
    0,
    0,
    0,
    0,
    0,
    0,
    0,
    0,
    0,
    0,
    0,
    0,
    0,
    0,
    0,
    0
  ],
  "pouches": [
    0,
    0,
    0,
    0
  ]
}