{
  "bank": [
    {
      "id": 2436,
      "amount": 9
    },
    {
      "id": 2440,
      "amount": 9
    },
    {
      "id": 2442,
      "amount": 9
    },
    {
      "id": 2444,
      "amount": 8
    },
    {
      "id": 3040,
      "amount": 10
    },
    {
      "id": 3024,
      "amount": 9
    },
    {
      "id": 554,
      "amount": 250
    },
    {
      "id": 1560,
      "amount": 1
    },
    {
      "id": 557,
      "amount": 250
    },
    {
      "id": 555,
      "amount": 250
    },
    {
      "id": 563,
      "amount": 50
    },
    {
      "id": 561,
      "amount": 30
    },
    {
      "id": 562,
      "amount": 100
    },
    {
      "id": 1511,
      "amount": 4
    },
    {
      "id": 5100,
      "amount": 10
    },
    {
      "id": 5075,
      "amount": 2
    },
    {
      "id": 1521,
      "amount": 11
    },
    {
      "id": 6603,
      "amount": 1
    },
    {
      "id": 556,
      "amount": 250
    },
    {
      "id": 558,
      "amount": 250
    },
    {
      "id": 1519,
      "amount": 30
    },
    {
      "id": 1517,
      "amount": 66
    },
    {
      "id": 2803,
      "amount": 2
    },
    {
      "id": 1515,
      "amount": 160
    },
    {
      "id": 1249,
      "amount": 2
    },
    {
      "id": 251,
      "amount": 2
    },
    {
      "id": 227,
      "amount": 1
    },
    {
      "id": 1333,
      "amount": 1
    },
    {
      "id": 1161,
      "amount": 1
    },
    {
      "id": 1123,
      "amount": 1
    },
    {
      "id": 1091,
      "amount": 1
    },
    {
      "id": 1149,
      "amount": 2
    },
    {
      "id": 1319,
      "amount": 1
    },
    {
      "id": 560,
      "amount": 45
    },
    {
      "id": 985,
      "amount": 5
    },
    {
      "id": 892,
      "amount": 42
    },
    {
      "id": 2363,
      "amount": 6
    },
    {
      "id": 2366,
      "amount": 2
    },
    {
      "id": 829,
      "amount": 20
    },
    {
      "id": 9706,
      "amount": 480
    },
    {
      "id": 861,
      "amount": 1
    },
    {
      "id": 884,
      "amount": 315
    },
    {
      "id": 373,
      "amount": 175
    },
    {
      "id": 995,
      "amount": 976297
    },
    {
      "id": 13307,
      "amount": 18047
    },
    {
      "id": 2434,
      "amount": 10
    },
    {
      "id": 395,
      "amount": 4
    },
    {
      "id": 163,
      "amount": 1
    },
    {
      "id": 19679,
      "amount": 1
    },
    {
      "id": 10499,
      "amount": 1
    },
    {
      "id": 2503,
      "amount": 1
    },
    {
      "id": 1199,
      "amount": 1
    },
    {
      "id": 2497,
      "amount": 1
    },
    {
      "id": 2491,
      "amount": 1
    },
    {
      "id": 11840,
      "amount": 1
    },
    {
      "id": 13108,
      "amount": 1
    },
    {
      "id": 171,
      "amount": 1
    },
    {
      "id": 385,
      "amount": 1
    },
    {
      "id": 1731,
      "amount": 1
    },
    {
      "id": 229,
      "amount": 1
    },
    {
      "id": 13117,
      "amount": 1
    },
    {
      "id": 11941,
      "amount": 1
    },
    {
      "id": 2649,
      "amount": 1
    },
    {
      "id": 2645,
      "amount": 1
    },
    {
      "id": 4012,
      "amount": 1
    },
    {
      "id": 205,
      "amount": 19
    },
    {
      "id": 209,
      "amount": 8
    },
    {
      "id": 371,
      "amount": 100
    },
    {
      "id": 1079,
      "amount": 1
    },
    {
      "id": 2639,
      "amount": 3
    },
    {
      "id": 2641,
      "amount": 1
    },
    {
      "id": 4675,
      "amount": 1
    },
    {
      "id": 1357,
      "amount": 1
    },
    {
      "id": 5295,
      "amount": 10
    },
    {
      "id": 5297,
      "amount": 10
    },
    {
      "id": 10933,
      "amount": 1
    },
    {
      "id": 2809,
      "amount": 1
    },
    {
      "id": 2635,
      "amount": 1
    },
    {
      "id": 211,
      "amount": 3
    },
    {
      "id": 1025,
      "amount": 1
    },
    {
      "id": 12494,
      "amount": 1
    },
    {
      "id": 2643,
      "amount": 2
    },
    {
      "id": 2550,
      "amount": 1
    },
    {
      "id": 12612,
      "amount": 1
    },
    {
      "id": 1615,
      "amount": 1
    },
    {
      "id": 442,
      "amount": 100
    },
    {
      "id": 141,
      "amount": 1
    },
    null,
    null,
    null,
    null,
    null,
    null,
    null,
    null,
    null,
    null,
    null,
    null,
    null,
    null,
    null,
    null,
    null,
    null,
    null,
    null,
    null,
    null,
    null,
    null,
    null,
    null,
    null,
    null,
    null,
    null,
    null,
    null,
    null,
    null,
    null,
    null,
    null,
    null,
    null,
    null,
    null,
    null,
    null,
    null,
    null,
    null,
    null,
    null,
    null,
    null,
    null,
    null,
    null,
    null,
    null,
    null,
    null,
    null,
    null,
    null,
    null,
    null,
    null,
    null,
    null,
    null,
    null,
    null,
    null,
    null,
    null,
    null,
    null,
    null,
    null,
    null,
    null,
    null,
    null,
    null,
    null,
    null,
    null,
    null,
    null,
    null,
    null,
    null,
    null,
    null,
    null,
    null,
    null,
    null,
    null,
    null,
    null,
    null,
    null,
    null,
    null,
    null,
    null,
    null,
    null,
    null,
    null,
    null,
    null,
    null,
    null,
    null,
    null,
    null,
    null,
    null,
    null,
    null,
    null,
    null,
    null,
    null,
    null,
    null,
    null,
    null,
    null,
    null,
    null,
    null,
    null,
    null,
    null,
    null,
    null,
    null,
    null,
    null,
    null,
    null,
    null,
    null,
    null,
    null,
    null,
    null,
    null,
    null,
    null,
    null,
    null,
    null,
    null,
    null,
    null,
    null,
    null,
    null,
    null,
    null,
    null,
    null,
    null,
    null,
    null,
    null,
    null,
    null,
    null,
    null,
    null,
    null,
    null,
    null,
    null,
    null,
    null,
    null,
    null,
    null,
    null,
    null,
    null,
    null,
    null,
    null,
    null,
    null,
    null,
    null,
    null,
    null,
    null,
    null,
    null,
    null,
    null,
    null,
    null,
    null,
    null,
    null,
    null,
    null,
    null,
    null,
    null,
    null,
    null,
    null,
    null,
    null,
    null,
    null,
    null,
    null,
    null,
    null,
    null,
    null,
    null,
    null,
    null,
    null,
    null,
    null,
    null,
    null,
    null,
    null,
    null,
    null,
    null,
    null,
    null,
    null,
    null,
    null,
    null,
    null,
    null,
    null,
    null,
    null,
    null,
    null,
    null,
    null,
    null,
    null,
    null,
    null,
    null,
    null,
    null,
    null,
    null,
    null,
    null,
    null,
    null,
    null,
    null
  ],
  "tabAmounts": [
    87,
    0,
    0,
    0,
    0,
    0,
    0,
    0,
    0,
    0
  ],
  "inventory": [
    {
      "id": 9185,
      "amount": 1
    },
    {
      "id": 373,
      "amount": 1
    },
    {
      "id": 373,
      "amount": 1
    },
    {
      "id": 373,
      "amount": 1
    },
    {
      "id": 373,
      "amount": 1
    },
    {
      "id": 373,
      "amount": 1
    },
    {
      "id": 373,
      "amount": 1
    },
    {
      "id": 373,
      "amount": 1
    },
    {
      "id": 995,
      "amount": 3000
    },
    {
      "id": 13307,
      "amount": 855
    },
    null,
    null,
    null,
    null,
    null,
    null,
    {
      "id": 2434,
      "amount": 1
    },
    {
      "id": 2434,
      "amount": 1
    },
    {
      "id": 141,
      "amount": 1
    },
    {
      "id": 229,
      "amount": 1
    },
    null,
    null,
    null,
    null,
    null,
    null,
    null,
    null
  ],
  "equipment": [
    {
      "id": 13137,
      "amount": 1
    },
    {
      "id": 13121,
      "amount": 1
    },
    {
      "id": 13133,
      "amount": 1
    },
    {
      "id": 4587,
      "amount": 1
    },
    {
      "id": 13104,
      "amount": 1
    },
    {
      "id": 1540,
      "amount": 1
    },
    null,
    {
      "id": 13112,
      "amount": 1
    },
    null,
    {
      "id": 11136,
      "amount": 1
    },
    {
      "id": 13129,
      "amount": 1
    },
    null,
    {
      "id": 13125,
      "amount": 1
    },
    {
      "id": 9142,
      "amount": 820
    }
  ],
  "shopItems": [
    null,
    null,
    null,
    null,
    null,
    null,
    null,
    null,
    null,
    null,
    null,
    null,
    null,
    null,
    null,
    null,
    null,
    null,
    null,
    null,
    null,
    null,
    null,
    null,
    null,
    null,
    null,
    null,
    null,
    null,
    null,
    null,
    null,
    null,
    null,
    null
  ],
  "shopPrices": [
    0,
    0,
    0,
    0,
    0,
    0,
    0,
    0,
    0,
    0,
    0,
    0,
    0,
    0,
    0,
    0,
    0,
    0,
    0,
    0,
    0,
    0,
    0,
    0,
    0,
    0,
    0,
    0,
    0,
    0,
    0,
    0,
    0,
    0,
    0,
    0
  ],
  "pouches": [
    0,
    0,
    0,
    0
  ]
}