{
  "bank": [
    {
      "id": 995,
      "amount": 14178171
    },
    {
      "id": 385,
      "amount": 65
    },
    {
      "id": 2436,
      "amount": 9
    },
    {
      "id": 2440,
      "amount": 9
    },
    {
      "id": 2442,
      "amount": 9
    },
    {
      "id": 2444,
      "amount": 10
    },
    {
      "id": 3040,
      "amount": 10
    },
    {
      "id": 3024,
      "amount": 6
    },
    {
      "id": 554,
      "amount": 265
    },
    {
      "id": 555,
      "amount": 264
    },
    {
      "id": 556,
      "amount": 250
    },
    {
      "id": 557,
      "amount": 250
    },
    {
      "id": 558,
      "amount": 250
    },
    {
      "id": 563,
      "amount": 50
    },
    {
      "id": 561,
      "amount": 30
    },
    {
      "id": 562,
      "amount": 100
    },
    {
      "id": 6603,
      "amount": 1
    },
    {
      "id": 9705,
      "amount": 1
    },
    {
      "id": 9706,
      "amount": 500
    },
    {
      "id": 13137,
      "amount": 1
    },
    {
      "id": 1557,
      "amount": 1
    },
    {
      "id": 1349,
      "amount": 1
    },
    {
      "id": 1355,
      "amount": 1
    },
    {
      "id": 1267,
      "amount": 2
    },
    {
      "id": 1271,
      "amount": 1
    },
    {
      "id": 1275,
      "amount": 1
    },
    {
      "id": 2347,
      "amount": 1
    },
    {
      "id": 13108,
      "amount": 1
    },
    {
      "id": 13104,
      "amount": 1
    },
    {
      "id": 13112,
      "amount": 1
    },
    {
      "id": 13129,
      "amount": 1
    },
    {
      "id": 11136,
      "amount": 1
    },
    {
      "id": 13133,
      "amount": 1
    },
    {
      "id": 590,
      "amount": 1
    },
    {
      "id": 946,
      "amount": 1
    },
    {
      "id": 1755,
      "amount": 1
    },
    {
      "id": 1623,
      "amount": 37
    },
    {
      "id": 13117,
      "amount": 1
    },
    {
      "id": 5556,
      "amount": 2
    },
    {
      "id": 5553,
      "amount": 5
    },
    {
      "id": 5554,
      "amount": 2
    },
    {
      "id": 5555,
      "amount": 3
    },
    {
      "id": 10368,
      "amount": 1
    },
    {
      "id": 209,
      "amount": 37
    },
    {
      "id": 211,
      "amount": 29
    },
    {
      "id": 213,
      "amount": 10
    },
    {
      "id": 215,
      "amount": 10
    },
    {
      "id": 217,
      "amount": 22
    },
    {
      "id": 219,
      "amount": 10
    },
    {
      "id": 2641,
      "amount": 4
    },
    {
      "id": 2649,
      "amount": 1
    },
    {
      "id": 2643,
      "amount": 4
    },
    {
      "id": 1617,
      "amount": 17
    },
    {
      "id": 4740,
      "amount": 170
    },
    {
      "id": 20166,
      "amount": 1
    },
    {
      "id": 1163,
      "amount": 1
    },
    {
      "id": 12510,
      "amount": 1
    },
    {
      "id": 12193,
      "amount": 1
    },
    {
      "id": 9185,
      "amount": 3
    },
    {
      "id": 3749,
      "amount": 1
    },
    {
      "id": 1619,
      "amount": 44
    },
    {
      "id": 20131,
      "amount": 1
    },
    {
      "id": 12197,
      "amount": 1
    },
    {
      "id": 2635,
      "amount": 1
    },
    {
      "id": 2550,
      "amount": 1
    },
    {
      "id": 12504,
      "amount": 1
    },
    {
      "id": 391,
      "amount": 40
    },
    {
      "id": 249,
      "amount": 26
    },
    {
      "id": 251,
      "amount": 26
    },
    {
      "id": 253,
      "amount": 26
    },
    {
      "id": 255,
      "amount": 25
    },
    {
      "id": 257,
      "amount": 10
    },
    {
      "id": 12610,
      "amount": 2
    },
    {
      "id": 5557,
      "amount": 1
    },
    {
      "id": 7936,
      "amount": 68
    },
    {
      "id": 161,
      "amount": 1
    },
    {
      "id": 167,
      "amount": 1
    },
    {
      "id": 149,
      "amount": 1
    },
    {
      "id": 229,
      "amount": 2
    },
    {
      "id": 3030,
      "amount": 1
    },
    {
      "id": 3026,
      "amount": 1
    },
    {
      "id": 1215,
      "amount": 1
    },
    {
      "id": 13121,
      "amount": 1
    },
    {
      "id": 6529,
      "amount": 16064
    },
    {
      "id": 1249,
      "amount": 1
    },
    {
      "id": 560,
      "amount": 45
    },
    {
      "id": 1389,
      "amount": 1
    },
    {
      "id": 1694,
      "amount": 1
    },
    {
      "id": 2890,
      "amount": 1
    },
    {
      "id": 1347,
      "amount": 1
    },
    {
      "id": 1103,
      "amount": 1
    },
    {
      "id": 1654,
      "amount": 1
    },
    {
      "id": 1237,
      "amount": 1
    },
    {
      "id": 1067,
      "amount": 1
    },
    {
      "id": 1307,
      "amount": 1
    },
    {
      "id": 658,
      "amount": 1
    },
    {
      "id": 579,
      "amount": 1
    },
    {
      "id": 1696,
      "amount": 1
    },
    {
      "id": 2493,
      "amount": 1
    },
    {
      "id": 1731,
      "amount": 1
    },
    {
      "id": 1643,
      "amount": 1
    },
    {
      "id": 845,
      "amount": 1
    },
    {
      "id": 1061,
      "amount": 1
    },
    {
      "id": 1639,
      "amount": 1
    },
    {
      "id": 1635,
      "amount": 1
    },
    {
      "id": 6328,
      "amount": 1
    },
    {
      "id": 1283,
      "amount": 1
    },
    {
      "id": 952,
      "amount": 1
    },
    {
      "id": 1133,
      "amount": 1
    },
    {
      "id": 1075,
      "amount": 1
    },
    {
      "id": 1442,
      "amount": 1
    },
    {
      "id": 1217,
      "amount": 1
    },
    {
      "id": 10306,
      "amount": 1
    },
    {
      "id": 1456,
      "amount": 1
    },
    {
      "id": 1129,
      "amount": 1
    },
    {
      "id": 13307,
      "amount": 5483
    },
    {
      "id": 20663,
      "amount": 1
    },
    null,
    null,
    null,
    null,
    null,
    null,
    null,
    null,
    null,
    null,
    null,
    null,
    null,
    null,
    null,
    null,
    null,
    null,
    null,
    null,
    null,
    null,
    null,
    null,
    null,
    null,
    null,
    null,
    null,
    null,
    null,
    null,
    null,
    null,
    null,
    null,
    null,
    null,
    null,
    null,
    null,
    null,
    null,
    null,
    null,
    null,
    null,
    null,
    null,
    null,
    null,
    null,
    null,
    null,
    null,
    null,
    null,
    null,
    null,
    null,
    null,
    null,
    null,
    null,
    null,
    null,
    null,
    null,
    null,
    null,
    null,
    null,
    null,
    null,
    null,
    null,
    null,
    null,
    null,
    null,
    null,
    null,
    null,
    null,
    null,
    null,
    null,
    null,
    null,
    null,
    null,
    null,
    null,
    null,
    null,
    null,
    null,
    null,
    null,
    null,
    null,
    null,
    null,
    null,
    null,
    null,
    null,
    null,
    null,
    null,
    null,
    null,
    null,
    null,
    null,
    null,
    null,
    null,
    null,
    null,
    null,
    null,
    null,
    null,
    null,
    null,
    null,
    null,
    null,
    null,
    null,
    null,
    null,
    null,
    null,
    null,
    null,
    null,
    null,
    null,
    null,
    null,
    null,
    null,
    null,
    null,
    null,
    null,
    null,
    null,
    null,
    null,
    null,
    null,
    null,
    null,
    null,
    null,
    null,
    null,
    null,
    null,
    null,
    null,
    null,
    null,
    null,
    null,
    null,
    null,
    null,
    null,
    null,
    null,
    null,
    null,
    null,
    null,
    null,
    null,
    null,
    null,
    null,
    null,
    null,
    null,
    null,
    null,
    null,
    null,
    null,
    null,
    null,
    null,
    null,
    null,
    null,
    null,
    null,
    null,
    null,
    null,
    null,
    null,
    null,
    null,
    null,
    null,
    null,
    null,
    null,
    null,
    null,
    null,
    null,
    null,
    null,
    null,
    null,
    null,
    null,
    null,
    null,
    null,
    null,
    null,
    null,
    null,
    null,
    null,
    null,
    null,
    null
  ],
  "tabAmounts": [
    87,
    28,
    0,
    0,
    0,
    0,
    0,
    0,
    0,
    0
  ],
  "inventory": [
    {
      "id": 4155,
      "amount": 1
    },
    null,
    null,
    {
      "id": 995,
      "amount": 48416
    },
    null,
    null,
    null,
    null,
    null,
    null,
    null,
    {
      "id": 7937,
      "amount": 41
    },
    null,
    null,
    null,
    {
      "id": 2363,
      "amount": 1
    },
    null,
    null,
    null,
    null,
    null,
    null,
    null,
    null,
    null,
    {
      "id": 985,
      "amount": 1
    },
    null,
    {
      "id": 10370,
      "amount": 1
    }
  ],
  "equipment": [
    {
      "id": 3751,
      "amount": 1
    },
    {
      "id": 6570,
      "amount": 1
    },
    {
      "id": 1725,
      "amount": 1
    },
    {
      "id": 20000,
      "amount": 1
    },
    {
      "id": 6129,
      "amount": 1
    },
    {
      "id": 3842,
      "amount": 1
    },
    null,
    {
      "id": 6130,
      "amount": 1
    },
    null,
    {
      "id": 11118,
      "amount": 1
    },
    {
      "id": 3105,
      "amount": 1
    },
    null,
    {
      "id": 13125,
      "amount": 1
    },
    {
      "id": 890,
      "amount": 4
    }
  ],
  "lootingBag": [],
  "shopItems": [
    null,
    null,
    null,
    null,
    null,
    null,
    null,
    null,
    null,
    null,
    null,
    null,
    null,
    null,
    null,
    null,
    null,
    null,
    null,
    null,
    null,
    null,
    null,
    null,
    null,
    null,
    null,
    null,
    null,
    null,
    null,
    null,
    null,
    null,
    null,
    null
  ],
  "shopPrices": [
    0,
    0,
    0,
    0,
    0,
    0,
    0,
    0,
    0,
    0,
    0,
    0,
    0,
    0,
    0,
    0,
    0,
    0,
    0,
    0,
    0,
    0,
    0,
    0,
    0,
    0,
    0,
    0,
    0,
    0,
    0,
    0,
    0,
    0,
    0,
    0
  ],
  "pouches": [
    0,
    0,
    0,
    0
  ]
}