{
  "bank": [
    {
      "id": 385,
      "amount": 71
    },
    {
      "id": 2436,
      "amount": 10
    },
    {
      "id": 2440,
      "amount": 10
    },
    {
      "id": 2442,
      "amount": 10
    },
    {
      "id": 2444,
      "amount": 10
    },
    {
      "id": 3040,
      "amount": 10
    },
    {
      "id": 3024,
      "amount": 10
    },
    {
      "id": 6603,
      "amount": 1
    },
    {
      "id": 9705,
      "amount": 1
    },
    {
      "id": 9706,
      "amount": 500
    },
    {
      "id": 554,
      "amount": 250
    },
    {
      "id": 555,
      "amount": 250
    },
    {
      "id": 556,
      "amount": 250
    },
    {
      "id": 557,
      "amount": 250
    },
    {
      "id": 558,
      "amount": 250
    },
    {
      "id": 563,
      "amount": 50
    },
    {
      "id": 561,
      "amount": 30
    },
    {
      "id": 562,
      "amount": 100
    },
    {
      "id": 1267,
      "amount": 2
    },
    {
      "id": 985,
      "amount": 1
    },
    {
      "id": 411,
      "amount": 2
    },
    {
      "id": 407,
      "amount": 1
    },
    {
      "id": 946,
      "amount": 1
    },
    {
      "id": 10010,
      "amount": 1
    },
    {
      "id": 11260,
      "amount": 10
    },
    {
      "id": 952,
      "amount": 1
    },
    {
      "id": 3162,
      "amount": 1
    },
    {
      "id": 1619,
      "amount": 15
    },
    {
      "id": 1621,
      "amount": 22
    },
    {
      "id": 1617,
      "amount": 32
    },
    {
      "id": 1623,
      "amount": 53
    },
    {
      "id": 1755,
      "amount": 1
    },
    {
      "id": 1779,
      "amount": 25
    },
    {
      "id": 1743,
      "amount": 2
    },
    {
      "id": 1741,
      "amount": 1
    },
    {
      "id": 10294,
      "amount": 1
    },
    {
      "id": 995,
      "amount": 3676529
    },
    {
      "id": 1127,
      "amount": 2
    },
    {
      "id": 5553,
      "amount": 2
    },
    {
      "id": 5555,
      "amount": 3
    },
    {
      "id": 5557,
      "amount": 1
    },
    {
      "id": 11136,
      "amount": 1
    },
    {
      "id": 13129,
      "amount": 1
    },
    {
      "id": 5554,
      "amount": 3
    },
    {
      "id": 13112,
      "amount": 1
    },
    {
      "id": 13104,
      "amount": 1
    },
    {
      "id": 13117,
      "amount": 1
    },
    {
      "id": 13108,
      "amount": 1
    },
    {
      "id": 13137,
      "amount": 1
    },
    {
      "id": 20663,
      "amount": 1
    },
    {
      "id": 1555,
      "amount": 1
    },
    {
      "id": 13307,
      "amount": 2500
    },
    {
      "id": 1515,
      "amount": 12
    },
    {
      "id": 590,
      "amount": 1
    },
    {
      "id": 1357,
      "amount": 1
    },
    {
      "id": 1079,
      "amount": 1
    },
    {
      "id": 10939,
      "amount": 1
    },
    {
      "id": 10382,
      "amount": 1
    },
    {
      "id": 371,
      "amount": 8
    },
    {
      "id": 10374,
      "amount": 1
    },
    {
      "id": 6721,
      "amount": 1232
    },
    {
      "id": 13133,
      "amount": 1
    },
    {
      "id": 1201,
      "amount": 2
    },
    {
      "id": 5556,
      "amount": 1
    },
    {
      "id": 13125,
      "amount": 1
    },
    {
      "id": 2363,
      "amount": 15
    },
    {
      "id": 20166,
      "amount": 1
    },
    {
      "id": 2651,
      "amount": 1
    },
    {
      "id": 4012,
      "amount": 1
    },
    {
      "id": 1025,
      "amount": 1
    },
    {
      "id": 2635,
      "amount": 1
    },
    {
      "id": 215,
      "amount": 20
    },
    {
      "id": 217,
      "amount": 7
    },
    {
      "id": 209,
      "amount": 4
    },
    {
      "id": 12504,
      "amount": 1
    },
    {
      "id": 20131,
      "amount": 1
    },
    {
      "id": 211,
      "amount": 3
    },
    {
      "id": 1187,
      "amount": 1
    },
    {
      "id": 4585,
      "amount": 1
    },
    {
      "id": 1093,
      "amount": 1
    },
    {
      "id": 1434,
      "amount": 1
    },
    {
      "id": 205,
      "amount": 19
    },
    {
      "id": 451,
      "amount": 2
    },
    {
      "id": 2645,
      "amount": 2
    },
    {
      "id": 391,
      "amount": 50
    },
    {
      "id": 10380,
      "amount": 1
    },
    {
      "id": 1215,
      "amount": 1
    },
    {
      "id": 1319,
      "amount": 2
    },
    {
      "id": 2347,
      "amount": 1
    },
    {
      "id": 1349,
      "amount": 1
    },
    {
      "id": 1275,
      "amount": 1
    },
    {
      "id": 1521,
      "amount": 15
    },
    {
      "id": 5075,
      "amount": 2
    },
    {
      "id": 1517,
      "amount": 16
    },
    null,
    null,
    null,
    null,
    null,
    null,
    null,
    null,
    null,
    null,
    null,
    null,
    null,
    null,
    null,
    null,
    null,
    null,
    null,
    null,
    null,
    null,
    null,
    null,
    null,
    null,
    null,
    null,
    null,
    null,
    null,
    null,
    null,
    null,
    null,
    null,
    null,
    null,
    null,
    null,
    null,
    null,
    null,
    null,
    null,
    null,
    null,
    null,
    null,
    null,
    null,
    null,
    null,
    null,
    null,
    null,
    null,
    null,
    null,
    null,
    null,
    null,
    null,
    null,
    null,
    null,
    null,
    null,
    null,
    null,
    null,
    null,
    null,
    null,
    null,
    null,
    null,
    null,
    null,
    null,
    null,
    null,
    null,
    null,
    null,
    null,
    null,
    null,
    null,
    null,
    null,
    null,
    null,
    null,
    null,
    null,
    null,
    null,
    null,
    null,
    null,
    null,
    null,
    null,
    null,
    null,
    null,
    null,
    null,
    null,
    null,
    null,
    null,
    null,
    null,
    null,
    null,
    null,
    null,
    null,
    null,
    null,
    null,
    null,
    null,
    null,
    null,
    null,
    null,
    null,
    null,
    null,
    null,
    null,
    null,
    null,
    null,
    null,
    null,
    null,
    null,
    null,
    null,
    null,
    null,
    null,
    null,
    null,
    null,
    null,
    null,
    null,
    null,
    null,
    null,
    null,
    null,
    null,
    null,
    null,
    null,
    null,
    null,
    null,
    null,
    null,
    null,
    null,
    null,
    null,
    null,
    null,
    null,
    null,
    null,
    null,
    null,
    null,
    null,
    null,
    null,
    null,
    null,
    null,
    null,
    null,
    null,
    null,
    null,
    null,
    null,
    null,
    null,
    null,
    null,
    null,
    null,
    null,
    null,
    null,
    null,
    null,
    null,
    null,
    null,
    null,
    null,
    null,
    null,
    null,
    null,
    null,
    null,
    null,
    null,
    null,
    null,
    null,
    null,
    null,
    null,
    null,
    null,
    null,
    null,
    null,
    null,
    null,
    null,
    null,
    null,
    null,
    null,
    null,
    null,
    null,
    null,
    null,
    null,
    null,
    null,
    null,
    null,
    null,
    null,
    null,
    null,
    null,
    null,
    null,
    null,
    null,
    null,
    null,
    null,
    null
  ],
  "tabAmounts": [
    60,
    5,
    23,
    6,
    0,
    0,
    0,
    0,
    0,
    0
  ],
  "inventory": [
    {
      "id": 391,
      "amount": 1
    },
    {
      "id": 391,
      "amount": 1
    },
    {
      "id": 391,
      "amount": 1
    },
    {
      "id": 391,
      "amount": 1
    },
    {
      "id": 391,
      "amount": 1
    },
    {
      "id": 391,
      "amount": 1
    },
    {
      "id": 391,
      "amount": 1
    },
    {
      "id": 391,
      "amount": 1
    },
    {
      "id": 391,
      "amount": 1
    },
    {
      "id": 391,
      "amount": 1
    },
    null,
    null,
    null,
    null,
    null,
    null,
    null,
    null,
    null,
    null,
    null,
    null,
    null,
    null,
    null,
    null,
    null,
    null
  ],
  "equipment": [
    {
      "id": 1163,
      "amount": 1
    },
    {
      "id": 13121,
      "amount": 1
    },
    null,
    {
      "id": 1305,
      "amount": 1
    },
    {
      "id": 1127,
      "amount": 1
    },
    {
      "id": 1201,
      "amount": 1
    },
    null,
    {
      "id": 1079,
      "amount": 1
    },
    null,
    null,
    {
      "id": 5557,
      "amount": 1
    },
    null,
    null,
    null
  ],
  "lootingBag": [],
  "shopItems": [
    null,
    null,
    null,
    null,
    null,
    null,
    null,
    null,
    null,
    null,
    null,
    null,
    null,
    null,
    null,
    null,
    null,
    null,
    null,
    null,
    null,
    null,
    null,
    null,
    null,
    null,
    null,
    null,
    null,
    null,
    null,
    null,
    null,
    null,
    null,
    null
  ],
  "shopPrices": [
    0,
    0,
    0,
    0,
    0,
    0,
    0,
    0,
    0,
    0,
    0,
    0,
    0,
    0,
    0,
    0,
    0,
    0,
    0,
    0,
    0,
    0,
    0,
    0,
    0,
    0,
    0,
    0,
    0,
    0,
    0,
    0,
    0,
    0,
    0,
    0
  ],
  "pouches": [
    0,
    0,
    0,
    0
  ]
}