{
  "bank": [
    {
      "id": 385,
      "amount": 75
    },
    {
      "id": 2436,
      "amount": 7
    },
    {
      "id": 2440,
      "amount": 7
    },
    {
      "id": 2442,
      "amount": 10
    },
    {
      "id": 2444,
      "amount": 12
    },
    {
      "id": 3040,
      "amount": 10
    },
    {
      "id": 3024,
      "amount": 10
    },
    {
      "id": 6603,
      "amount": 1
    },
    {
      "id": 1558,
      "amount": 1
    },
    {
      "id": 554,
      "amount": 537
    },
    {
      "id": 555,
      "amount": 500
    },
    {
      "id": 556,
      "amount": 500
    },
    {
      "id": 557,
      "amount": 500
    },
    {
      "id": 558,
      "amount": 500
    },
    {
      "id": 563,
      "amount": 106
    },
    {
      "id": 561,
      "amount": 90
    },
    {
      "id": 562,
      "amount": 200
    },
    {
      "id": 863,
      "amount": 500
    },
    {
      "id": 1065,
      "amount": 1
    },
    {
      "id": 1099,
      "amount": 1
    },
    {
      "id": 1135,
      "amount": 1
    },
    {
      "id": 9705,
      "amount": 1
    },
    {
      "id": 9706,
      "amount": 500
    },
    {
      "id": 205,
      "amount": 1
    },
    {
      "id": 1625,
      "amount": 3
    },
    {
      "id": 3157,
      "amount": 1
    },
    {
      "id": 307,
      "amount": 1
    },
    {
      "id": 309,
      "amount": 1
    },
    {
      "id": 2681,
      "amount": 1
    },
    {
      "id": 301,
      "amount": 1
    },
    {
      "id": 11136,
      "amount": 1
    },
    {
      "id": 13129,
      "amount": 1
    },
    {
      "id": 13108,
      "amount": 1
    },
    {
      "id": 13117,
      "amount": 1
    },
    {
      "id": 13112,
      "amount": 1
    },
    {
      "id": 13104,
      "amount": 1
    },
    {
      "id": 13137,
      "amount": 1
    },
    {
      "id": 13125,
      "amount": 1
    },
    {
      "id": 13133,
      "amount": 1
    },
    {
      "id": 303,
      "amount": 1
    },
    {
      "id": 305,
      "amount": 1
    },
    {
      "id": 2723,
      "amount": 3
    },
    {
      "id": 2722,
      "amount": 1
    },
    {
      "id": 379,
      "amount": 472
    },
    {
      "id": 7332,
      "amount": 1
    },
    {
      "id": 2801,
      "amount": 1
    },
    {
      "id": 1357,
      "amount": 2
    },
    {
      "id": 952,
      "amount": 1
    },
    {
      "id": 1371,
      "amount": 1
    },
    {
      "id": 10296,
      "amount": 1
    },
    {
      "id": 1393,
      "amount": 1
    },
    {
      "id": 1131,
      "amount": 1
    },
    {
      "id": 2649,
      "amount": 1
    },
    {
      "id": 13648,
      "amount": 31
    },
    {
      "id": 13650,
      "amount": 18
    },
    {
      "id": 13649,
      "amount": 22
    },
    {
      "id": 10468,
      "amount": 1
    },
    {
      "id": 311,
      "amount": 1
    },
    {
      "id": 13320,
      "amount": 2
    },
    {
      "id": 3105,
      "amount": 1
    },
    {
      "id": 13261,
      "amount": 1
    },
    {
      "id": 5294,
      "amount": 13
    },
    {
      "id": 440,
      "amount": 41
    },
    {
      "id": 13307,
      "amount": 13186
    },
    {
      "id": 6155,
      "amount": 3
    },
    {
      "id": 884,
      "amount": 359
    },
    {
      "id": 985,
      "amount": 1
    },
    {
      "id": 6129,
      "amount": 1
    },
    {
      "id": 6130,
      "amount": 1
    },
    {
      "id": 9672,
      "amount": 1
    },
    {
      "id": 2434,
      "amount": 176
    },
    {
      "id": 995,
      "amount": 1403050
    },
    {
      "id": 2454,
      "amount": 29
    },
    {
      "id": 2458,
      "amount": 1
    },
    {
      "id": 6729,
      "amount": 1
    },
    {
      "id": 1540,
      "amount": 1
    },
    {
      "id": 5281,
      "amount": 1
    },
    {
      "id": 987,
      "amount": 1
    },
    {
      "id": 532,
      "amount": 4
    },
    {
      "id": 139,
      "amount": 1
    },
    {
      "id": 149,
      "amount": 1
    },
    {
      "id": 161,
      "amount": 1
    },
    {
      "id": 45,
      "amount": 44
    },
    {
      "id": 4155,
      "amount": 1
    },
    {
      "id": 1627,
      "amount": 4
    },
    {
      "id": 1215,
      "amount": 1
    },
    null,
    null,
    null,
    null,
    null,
    null,
    null,
    null,
    null,
    null,
    null,
    null,
    null,
    null,
    null,
    null,
    null,
    null,
    null,
    null,
    null,
    null,
    null,
    null,
    null,
    null,
    null,
    null,
    null,
    null,
    null,
    null,
    null,
    null,
    null,
    null,
    null,
    null,
    null,
    null,
    null,
    null,
    null,
    null,
    null,
    null,
    null,
    null,
    null,
    null,
    null,
    null,
    null,
    null,
    null,
    null,
    null,
    null,
    null,
    null,
    null,
    null,
    null,
    null,
    null,
    null,
    null,
    null,
    null,
    null,
    null,
    null,
    null,
    null,
    null,
    null,
    null,
    null,
    null,
    null,
    null,
    null,
    null,
    null,
    null,
    null,
    null,
    null,
    null,
    null,
    null,
    null,
    null,
    null,
    null,
    null,
    null,
    null,
    null,
    null,
    null,
    null,
    null,
    null,
    null,
    null,
    null,
    null,
    null,
    null,
    null,
    null,
    null,
    null,
    null,
    null,
    null,
    null,
    null,
    null,
    null,
    null,
    null,
    null,
    null,
    null,
    null,
    null,
    null,
    null,
    null,
    null,
    null,
    null,
    null,
    null,
    null,
    null,
    null,
    null,
    null,
    null,
    null,
    null,
    null,
    null,
    null,
    null,
    null,
    null,
    null,
    null,
    null,
    null,
    null,
    null,
    null,
    null,
    null,
    null,
    null,
    null,
    null,
    null,
    null,
    null,
    null,
    null,
    null,
    null,
    null,
    null,
    null,
    null,
    null,
    null,
    null,
    null,
    null,
    null,
    null,
    null,
    null,
    null,
    null,
    null,
    null,
    null,
    null,
    null,
    null,
    null,
    null,
    null,
    null,
    null,
    null,
    null,
    null,
    null,
    null,
    null,
    null,
    null,
    null,
    null,
    null,
    null,
    null,
    null,
    null,
    null,
    null,
    null,
    null,
    null,
    null,
    null,
    null,
    null,
    null,
    null,
    null,
    null,
    null,
    null,
    null,
    null,
    null,
    null,
    null,
    null,
    null,
    null,
    null,
    null,
    null,
    null,
    null,
    null,
    null,
    null,
    null,
    null,
    null,
    null,
    null,
    null,
    null,
    null,
    null,
    null,
    null,
    null,
    null,
    null,
    null,
    null,
    null,
    null,
    null,
    null,
    null,
    null
  ],
  "tabAmounts": [
    86,
    0,
    0,
    0,
    0,
    0,
    0,
    0,
    0,
    0
  ],
  "inventory": [
    null,
    null,
    null,
    null,
    null,
    null,
    null,
    null,
    null,
    null,
    null,
    null,
    null,
    null,
    null,
    null,
    null,
    null,
    null,
    null,
    null,
    null,
    null,
    null,
    null,
    null,
    null,
    null
  ],
  "equipment": [
    {
      "id": 10828,
      "amount": 1
    },
    {
      "id": 13121,
      "amount": 1
    },
    {
      "id": 1725,
      "amount": 1
    },
    {
      "id": 4587,
      "amount": 1
    },
    {
      "id": 9674,
      "amount": 1
    },
    {
      "id": 3842,
      "amount": 1
    },
    null,
    {
      "id": 9676,
      "amount": 1
    },
    null,
    {
      "id": 11118,
      "amount": 1
    },
    {
      "id": 4131,
      "amount": 1
    },
    null,
    null,
    {
      "id": 884,
      "amount": 247
    }
  ],
  "shopItems": [
    null,
    null,
    null,
    null,
    null,
    null,
    null,
    null,
    null,
    null,
    null,
    null,
    null,
    null,
    null,
    null,
    null,
    null,
    null,
    null,
    null,
    null,
    null,
    null,
    null,
    null,
    null,
    null,
    null,
    null,
    null,
    null,
    null,
    null,
    null,
    null
  ],
  "shopPrices": [
    0,
    0,
    0,
    0,
    0,
    0,
    0,
    0,
    0,
    0,
    0,
    0,
    0,
    0,
    0,
    0,
    0,
    0,
    0,
    0,
    0,
    0,
    0,
    0,
    0,
    0,
    0,
    0,
    0,
    0,
    0,
    0,
    0,
    0,
    0,
    0
  ],
  "pouches": [
    0,
    0,
    0,
    0
  ]
}