{
  "bank": [
    {
      "id": 554,
      "amount": 89
    },
    {
      "id": 557,
      "amount": 234
    },
    {
      "id": 556,
      "amount": 303
    },
    {
      "id": 555,
      "amount": 256
    },
    {
      "id": 558,
      "amount": 257
    },
    {
      "id": 562,
      "amount": 150
    },
    {
      "id": 561,
      "amount": 438
    },
    {
      "id": 563,
      "amount": 503
    },
    {
      "id": 2436,
      "amount": 9
    },
    {
      "id": 2440,
      "amount": 9
    },
    {
      "id": 2442,
      "amount": 10
    },
    {
      "id": 3040,
      "amount": 10
    },
    {
      "id": 2444,
      "amount": 10
    },
    {
      "id": 3024,
      "amount": 15
    },
    {
      "id": 385,
      "amount": 527
    },
    {
      "id": 247,
      "amount": 485
    },
    {
      "id": 231,
      "amount": 23
    },
    {
      "id": 227,
      "amount": 7026
    },
    {
      "id": 952,
      "amount": 1
    },
    {
      "id": 3026,
      "amount": 46
    },
    {
      "id": 157,
      "amount": 34
    },
    {
      "id": 5341,
      "amount": 1
    },
    {
      "id": 5343,
      "amount": 1
    },
    {
      "id": 269,
      "amount": 764
    },
    {
      "id": 245,
      "amount": 61
    },
    {
      "id": 2454,
      "amount": 72
    },
    {
      "id": 163,
      "amount": 62
    },
    {
      "id": 233,
      "amount": 1
    },
    {
      "id": 169,
      "amount": 115
    },
    {
      "id": 139,
      "amount": 17
    },
    {
      "id": 145,
      "amount": 31
    },
    {
      "id": 5304,
      "amount": 924
    },
    {
      "id": 1777,
      "amount": 1267
    },
    {
      "id": 1734,
      "amount": 422
    },
    {
      "id": 305,
      "amount": 1
    },
    {
      "id": 1733,
      "amount": 100
    },
    {
      "id": 3157,
      "amount": 1
    },
    {
      "id": 11940,
      "amount": 2047
    },
    {
      "id": 2679,
      "amount": 2
    },
    {
      "id": 2681,
      "amount": 1
    },
    {
      "id": 20663,
      "amount": 2
    },
    {
      "id": 1556,
      "amount": 1
    },
    {
      "id": 13307,
      "amount": 37903
    },
    {
      "id": 3477,
      "amount": 1
    },
    {
      "id": 3018,
      "amount": 18
    },
    {
      "id": 2970,
      "amount": 2
    },
    {
      "id": 175,
      "amount": 10
    },
    {
      "id": 6687,
      "amount": 9
    },
    {
      "id": 453,
      "amount": 17
    },
    {
      "id": 6693,
      "amount": 1
    },
    {
      "id": 309,
      "amount": 1
    },
    {
      "id": 13649,
      "amount": 11
    },
    {
      "id": 13648,
      "amount": 12
    },
    {
      "id": 11934,
      "amount": 109
    },
    {
      "id": 13650,
      "amount": 6
    },
    {
      "id": 389,
      "amount": 100
    },
    {
      "id": 985,
      "amount": 2
    },
    {
      "id": 1462,
      "amount": 1
    },
    {
      "id": 1436,
      "amount": 1626
    },
    {
      "id": 1753,
      "amount": 16
    },
    {
      "id": 4012,
      "amount": 7
    },
    {
      "id": 2673,
      "amount": 2
    },
    {
      "id": 1163,
      "amount": 4
    },
    {
      "id": 7936,
      "amount": 103
    },
    {
      "id": 205,
      "amount": 153
    },
    {
      "id": 9185,
      "amount": 8
    },
    {
      "id": 391,
      "amount": 113
    },
    {
      "id": 10372,
      "amount": 2
    },
    {
      "id": 4131,
      "amount": 5
    },
    {
      "id": 2635,
      "amount": 7
    },
    {
      "id": 1149,
      "amount": 4
    },
    {
      "id": 199,
      "amount": 78
    },
    {
      "id": 4740,
      "amount": 1728
    },
    {
      "id": 2639,
      "amount": 10
    },
    {
      "id": 2669,
      "amount": 1
    },
    {
      "id": 1201,
      "amount": 7
    },
    {
      "id": 451,
      "amount": 25
    },
    {
      "id": 20166,
      "amount": 5
    },
    {
      "id": 1127,
      "amount": 5
    },
    {
      "id": 2645,
      "amount": 6
    },
    {
      "id": 10450,
      "amount": 1
    },
    {
      "id": 217,
      "amount": 35
    },
    {
      "id": 1025,
      "amount": 4
    },
    {
      "id": 1079,
      "amount": 6
    },
    {
      "id": 10382,
      "amount": 2
    },
    {
      "id": 2649,
      "amount": 4
    },
    {
      "id": 2657,
      "amount": 1
    },
    {
      "id": 1617,
      "amount": 36
    },
    {
      "id": 12508,
      "amount": 2
    },
    {
      "id": 2651,
      "amount": 2
    },
    {
      "id": 2550,
      "amount": 5
    },
    {
      "id": 2641,
      "amount": 5
    },
    {
      "id": 10384,
      "amount": 4
    },
    {
      "id": 13130,
      "amount": 1
    },
    {
      "id": 373,
      "amount": 50
    },
    {
      "id": 7946,
      "amount": 521
    },
    {
      "id": 361,
      "amount": 50
    },
    {
      "id": 2363,
      "amount": 3
    },
    {
      "id": 12195,
      "amount": 1
    },
    {
      "id": 4755,
      "amount": 1
    },
    {
      "id": 1113,
      "amount": 5
    },
    {
      "id": 371,
      "amount": 540
    },
    {
      "id": 2661,
      "amount": 2
    },
    {
      "id": 7158,
      "amount": 1
    },
    {
      "id": 209,
      "amount": 18
    },
    {
      "id": 1093,
      "amount": 4
    },
    {
      "id": 12490,
      "amount": 2
    },
    {
      "id": 2643,
      "amount": 4
    },
    {
      "id": 13113,
      "amount": 1
    },
    {
      "id": 12829,
      "amount": 1
    },
    {
      "id": 6527,
      "amount": 1
    },
    {
      "id": 4753,
      "amount": 1
    },
    {
      "id": 1275,
      "amount": 1
    },
    {
      "id": 2996,
      "amount": 5
    },
    {
      "id": 11849,
      "amount": 10
    },
    {
      "id": 6603,
      "amount": 1
    },
    {
      "id": 1333,
      "amount": 1
    },
    {
      "id": 1249,
      "amount": 1
    },
    {
      "id": 1373,
      "amount": 1
    },
    {
      "id": 892,
      "amount": 134
    },
    {
      "id": 2655,
      "amount": 1
    },
    {
      "id": 11260,
      "amount": 25
    },
    {
      "id": 1438,
      "amount": 1
    },
    {
      "id": 2355,
      "amount": 1
    },
    {
      "id": 10010,
      "amount": 1
    },
    {
      "id": 1454,
      "amount": 1
    },
    {
      "id": 3749,
      "amount": 2
    },
    {
      "id": 861,
      "amount": 1
    },
    {
      "id": 811,
      "amount": 56
    },
    {
      "id": 9706,
      "amount": 452
    },
    {
      "id": 12496,
      "amount": 1
    },
    {
      "id": 1215,
      "amount": 1
    },
    {
      "id": 229,
      "amount": 3
    },
    {
      "id": 2456,
      "amount": 2
    },
    {
      "id": 10828,
      "amount": 1
    },
    {
      "id": 4587,
      "amount": 1
    },
    {
      "id": 2653,
      "amount": 1
    },
    {
      "id": 4585,
      "amount": 1
    },
    {
      "id": 12763,
      "amount": 1
    },
    {
      "id": 12203,
      "amount": 1
    },
    {
      "id": 173,
      "amount": 3
    },
    {
      "id": 1540,
      "amount": 1
    },
    {
      "id": 2458,
      "amount": 1
    },
    {
      "id": 559,
      "amount": 30
    },
    {
      "id": 564,
      "amount": 56
    },
    {
      "id": 5514,
      "amount": 1
    },
    {
      "id": 13385,
      "amount": 1
    },
    {
      "id": 39,
      "amount": 225
    },
    {
      "id": 314,
      "amount": 26562
    },
    {
      "id": 882,
      "amount": 135
    },
    {
      "id": 2677,
      "amount": 1
    },
    {
      "id": 40,
      "amount": 855
    },
    {
      "id": 2347,
      "amount": 1
    },
    {
      "id": 1607,
      "amount": 22
    },
    {
      "id": 1603,
      "amount": 23
    },
    {
      "id": 1605,
      "amount": 412
    },
    {
      "id": 3755,
      "amount": 2
    },
    {
      "id": 1381,
      "amount": 1
    },
    {
      "id": 11118,
      "amount": 1
    },
    {
      "id": 7398,
      "amount": 1
    },
    {
      "id": 1621,
      "amount": 11375
    },
    {
      "id": 20140,
      "amount": 1
    },
    {
      "id": 5555,
      "amount": 2
    },
    {
      "id": 5556,
      "amount": 3
    },
    {
      "id": 5557,
      "amount": 3
    },
    {
      "id": 5553,
      "amount": 1
    },
    {
      "id": 5554,
      "amount": 1
    },
    {
      "id": 5510,
      "amount": 1
    },
    {
      "id": 5512,
      "amount": 1
    },
    {
      "id": 5509,
      "amount": 1
    },
    {
      "id": 4107,
      "amount": 1
    },
    {
      "id": 7399,
      "amount": 1
    },
    {
      "id": 64,
      "amount": 22
    },
    {
      "id": 12789,
      "amount": 1
    },
    {
      "id": 995,
      "amount": 12574064
    },
    {
      "id": 62,
      "amount": 12
    },
    {
      "id": 9338,
      "amount": 440
    },
    {
      "id": 9142,
      "amount": 60
    },
    {
      "id": 9190,
      "amount": 4
    },
    {
      "id": 590,
      "amount": 1
    },
    {
      "id": 946,
      "amount": 1
    },
    {
      "id": 2722,
      "amount": 1
    },
    {
      "id": 1755,
      "amount": 1
    },
    {
      "id": 13137,
      "amount": 1
    },
    {
      "id": 13121,
      "amount": 1
    },
    {
      "id": 13104,
      "amount": 1
    },
    {
      "id": 13117,
      "amount": 2
    },
    {
      "id": 13112,
      "amount": 1
    },
    {
      "id": 11136,
      "amount": 1
    },
    {
      "id": 13125,
      "amount": 1
    },
    {
      "id": 13108,
      "amount": 1
    },
    {
      "id": 1515,
      "amount": 45
    },
    {
      "id": 7944,
      "amount": 346
    },
    {
      "id": 13320,
      "amount": 1
    },
    {
      "id": 13133,
      "amount": 1
    },
    {
      "id": 377,
      "amount": 400
    },
    {
      "id": 383,
      "amount": 3837
    },
    {
      "id": 359,
      "amount": 100
    },
    {
      "id": 4747,
      "amount": 1
    },
    {
      "id": 4745,
      "amount": 2
    },
    {
      "id": 12610,
      "amount": 1
    },
    {
      "id": 1623,
      "amount": 4
    },
    {
      "id": 20161,
      "amount": 1
    },
    {
      "id": 13105,
      "amount": 1
    },
    {
      "id": 12608,
      "amount": 1
    },
    {
      "id": 10444,
      "amount": 2
    },
    {
      "id": 2665,
      "amount": 1
    },
    {
      "id": 12510,
      "amount": 1
    },
    {
      "id": 10376,
      "amount": 1
    },
    {
      "id": 20128,
      "amount": 1
    },
    {
      "id": 1434,
      "amount": 1
    },
    {
      "id": 12193,
      "amount": 1
    },
    {
      "id": 4751,
      "amount": 1
    },
    {
      "id": 20134,
      "amount": 1
    },
    {
      "id": 12056,
      "amount": 1
    },
    {
      "id": 1359,
      "amount": 1
    },
    {
      "id": 12757,
      "amount": 1
    },
    {
      "id": 10374,
      "amount": 1
    },
    {
      "id": 10499,
      "amount": 1
    },
    {
      "id": 1725,
      "amount": 1
    },
    {
      "id": 868,
      "amount": 410
    },
    {
      "id": 10386,
      "amount": 1
    },
    {
      "id": 3842,
      "amount": 1
    },
    {
      "id": 10368,
      "amount": 1
    },
    {
      "id": 3105,
      "amount": 1
    },
    {
      "id": 303,
      "amount": 1
    },
    {
      "id": 272,
      "amount": 1
    },
    {
      "id": 311,
      "amount": 1
    },
    null,
    null,
    null,
    null,
    null,
    null,
    null,
    null,
    null,
    null,
    null,
    null,
    null,
    null,
    null,
    null,
    null,
    null,
    null,
    null,
    null,
    null,
    null,
    null,
    null,
    null,
    null,
    null,
    null,
    null,
    null,
    null,
    null,
    null,
    null,
    null,
    null,
    null,
    null,
    null,
    null,
    null,
    null,
    null,
    null,
    null,
    null,
    null,
    null,
    null,
    null,
    null,
    null,
    null,
    null,
    null,
    null,
    null,
    null,
    null,
    null,
    null,
    null,
    null,
    null,
    null,
    null,
    null,
    null,
    null,
    null,
    null,
    null,
    null,
    null,
    null,
    null,
    null,
    null,
    null,
    null,
    null,
    null,
    null,
    null,
    null,
    null,
    null,
    null,
    null,
    null,
    null,
    null,
    null,
    null,
    null,
    null,
    null,
    null,
    null,
    null,
    null,
    null,
    null,
    null,
    null,
    null,
    null,
    null,
    null,
    null,
    null,
    null,
    null,
    null,
    null,
    null,
    null,
    null,
    null,
    null,
    null
  ],
  "tabAmounts": [
    228,
    0,
    0,
    0,
    0,
    0,
    0,
    0,
    0,
    0
  ],
  "inventory": [
    {
      "id": 995,
      "amount": 92500
    },
    {
      "id": 301,
      "amount": 1
    },
    {
      "id": 11940,
      "amount": 493
    },
    {
      "id": 11934,
      "amount": 1
    },
    {
      "id": 11934,
      "amount": 1
    },
    {
      "id": 11934,
      "amount": 1
    },
    {
      "id": 11934,
      "amount": 1
    },
    {
      "id": 11934,
      "amount": 1
    },
    {
      "id": 11934,
      "amount": 1
    },
    {
      "id": 11934,
      "amount": 1
    },
    null,
    null,
    null,
    null,
    null,
    null,
    null,
    null,
    null,
    null,
    null,
    null,
    null,
    null,
    null,
    null,
    null,
    null
  ],
  "equipment": [
    null,
    null,
    null,
    null,
    null,
    null,
    null,
    null,
    null,
    null,
    {
      "id": 13129,
      "amount": 1
    },
    null,
    null,
    null
  ],
  "shopItems": [
    null,
    null,
    null,
    null,
    null,
    null,
    null,
    null,
    null,
    null,
    null,
    null,
    null,
    null,
    null,
    null,
    null,
    null,
    null,
    null,
    null,
    null,
    null,
    null,
    null,
    null,
    null,
    null,
    null,
    null,
    null,
    null,
    null,
    null,
    null,
    null
  ],
  "shopPrices": [
    0,
    0,
    0,
    0,
    0,
    0,
    0,
    0,
    0,
    0,
    0,
    0,
    0,
    0,
    0,
    0,
    0,
    0,
    0,
    0,
    0,
    0,
    0,
    0,
    0,
    0,
    0,
    0,
    0,
    0,
    0,
    0,
    0,
    0,
    0,
    0
  ],
  "pouches": [
    0,
    0,
    0,
    0
  ]
}