{
  "bank": [
    {
      "id": 385,
      "amount": 81
    },
    {
      "id": 2436,
      "amount": 10
    },
    {
      "id": 2440,
      "amount": 3
    },
    {
      "id": 2442,
      "amount": 10
    },
    {
      "id": 2444,
      "amount": 105
    },
    {
      "id": 3040,
      "amount": 10
    },
    {
      "id": 6603,
      "amount": 1
    },
    {
      "id": 1556,
      "amount": 1
    },
    {
      "id": 554,
      "amount": 250
    },
    {
      "id": 555,
      "amount": 250
    },
    {
      "id": 556,
      "amount": 367
    },
    {
      "id": 557,
      "amount": 250
    },
    {
      "id": 558,
      "amount": 250
    },
    {
      "id": 563,
      "amount": 50
    },
    {
      "id": 561,
      "amount": 37
    },
    {
      "id": 562,
      "amount": 100
    },
    {
      "id": 10499,
      "amount": 2
    },
    {
      "id": 946,
      "amount": 2
    },
    {
      "id": 1349,
      "amount": 1
    },
    {
      "id": 590,
      "amount": 1
    },
    {
      "id": 1733,
      "amount": 2
    },
    {
      "id": 2347,
      "amount": 1
    },
    {
      "id": 1621,
      "amount": 103
    },
    {
      "id": 1623,
      "amount": 749
    },
    {
      "id": 1741,
      "amount": 159
    },
    {
      "id": 233,
      "amount": 2
    },
    {
      "id": 1734,
      "amount": 659
    },
    {
      "id": 314,
      "amount": 870
    },
    {
      "id": 2996,
      "amount": 75
    },
    {
      "id": 11849,
      "amount": 12
    },
    {
      "id": 383,
      "amount": 2374
    },
    {
      "id": 13320,
      "amount": 2
    },
    {
      "id": 436,
      "amount": 16
    },
    {
      "id": 1267,
      "amount": 1
    },
    {
      "id": 335,
      "amount": 96
    },
    {
      "id": 377,
      "amount": 310
    },
    {
      "id": 359,
      "amount": 369
    },
    {
      "id": 371,
      "amount": 473
    },
    {
      "id": 13108,
      "amount": 1
    },
    {
      "id": 303,
      "amount": 1
    },
    {
      "id": 379,
      "amount": 229
    },
    {
      "id": 373,
      "amount": 223
    },
    {
      "id": 7946,
      "amount": 1714
    },
    {
      "id": 11238,
      "amount": 45
    },
    {
      "id": 272,
      "amount": 4
    },
    {
      "id": 11240,
      "amount": 4
    },
    {
      "id": 10010,
      "amount": 1
    },
    {
      "id": 1079,
      "amount": 7
    },
    {
      "id": 1127,
      "amount": 3
    },
    {
      "id": 1201,
      "amount": 3
    },
    {
      "id": 1615,
      "amount": 1
    },
    {
      "id": 169,
      "amount": 2
    },
    {
      "id": 2890,
      "amount": 1
    },
    {
      "id": 3030,
      "amount": 4
    },
    {
      "id": 229,
      "amount": 25
    },
    {
      "id": 3028,
      "amount": 4
    },
    {
      "id": 1731,
      "amount": 1
    },
    {
      "id": 2801,
      "amount": 5
    },
    {
      "id": 2684,
      "amount": 8
    },
    {
      "id": 952,
      "amount": 2
    },
    {
      "id": 658,
      "amount": 1
    },
    {
      "id": 2635,
      "amount": 3
    },
    {
      "id": 3026,
      "amount": 7
    },
    {
      "id": 451,
      "amount": 26
    },
    {
      "id": 3477,
      "amount": 1
    },
    {
      "id": 211,
      "amount": 19
    },
    {
      "id": 4155,
      "amount": 2
    },
    {
      "id": 1061,
      "amount": 1
    },
    {
      "id": 1643,
      "amount": 1
    },
    {
      "id": 7944,
      "amount": 461
    },
    {
      "id": 2685,
      "amount": 6
    },
    {
      "id": 2678,
      "amount": 4
    },
    {
      "id": 2681,
      "amount": 7
    },
    {
      "id": 2683,
      "amount": 6
    },
    {
      "id": 2679,
      "amount": 5
    },
    {
      "id": 2682,
      "amount": 7
    },
    {
      "id": 2677,
      "amount": 3
    },
    {
      "id": 2680,
      "amount": 3
    },
    {
      "id": 2805,
      "amount": 4
    },
    {
      "id": 389,
      "amount": 150
    },
    {
      "id": 12522,
      "amount": 1
    },
    {
      "id": 12520,
      "amount": 1
    },
    {
      "id": 868,
      "amount": 485
    },
    {
      "id": 1458,
      "amount": 1
    },
    {
      "id": 1426,
      "amount": 1
    },
    {
      "id": 10284,
      "amount": 1
    },
    {
      "id": 1163,
      "amount": 5
    },
    {
      "id": 2661,
      "amount": 4
    },
    {
      "id": 1099,
      "amount": 4
    },
    {
      "id": 3479,
      "amount": 2
    },
    {
      "id": 7384,
      "amount": 1
    },
    {
      "id": 2503,
      "amount": 5
    },
    {
      "id": 10292,
      "amount": 2
    },
    {
      "id": 7358,
      "amount": 1
    },
    {
      "id": 2491,
      "amount": 3
    },
    {
      "id": 2497,
      "amount": 4
    },
    {
      "id": 1199,
      "amount": 6
    },
    {
      "id": 559,
      "amount": 106
    },
    {
      "id": 1393,
      "amount": 5
    },
    {
      "id": 10294,
      "amount": 1
    },
    {
      "id": 2647,
      "amount": 3
    },
    {
      "id": 1185,
      "amount": 3
    },
    {
      "id": 10290,
      "amount": 2
    },
    {
      "id": 12199,
      "amount": 1
    },
    {
      "id": 1319,
      "amount": 4
    },
    {
      "id": 7338,
      "amount": 1
    },
    {
      "id": 7352,
      "amount": 1
    },
    {
      "id": 1147,
      "amount": 1
    },
    {
      "id": 1091,
      "amount": 3
    },
    {
      "id": 12257,
      "amount": 1
    },
    {
      "id": 1135,
      "amount": 5
    },
    {
      "id": 12339,
      "amount": 1
    },
    {
      "id": 1303,
      "amount": 1
    },
    {
      "id": 1448,
      "amount": 2
    },
    {
      "id": 3476,
      "amount": 1
    },
    {
      "id": 1073,
      "amount": 1
    },
    {
      "id": 1195,
      "amount": 1
    },
    {
      "id": 7346,
      "amount": 2
    },
    {
      "id": 1301,
      "amount": 3
    },
    {
      "id": 7360,
      "amount": 1
    },
    {
      "id": 2667,
      "amount": 1
    },
    {
      "id": 1317,
      "amount": 2
    },
    {
      "id": 2629,
      "amount": 1
    },
    {
      "id": 10416,
      "amount": 1
    },
    {
      "id": 859,
      "amount": 1
    },
    {
      "id": 2617,
      "amount": 1
    },
    {
      "id": 2669,
      "amount": 2
    },
    {
      "id": 1359,
      "amount": 2
    },
    {
      "id": 3480,
      "amount": 1
    },
    {
      "id": 2643,
      "amount": 3
    },
    {
      "id": 12301,
      "amount": 1
    },
    {
      "id": 7336,
      "amount": 2
    },
    {
      "id": 10312,
      "amount": 1
    },
    {
      "id": 1151,
      "amount": 2
    },
    {
      "id": 10288,
      "amount": 5
    },
    {
      "id": 1432,
      "amount": 2
    },
    {
      "id": 1213,
      "amount": 2
    },
    {
      "id": 12526,
      "amount": 2
    },
    {
      "id": 7370,
      "amount": 2
    },
    {
      "id": 1373,
      "amount": 1
    },
    {
      "id": 1289,
      "amount": 4
    },
    {
      "id": 12532,
      "amount": 1
    },
    {
      "id": 3485,
      "amount": 1
    },
    {
      "id": 1271,
      "amount": 4
    },
    {
      "id": 3832,
      "amount": 1
    },
    {
      "id": 1430,
      "amount": 3
    },
    {
      "id": 1287,
      "amount": 4
    },
    {
      "id": 1183,
      "amount": 1
    },
    {
      "id": 1161,
      "amount": 1
    },
    {
      "id": 10306,
      "amount": 1
    },
    {
      "id": 1371,
      "amount": 1
    },
    {
      "id": 8780,
      "amount": 3
    },
    {
      "id": 7372,
      "amount": 1
    },
    {
      "id": 12313,
      "amount": 1
    },
    {
      "id": 1125,
      "amount": 1
    },
    {
      "id": 3833,
      "amount": 1
    },
    {
      "id": 1211,
      "amount": 3
    },
    {
      "id": 7340,
      "amount": 1
    },
    {
      "id": 10454,
      "amount": 2
    },
    {
      "id": 7334,
      "amount": 1
    },
    {
      "id": 1456,
      "amount": 1
    },
    {
      "id": 1111,
      "amount": 1
    },
    {
      "id": 4823,
      "amount": 20
    },
    {
      "id": 10398,
      "amount": 1
    },
    {
      "id": 12303,
      "amount": 1
    },
    {
      "id": 12319,
      "amount": 1
    },
    {
      "id": 1331,
      "amount": 3
    },
    {
      "id": 1217,
      "amount": 1
    },
    {
      "id": 2601,
      "amount": 1
    },
    {
      "id": 857,
      "amount": 1
    },
    {
      "id": 20249,
      "amount": 1
    },
    {
      "id": 7344,
      "amount": 1
    },
    {
      "id": 1345,
      "amount": 1
    },
    {
      "id": 9183,
      "amount": 1
    },
    {
      "id": 3837,
      "amount": 1
    },
    {
      "id": 10456,
      "amount": 1
    },
    {
      "id": 7386,
      "amount": 1
    },
    {
      "id": 10466,
      "amount": 1
    },
    {
      "id": 3474,
      "amount": 1
    },
    {
      "id": 1440,
      "amount": 1
    },
    {
      "id": 10298,
      "amount": 2
    },
    {
      "id": 10400,
      "amount": 1
    },
    {
      "id": 1269,
      "amount": 1
    },
    {
      "id": 1077,
      "amount": 1
    },
    {
      "id": 12279,
      "amount": 1
    },
    {
      "id": 10296,
      "amount": 1
    },
    {
      "id": 1145,
      "amount": 1
    },
    {
      "id": 10428,
      "amount": 1
    },
    {
      "id": 12341,
      "amount": 1
    },
    {
      "id": 12315,
      "amount": 1
    },
    {
      "id": 4012,
      "amount": 2
    },
    {
      "id": 2645,
      "amount": 3
    },
    {
      "id": 20140,
      "amount": 2
    },
    {
      "id": 209,
      "amount": 14
    },
    {
      "id": 1619,
      "amount": 126
    },
    {
      "id": 1025,
      "amount": 3
    },
    {
      "id": 4740,
      "amount": 409
    },
    {
      "id": 2651,
      "amount": 3
    },
    {
      "id": 1113,
      "amount": 2
    },
    {
      "id": 1093,
      "amount": 1
    },
    {
      "id": 4103,
      "amount": 1
    },
    {
      "id": 12269,
      "amount": 1
    },
    {
      "id": 12516,
      "amount": 1
    },
    {
      "id": 1523,
      "amount": 1
    },
    {
      "id": 20663,
      "amount": 2
    },
    {
      "id": 12275,
      "amount": 1
    },
    {
      "id": 1521,
      "amount": 48
    },
    {
      "id": 5073,
      "amount": 4
    },
    {
      "id": 5299,
      "amount": 20
    },
    {
      "id": 52,
      "amount": 1620
    },
    {
      "id": 56,
      "amount": 53
    },
    {
      "id": 19714,
      "amount": 4
    },
    {
      "id": 60,
      "amount": 51
    },
    {
      "id": 5075,
      "amount": 1
    },
    {
      "id": 1641,
      "amount": 1
    },
    {
      "id": 13129,
      "amount": 1
    },
    {
      "id": 19716,
      "amount": 3
    },
    {
      "id": 58,
      "amount": 161
    },
    {
      "id": 19712,
      "amount": 2
    },
    {
      "id": 64,
      "amount": 147
    },
    {
      "id": 5074,
      "amount": 1
    },
    {
      "id": 62,
      "amount": 296
    },
    {
      "id": 9448,
      "amount": 8
    },
    {
      "id": 2809,
      "amount": 1
    },
    {
      "id": 4179,
      "amount": 1
    },
    {
      "id": 5553,
      "amount": 1
    },
    {
      "id": 12608,
      "amount": 1
    },
    {
      "id": 5556,
      "amount": 1
    },
    {
      "id": 10940,
      "amount": 1
    },
    {
      "id": 5554,
      "amount": 1
    },
    {
      "id": 13259,
      "amount": 1
    },
    {
      "id": 1779,
      "amount": 1
    },
    {
      "id": 1743,
      "amount": 100
    },
    {
      "id": 1059,
      "amount": 18
    },
    {
      "id": 1167,
      "amount": 2
    },
    {
      "id": 1095,
      "amount": 1
    },
    {
      "id": 1607,
      "amount": 27
    },
    {
      "id": 1605,
      "amount": 81
    },
    {
      "id": 1603,
      "amount": 54
    },
    {
      "id": 311,
      "amount": 1
    },
    {
      "id": 438,
      "amount": 14
    },
    {
      "id": 440,
      "amount": 32
    },
    {
      "id": 453,
      "amount": 61
    },
    {
      "id": 444,
      "amount": 245
    },
    {
      "id": 10933,
      "amount": 1
    },
    {
      "id": 12016,
      "amount": 1
    },
    {
      "id": 12014,
      "amount": 1
    },
    {
      "id": 2665,
      "amount": 1
    },
    {
      "id": 13133,
      "amount": 1
    },
    {
      "id": 7374,
      "amount": 1
    },
    {
      "id": 4131,
      "amount": 4
    },
    {
      "id": 985,
      "amount": 13
    },
    {
      "id": 2723,
      "amount": 1
    },
    {
      "id": 4585,
      "amount": 2
    },
    {
      "id": 173,
      "amount": 3
    },
    {
      "id": 13117,
      "amount": 2
    },
    {
      "id": 817,
      "amount": 9
    },
    {
      "id": 12829,
      "amount": 1
    },
    {
      "id": 2366,
      "amount": 1
    },
    {
      "id": 1149,
      "amount": 2
    },
    {
      "id": 12359,
      "amount": 1
    },
    {
      "id": 12498,
      "amount": 2
    },
    {
      "id": 4675,
      "amount": 1
    },
    {
      "id": 10601,
      "amount": 1
    },
    {
      "id": 391,
      "amount": 589
    },
    {
      "id": 6685,
      "amount": 87
    },
    {
      "id": 3024,
      "amount": 82
    },
    {
      "id": 6691,
      "amount": 1
    },
    {
      "id": 171,
      "amount": 1
    },
    {
      "id": 159,
      "amount": 3
    },
    {
      "id": 147,
      "amount": 1
    },
    {
      "id": 6687,
      "amount": 1
    },
    {
      "id": 4722,
      "amount": 1
    },
    {
      "id": 10390,
      "amount": 1
    },
    {
      "id": 9185,
      "amount": 1
    },
    {
      "id": 11118,
      "amount": 1
    },
    {
      "id": 1540,
      "amount": 1
    },
    {
      "id": 10372,
      "amount": 1
    },
    {
      "id": 13307,
      "amount": 37838
    },
    {
      "id": 3483,
      "amount": 1
    },
    {
      "id": 6328,
      "amount": 1
    },
    {
      "id": 8844,
      "amount": 2
    },
    {
      "id": 3488,
      "amount": 1
    },
    {
      "id": 5280,
      "amount": 1
    },
    {
      "id": 5295,
      "amount": 11
    },
    {
      "id": 2653,
      "amount": 1
    },
    {
      "id": 227,
      "amount": 175
    },
    {
      "id": 1526,
      "amount": 1
    },
    {
      "id": 235,
      "amount": 22
    },
    {
      "id": 1942,
      "amount": 13
    },
    {
      "id": 1965,
      "amount": 45
    },
    {
      "id": 5324,
      "amount": 11
    },
    {
      "id": 5323,
      "amount": 15
    },
    {
      "id": 5321,
      "amount": 20
    },
    {
      "id": 6036,
      "amount": 5
    },
    {
      "id": 6055,
      "amount": 2
    },
    {
      "id": 249,
      "amount": 21
    },
    {
      "id": 121,
      "amount": 3
    },
    {
      "id": 251,
      "amount": 37
    },
    {
      "id": 5291,
      "amount": 18
    },
    {
      "id": 223,
      "amount": 20
    },
    {
      "id": 1975,
      "amount": 14
    },
    {
      "id": 5292,
      "amount": 12
    },
    {
      "id": 5297,
      "amount": 10
    },
    {
      "id": 5296,
      "amount": 10
    },
    {
      "id": 5298,
      "amount": 10
    },
    {
      "id": 253,
      "amount": 28
    },
    {
      "id": 255,
      "amount": 37
    },
    {
      "id": 115,
      "amount": 22
    },
    {
      "id": 5293,
      "amount": 15
    },
    {
      "id": 5325,
      "amount": 1
    },
    {
      "id": 5341,
      "amount": 1
    },
    {
      "id": 5331,
      "amount": 1
    },
    {
      "id": 5343,
      "amount": 1
    },
    {
      "id": 5294,
      "amount": 17
    },
    {
      "id": 7956,
      "amount": 3
    },
    {
      "id": 13648,
      "amount": 1
    },
    {
      "id": 13650,
      "amount": 1
    },
    {
      "id": 1755,
      "amount": 1
    },
    {
      "id": 995,
      "amount": 8584987
    },
    {
      "id": 11136,
      "amount": 1
    },
    {
      "id": 13137,
      "amount": 1
    },
    {
      "id": 1275,
      "amount": 1
    },
    {
      "id": 161,
      "amount": 1
    },
    {
      "id": 10977,
      "amount": 2
    },
    {
      "id": 145,
      "amount": 2
    },
    {
      "id": 8845,
      "amount": 2
    },
    {
      "id": 8846,
      "amount": 2
    },
    {
      "id": 157,
      "amount": 1
    },
    {
      "id": 442,
      "amount": 200
    },
    {
      "id": 9706,
      "amount": 499
    },
    {
      "id": 323,
      "amount": 2
    },
    {
      "id": 2649,
      "amount": 1
    },
    {
      "id": 2639,
      "amount": 1
    },
    {
      "id": 8848,
      "amount": 2
    },
    {
      "id": 8847,
      "amount": 2
    },
    {
      "id": 8850,
      "amount": 1
    },
    {
      "id": 8849,
      "amount": 1
    },
    {
      "id": 10976,
      "amount": 1
    },
    {
      "id": 1215,
      "amount": 1
    },
    {
      "id": 8851,
      "amount": 180
    },
    {
      "id": 987,
      "amount": 2
    },
    {
      "id": 6528,
      "amount": 1
    },
    {
      "id": 2641,
      "amount": 1
    },
    {
      "id": 20166,
      "amount": 1
    },
    {
      "id": 4753,
      "amount": 1
    },
    {
      "id": 2550,
      "amount": 1
    },
    null,
    null,
    null
  ],
  "tabAmounts": [
    347,
    0,
    0,
    0,
    0,
    0,
    0,
    0,
    0,
    0
  ],
  "inventory": [
    null,
    null,
    null,
    null,
    null,
    null,
    null,
    null,
    null,
    null,
    null,
    null,
    null,
    null,
    null,
    null,
    null,
    null,
    null,
    null,
    null,
    null,
    null,
    null,
    null,
    null,
    null,
    null
  ],
  "equipment": [
    {
      "id": 10828,
      "amount": 1
    },
    {
      "id": 13121,
      "amount": 1
    },
    {
      "id": 1704,
      "amount": 1
    },
    {
      "id": 4587,
      "amount": 1
    },
    {
      "id": 13104,
      "amount": 1
    },
    {
      "id": 12954,
      "amount": 1
    },
    null,
    {
      "id": 13112,
      "amount": 1
    },
    null,
    {
      "id": 7462,
      "amount": 1
    },
    {
      "id": 11840,
      "amount": 1
    },
    null,
    {
      "id": 13125,
      "amount": 1
    },
    {
      "id": 9244,
      "amount": 715
    }
  ],
  "shopItems": [
    null,
    null,
    null,
    null,
    null,
    null,
    null,
    null,
    null,
    null,
    null,
    null,
    null,
    null,
    null,
    null,
    null,
    null,
    null,
    null,
    null,
    null,
    null,
    null,
    null,
    null,
    null,
    null,
    null,
    null,
    null,
    null,
    null,
    null,
    null,
    null
  ],
  "shopPrices": [
    0,
    0,
    0,
    0,
    0,
    0,
    0,
    0,
    0,
    0,
    0,
    0,
    0,
    0,
    0,
    0,
    0,
    0,
    0,
    0,
    0,
    0,
    0,
    0,
    0,
    0,
    0,
    0,
    0,
    0,
    0,
    0,
    0,
    0,
    0,
    0
  ],
  "pouches": [
    0,
    0,
    0,
    0
  ]
}