{
  "bank": [
    {
      "id": 9705,
      "amount": 1
    },
    {
      "id": 9706,
      "amount": 500
    },
    {
      "id": 13125,
      "amount": 1
    },
    {
      "id": 13112,
      "amount": 1
    },
    {
      "id": 13137,
      "amount": 1
    },
    {
      "id": 13104,
      "amount": 1
    },
    {
      "id": 13117,
      "amount": 1
    },
    {
      "id": 12610,
      "amount": 1
    },
    {
      "id": 199,
      "amount": 61
    },
    {
      "id": 2649,
      "amount": 2
    },
    {
      "id": 311,
      "amount": 1
    },
    {
      "id": 201,
      "amount": 25
    },
    {
      "id": 203,
      "amount": 25
    },
    {
      "id": 205,
      "amount": 65
    },
    {
      "id": 207,
      "amount": 10
    },
    {
      "id": 209,
      "amount": 25
    },
    {
      "id": 219,
      "amount": 10
    },
    {
      "id": 217,
      "amount": 32
    },
    {
      "id": 215,
      "amount": 10
    },
    {
      "id": 213,
      "amount": 10
    },
    {
      "id": 211,
      "amount": 20
    },
    {
      "id": 2645,
      "amount": 2
    },
    {
      "id": 4587,
      "amount": 1
    },
    {
      "id": 1215,
      "amount": 1
    },
    {
      "id": 1333,
      "amount": 1
    },
    {
      "id": 303,
      "amount": 1
    },
    {
      "id": 309,
      "amount": 1
    },
    {
      "id": 314,
      "amount": 399
    },
    {
      "id": 377,
      "amount": 198
    },
    {
      "id": 301,
      "amount": 2
    },
    {
      "id": 315,
      "amount": 26
    },
    {
      "id": 333,
      "amount": 58
    },
    {
      "id": 329,
      "amount": 43
    },
    {
      "id": 361,
      "amount": 15
    },
    {
      "id": 379,
      "amount": 411
    },
    {
      "id": 373,
      "amount": 99
    },
    {
      "id": 2643,
      "amount": 3
    },
    {
      "id": 20166,
      "amount": 4
    },
    {
      "id": 4012,
      "amount": 2
    },
    {
      "id": 2639,
      "amount": 3
    },
    {
      "id": 1558,
      "amount": 1
    },
    {
      "id": 2641,
      "amount": 1
    },
    {
      "id": 2635,
      "amount": 1
    },
    {
      "id": 1025,
      "amount": 4
    },
    {
      "id": 13320,
      "amount": 1
    },
    {
      "id": 863,
      "amount": 488
    },
    {
      "id": 6603,
      "amount": 1
    },
    {
      "id": 558,
      "amount": 250
    },
    {
      "id": 562,
      "amount": 311
    },
    {
      "id": 12608,
      "amount": 1
    },
    {
      "id": 10444,
      "amount": 1
    },
    {
      "id": 1303,
      "amount": 1
    },
    {
      "id": 1359,
      "amount": 1
    },
    {
      "id": 1287,
      "amount": 1
    },
    {
      "id": 1199,
      "amount": 1
    },
    {
      "id": 10294,
      "amount": 1
    },
    {
      "id": 7360,
      "amount": 2
    },
    {
      "id": 10290,
      "amount": 1
    },
    {
      "id": 7321,
      "amount": 1
    },
    {
      "id": 1643,
      "amount": 1
    },
    {
      "id": 1289,
      "amount": 1
    },
    {
      "id": 7348,
      "amount": 1
    },
    {
      "id": 12261,
      "amount": 1
    },
    {
      "id": 3833,
      "amount": 1
    },
    {
      "id": 952,
      "amount": 1
    },
    {
      "id": 10298,
      "amount": 1
    },
    {
      "id": 7340,
      "amount": 1
    },
    {
      "id": 13118,
      "amount": 1
    },
    {
      "id": 371,
      "amount": 8
    },
    {
      "id": 2809,
      "amount": 1
    },
    {
      "id": 2801,
      "amount": 3
    },
    {
      "id": 2803,
      "amount": 2
    },
    {
      "id": 2679,
      "amount": 1
    },
    {
      "id": 2677,
      "amount": 3
    },
    {
      "id": 2682,
      "amount": 1
    },
    {
      "id": 2685,
      "amount": 2
    },
    {
      "id": 2681,
      "amount": 1
    },
    {
      "id": 2683,
      "amount": 1
    },
    {
      "id": 2678,
      "amount": 1
    },
    {
      "id": 2680,
      "amount": 3
    },
    {
      "id": 13113,
      "amount": 2
    },
    {
      "id": 13307,
      "amount": 10000
    },
    {
      "id": 45,
      "amount": 3600
    },
    {
      "id": 9187,
      "amount": 1332
    },
    {
      "id": 9189,
      "amount": 1968
    },
    {
      "id": 9190,
      "amount": 876
    },
    {
      "id": 62,
      "amount": 10
    },
    {
      "id": 946,
      "amount": 1
    },
    {
      "id": 9191,
      "amount": 4
    },
    {
      "id": 1755,
      "amount": 1
    },
    {
      "id": 556,
      "amount": 1216
    },
    {
      "id": 1349,
      "amount": 1
    },
    {
      "id": 560,
      "amount": 500
    },
    {
      "id": 7936,
      "amount": 2177
    },
    {
      "id": 1438,
      "amount": 1
    },
    {
      "id": 1454,
      "amount": 1
    },
    {
      "id": 1387,
      "amount": 1
    },
    {
      "id": 3842,
      "amount": 1
    },
    {
      "id": 1641,
      "amount": 1
    },
    {
      "id": 10450,
      "amount": 1
    },
    {
      "id": 11936,
      "amount": 481
    },
    {
      "id": 11934,
      "amount": 1361
    },
    {
      "id": 11940,
      "amount": 1448
    },
    {
      "id": 995,
      "amount": 3188500
    },
    null,
    null,
    null,
    null,
    null,
    null,
    null,
    null,
    null,
    null,
    null,
    null,
    null,
    null,
    null,
    null,
    null,
    null,
    null,
    null,
    null,
    null,
    null,
    null,
    null,
    null,
    null,
    null,
    null,
    null,
    null,
    null,
    null,
    null,
    null,
    null,
    null,
    null,
    null,
    null,
    null,
    null,
    null,
    null,
    null,
    null,
    null,
    null,
    null,
    null,
    null,
    null,
    null,
    null,
    null,
    null,
    null,
    null,
    null,
    null,
    null,
    null,
    null,
    null,
    null,
    null,
    null,
    null,
    null,
    null,
    null,
    null,
    null,
    null,
    null,
    null,
    null,
    null,
    null,
    null,
    null,
    null,
    null,
    null,
    null,
    null,
    null,
    null,
    null,
    null,
    null,
    null,
    null,
    null,
    null,
    null,
    null,
    null,
    null,
    null,
    null,
    null,
    null,
    null,
    null,
    null,
    null,
    null,
    null,
    null,
    null,
    null,
    null,
    null,
    null,
    null,
    null,
    null,
    null,
    null,
    null,
    null,
    null,
    null,
    null,
    null,
    null,
    null,
    null,
    null,
    null,
    null,
    null,
    null,
    null,
    null,
    null,
    null,
    null,
    null,
    null,
    null,
    null,
    null,
    null,
    null,
    null,
    null,
    null,
    null,
    null,
    null,
    null,
    null,
    null,
    null,
    null,
    null,
    null,
    null,
    null,
    null,
    null,
    null,
    null,
    null,
    null,
    null,
    null,
    null,
    null,
    null,
    null,
    null,
    null,
    null,
    null,
    null,
    null,
    null,
    null,
    null,
    null,
    null,
    null,
    null,
    null,
    null,
    null,
    null,
    null,
    null,
    null,
    null,
    null,
    null,
    null,
    null,
    null,
    null,
    null,
    null,
    null,
    null,
    null,
    null,
    null,
    null,
    null,
    null,
    null,
    null,
    null,
    null,
    null,
    null,
    null,
    null,
    null,
    null,
    null,
    null,
    null,
    null,
    null,
    null,
    null,
    null,
    null,
    null,
    null,
    null,
    null,
    null,
    null,
    null,
    null,
    null,
    null,
    null,
    null,
    null,
    null,
    null,
    null,
    null
  ],
  "tabAmounts": [
    104,
    0,
    0,
    0,
    0,
    0,
    0,
    0,
    0,
    0
  ],
  "inventory": [
    {
      "id": 11936,
      "amount": 1
    },
    {
      "id": 11936,
      "amount": 1
    },
    {
      "id": 11936,
      "amount": 1
    },
    {
      "id": 11936,
      "amount": 1
    },
    {
      "id": 11936,
      "amount": 1
    },
    {
      "id": 11936,
      "amount": 1
    },
    {
      "id": 11936,
      "amount": 1
    },
    {
      "id": 11936,
      "amount": 1
    },
    {
      "id": 11936,
      "amount": 1
    },
    {
      "id": 11936,
      "amount": 1
    },
    {
      "id": 11936,
      "amount": 1
    },
    {
      "id": 11936,
      "amount": 1
    },
    {
      "id": 11936,
      "amount": 1
    },
    {
      "id": 11936,
      "amount": 1
    },
    {
      "id": 11936,
      "amount": 1
    },
    {
      "id": 11936,
      "amount": 1
    },
    {
      "id": 11936,
      "amount": 1
    },
    {
      "id": 11936,
      "amount": 1
    },
    {
      "id": 11936,
      "amount": 1
    },
    {
      "id": 11936,
      "amount": 1
    },
    {
      "id": 11936,
      "amount": 1
    },
    {
      "id": 11936,
      "amount": 1
    },
    {
      "id": 11936,
      "amount": 1
    },
    {
      "id": 11936,
      "amount": 1
    },
    {
      "id": 11936,
      "amount": 1
    },
    {
      "id": 11936,
      "amount": 1
    },
    {
      "id": 11936,
      "amount": 1
    },
    {
      "id": 11936,
      "amount": 1
    }
  ],
  "equipment": [
    {
      "id": 12524,
      "amount": 1
    },
    {
      "id": 10498,
      "amount": 1
    },
    {
      "id": 1731,
      "amount": 1
    },
    {
      "id": 861,
      "amount": 1
    },
    null,
    null,
    null,
    {
      "id": 7368,
      "amount": 1
    },
    null,
    null,
    {
      "id": 3105,
      "amount": 1
    },
    null,
    null,
    {
      "id": 892,
      "amount": 473
    }
  ],
  "lootingBag": [],
  "shopItems": [
    null,
    null,
    null,
    null,
    null,
    null,
    null,
    null,
    null,
    null,
    null,
    null,
    null,
    null,
    null,
    null,
    null,
    null,
    null,
    null,
    null,
    null,
    null,
    null,
    null,
    null,
    null,
    null,
    null,
    null,
    null,
    null,
    null,
    null,
    null,
    null
  ],
  "shopPrices": [
    0,
    0,
    0,
    0,
    0,
    0,
    0,
    0,
    0,
    0,
    0,
    0,
    0,
    0,
    0,
    0,
    0,
    0,
    0,
    0,
    0,
    0,
    0,
    0,
    0,
    0,
    0,
    0,
    0,
    0,
    0,
    0,
    0,
    0,
    0,
    0
  ],
  "pouches": [
    0,
    0,
    0,
    0
  ]
}