{
  "bank": [
    {
      "id": 995,
      "amount": 813628
    },
    {
      "id": 13307,
      "amount": 2793
    },
    {
      "id": 2436,
      "amount": 10
    },
    {
      "id": 2440,
      "amount": 10
    },
    {
      "id": 2442,
      "amount": 10
    },
    {
      "id": 3040,
      "amount": 10
    },
    {
      "id": 3024,
      "amount": 10
    },
    {
      "id": 11936,
      "amount": 200
    },
    {
      "id": 373,
      "amount": 150
    },
    {
      "id": 379,
      "amount": 179
    },
    {
      "id": 2434,
      "amount": 319
    },
    {
      "id": 169,
      "amount": 14
    },
    {
      "id": 556,
      "amount": 250
    },
    {
      "id": 557,
      "amount": 250
    },
    {
      "id": 558,
      "amount": 250
    },
    {
      "id": 563,
      "amount": 50
    },
    {
      "id": 561,
      "amount": 30
    },
    {
      "id": 385,
      "amount": 4
    },
    {
      "id": 391,
      "amount": 25
    },
    {
      "id": 9185,
      "amount": 3
    },
    {
      "id": 1275,
      "amount": 2
    },
    {
      "id": 2347,
      "amount": 2
    },
    {
      "id": 1349,
      "amount": 1
    },
    {
      "id": 1357,
      "amount": 2
    },
    {
      "id": 1755,
      "amount": 2
    },
    {
      "id": 9706,
      "amount": 500
    },
    {
      "id": 13125,
      "amount": 1
    },
    {
      "id": 13104,
      "amount": 1
    },
    {
      "id": 13137,
      "amount": 1
    },
    {
      "id": 13117,
      "amount": 1
    },
    {
      "id": 13112,
      "amount": 1
    },
    {
      "id": 11136,
      "amount": 1
    },
    {
      "id": 13133,
      "amount": 1
    },
    {
      "id": 13108,
      "amount": 1
    },
    {
      "id": 1617,
      "amount": 10
    },
    {
      "id": 7936,
      "amount": 1838
    },
    {
      "id": 171,
      "amount": 5
    },
    {
      "id": 554,
      "amount": 250
    },
    {
      "id": 2635,
      "amount": 2
    },
    {
      "id": 1025,
      "amount": 1
    },
    {
      "id": 1621,
      "amount": 25
    },
    {
      "id": 2497,
      "amount": 1
    },
    {
      "id": 9705,
      "amount": 1
    },
    {
      "id": 2363,
      "amount": 1
    },
    {
      "id": 6603,
      "amount": 1
    },
    {
      "id": 952,
      "amount": 2
    },
    {
      "id": 1540,
      "amount": 2
    },
    {
      "id": 590,
      "amount": 2
    },
    {
      "id": 954,
      "amount": 4
    },
    {
      "id": 946,
      "amount": 1
    },
    {
      "id": 141,
      "amount": 4
    },
    {
      "id": 1249,
      "amount": 2
    },
    {
      "id": 1333,
      "amount": 1
    },
    {
      "id": 1556,
      "amount": 1
    },
    {
      "id": 1205,
      "amount": 5
    },
    {
      "id": 1155,
      "amount": 9
    },
    {
      "id": 229,
      "amount": 2
    },
    {
      "id": 2671,
      "amount": 1
    },
    {
      "id": 1643,
      "amount": 2
    },
    {
      "id": 1731,
      "amount": 2
    },
    {
      "id": 2503,
      "amount": 3
    },
    {
      "id": 10294,
      "amount": 2
    },
    {
      "id": 1129,
      "amount": 1
    },
    {
      "id": 1373,
      "amount": 1
    },
    {
      "id": 1117,
      "amount": 1
    },
    {
      "id": 139,
      "amount": 7
    },
    {
      "id": 9144,
      "amount": 19
    },
    {
      "id": 3749,
      "amount": 2
    },
    {
      "id": 267,
      "amount": 5
    },
    {
      "id": 173,
      "amount": 4
    },
    {
      "id": 555,
      "amount": 250
    },
    {
      "id": 2349,
      "amount": 9
    },
    {
      "id": 211,
      "amount": 9
    },
    {
      "id": 1163,
      "amount": 1
    },
    {
      "id": 2639,
      "amount": 3
    },
    {
      "id": 562,
      "amount": 100
    },
    {
      "id": 143,
      "amount": 3
    },
    {
      "id": 9243,
      "amount": 25
    },
    {
      "id": 10376,
      "amount": 2
    },
    {
      "id": 13121,
      "amount": 1
    },
    {
      "id": 9242,
      "amount": 4
    },
    {
      "id": 868,
      "amount": 35
    },
    {
      "id": 12500,
      "amount": 1
    },
    {
      "id": 1377,
      "amount": 1
    },
    {
      "id": 1149,
      "amount": 1
    },
    {
      "id": 1079,
      "amount": 3
    },
    {
      "id": 12512,
      "amount": 1
    },
    {
      "id": 2669,
      "amount": 1
    },
    {
      "id": 209,
      "amount": 6
    },
    {
      "id": 2649,
      "amount": 1
    },
    {
      "id": 12494,
      "amount": 1
    },
    {
      "id": 215,
      "amount": 6
    },
    {
      "id": 20166,
      "amount": 2
    },
    {
      "id": 7342,
      "amount": 1
    },
    {
      "id": 1319,
      "amount": 5
    },
    {
      "id": 4587,
      "amount": 1
    },
    {
      "id": 13129,
      "amount": 1
    },
    {
      "id": 12193,
      "amount": 1
    },
    {
      "id": 2366,
      "amount": 4
    },
    {
      "id": 451,
      "amount": 10
    },
    {
      "id": 217,
      "amount": 2
    },
    {
      "id": 2651,
      "amount": 1
    },
    {
      "id": 1113,
      "amount": 2
    },
    {
      "id": 11849,
      "amount": 1
    },
    {
      "id": 2996,
      "amount": 15
    },
    {
      "id": 2493,
      "amount": 1
    },
    {
      "id": 1127,
      "amount": 2
    },
    {
      "id": 1347,
      "amount": 1
    },
    {
      "id": 2890,
      "amount": 1
    },
    {
      "id": 1639,
      "amount": 1
    },
    {
      "id": 892,
      "amount": 242
    },
    {
      "id": 2361,
      "amount": 1
    },
    {
      "id": 1267,
      "amount": 1
    },
    {
      "id": 6687,
      "amount": 100
    },
    {
      "id": 4155,
      "amount": 2
    },
    {
      "id": 1452,
      "amount": 1
    },
    {
      "id": 565,
      "amount": 7
    },
    {
      "id": 2491,
      "amount": 1
    },
    {
      "id": 11230,
      "amount": 2
    },
    {
      "id": 9143,
      "amount": 242
    },
    {
      "id": 2444,
      "amount": 1
    },
    {
      "id": 199,
      "amount": 1354
    },
    {
      "id": 201,
      "amount": 1250
    },
    {
      "id": 3018,
      "amount": 23
    },
    {
      "id": 12699,
      "amount": 1
    },
    {
      "id": 7946,
      "amount": 1
    },
    {
      "id": 2653,
      "amount": 1
    },
    {
      "id": 2655,
      "amount": 1
    },
    {
      "id": 2643,
      "amount": 1
    },
    {
      "id": 4740,
      "amount": 503
    },
    {
      "id": 985,
      "amount": 21
    },
    {
      "id": 532,
      "amount": 500
    },
    {
      "id": 536,
      "amount": 74
    },
    {
      "id": 3105,
      "amount": 1
    },
    {
      "id": 251,
      "amount": 148
    },
    {
      "id": 249,
      "amount": 55
    },
    {
      "id": 93,
      "amount": 237
    },
    {
      "id": 91,
      "amount": 371
    },
    {
      "id": 203,
      "amount": 1699
    },
    {
      "id": 205,
      "amount": 639
    },
    {
      "id": 442,
      "amount": 100
    },
    {
      "id": 436,
      "amount": 9
    },
    {
      "id": 440,
      "amount": 5
    },
    {
      "id": 438,
      "amount": 9
    },
    null,
    null,
    null,
    null,
    null,
    null,
    null,
    null,
    null,
    null,
    null,
    null,
    null,
    null,
    null,
    null,
    null,
    null,
    null,
    null,
    null,
    null,
    null,
    null,
    null,
    null,
    null,
    null,
    null,
    null,
    null,
    null,
    null,
    null,
    null,
    null,
    null,
    null,
    null,
    null,
    null,
    null,
    null,
    null,
    null,
    null,
    null,
    null,
    null,
    null,
    null,
    null,
    null,
    null,
    null,
    null,
    null,
    null,
    null,
    null,
    null,
    null,
    null,
    null,
    null,
    null,
    null,
    null,
    null,
    null,
    null,
    null,
    null,
    null,
    null,
    null,
    null,
    null,
    null,
    null,
    null,
    null,
    null,
    null,
    null,
    null,
    null,
    null,
    null,
    null,
    null,
    null,
    null,
    null,
    null,
    null,
    null,
    null,
    null,
    null,
    null,
    null,
    null,
    null,
    null,
    null,
    null,
    null,
    null,
    null,
    null,
    null,
    null,
    null,
    null,
    null,
    null,
    null,
    null,
    null,
    null,
    null,
    null,
    null,
    null,
    null,
    null,
    null,
    null,
    null,
    null,
    null,
    null,
    null,
    null,
    null,
    null,
    null,
    null,
    null,
    null,
    null,
    null,
    null,
    null,
    null,
    null,
    null,
    null,
    null,
    null,
    null,
    null,
    null,
    null,
    null,
    null,
    null,
    null,
    null,
    null,
    null,
    null,
    null,
    null,
    null,
    null,
    null,
    null,
    null,
    null,
    null,
    null,
    null,
    null,
    null,
    null,
    null,
    null,
    null,
    null,
    null,
    null,
    null,
    null,
    null,
    null,
    null,
    null,
    null,
    null,
    null,
    null,
    null,
    null,
    null,
    null,
    null,
    null,
    null,
    null,
    null,
    null,
    null,
    null,
    null
  ],
  "tabAmounts": [
    126,
    8,
    6,
    4,
    0,
    0,
    0,
    0,
    0,
    0
  ],
  "inventory": [
    null,
    null,
    {
      "id": 11864,
      "amount": 1
    },
    null,
    null,
    null,
    null,
    null,
    null,
    null,
    null,
    null,
    null,
    null,
    null,
    null,
    null,
    null,
    null,
    null,
    null,
    null,
    null,
    null,
    null,
    null,
    null,
    null
  ],
  "equipment": [
    null,
    {
      "id": 10499,
      "amount": 1
    },
    null,
    {
      "id": 868,
      "amount": 2374
    },
    {
      "id": 12492,
      "amount": 1
    },
    null,
    null,
    {
      "id": 12494,
      "amount": 1
    },
    null,
    {
      "id": 7462,
      "amount": 1
    },
    null,
    null,
    null,
    null
  ],
  "lootingBag": [],
  "shopItems": [
    null,
    null,
    null,
    null,
    null,
    null,
    null,
    null,
    null,
    null,
    null,
    null,
    null,
    null,
    null,
    null,
    null,
    null,
    null,
    null,
    null,
    null,
    null,
    null,
    null,
    null,
    null,
    null,
    null,
    null,
    null,
    null,
    null,
    null,
    null,
    null
  ],
  "shopPrices": [
    0,
    0,
    0,
    0,
    0,
    0,
    0,
    0,
    0,
    0,
    0,
    0,
    0,
    0,
    0,
    0,
    0,
    0,
    0,
    0,
    0,
    0,
    0,
    0,
    0,
    0,
    0,
    0,
    0,
    0,
    0,
    0,
    0,
    0,
    0,
    0
  ],
  "pouches": [
    0,
    0,
    0,
    0
  ]
}