{
  "bank": [
    {
      "id": 995,
      "amount": 170001
    },
    {
      "id": 385,
      "amount": 14
    },
    {
      "id": 2436,
      "amount": 9
    },
    {
      "id": 2440,
      "amount": 9
    },
    {
      "id": 2442,
      "amount": 10
    },
    {
      "id": 2444,
      "amount": 4
    },
    {
      "id": 3040,
      "amount": 10
    },
    {
      "id": 3024,
      "amount": 3
    },
    {
      "id": 6603,
      "amount": 1
    },
    {
      "id": 9705,
      "amount": 1
    },
    {
      "id": 9706,
      "amount": 500
    },
    {
      "id": 1555,
      "amount": 1
    },
    {
      "id": 3162,
      "amount": 2
    },
    {
      "id": 560,
      "amount": 45
    },
    {
      "id": 1065,
      "amount": 1
    },
    {
      "id": 1099,
      "amount": 1
    },
    {
      "id": 1135,
      "amount": 1
    },
    {
      "id": 807,
      "amount": 205
    },
    {
      "id": 13307,
      "amount": 3983
    },
    {
      "id": 13117,
      "amount": 1
    },
    {
      "id": 985,
      "amount": 5
    },
    {
      "id": 1747,
      "amount": 2
    },
    {
      "id": 1515,
      "amount": 150
    },
    {
      "id": 442,
      "amount": 100
    },
    {
      "id": 229,
      "amount": 13
    },
    {
      "id": 171,
      "amount": 4
    },
    {
      "id": 3030,
      "amount": 2
    },
    {
      "id": 4155,
      "amount": 1
    },
    {
      "id": 554,
      "amount": 250
    },
    {
      "id": 555,
      "amount": 250
    },
    {
      "id": 556,
      "amount": 250
    },
    {
      "id": 557,
      "amount": 250
    },
    {
      "id": 558,
      "amount": 250
    },
    {
      "id": 563,
      "amount": 50
    },
    {
      "id": 561,
      "amount": 36
    },
    {
      "id": 562,
      "amount": 100
    },
    {
      "id": 536,
      "amount": 9
    },
    {
      "id": 7936,
      "amount": 367
    },
    {
      "id": 11136,
      "amount": 1
    },
    {
      "id": 391,
      "amount": 13
    },
    {
      "id": 13129,
      "amount": 1
    },
    {
      "id": 13104,
      "amount": 1
    },
    {
      "id": 13137,
      "amount": 1
    },
    {
      "id": 13121,
      "amount": 1
    },
    {
      "id": 13108,
      "amount": 1
    },
    {
      "id": 5553,
      "amount": 1
    },
    {
      "id": 13112,
      "amount": 1
    },
    {
      "id": 5556,
      "amount": 1
    },
    {
      "id": 5557,
      "amount": 1
    },
    {
      "id": 13125,
      "amount": 1
    },
    {
      "id": 12195,
      "amount": 1
    },
    {
      "id": 211,
      "amount": 8
    },
    {
      "id": 20663,
      "amount": 1
    },
    {
      "id": 1540,
      "amount": 1
    },
    {
      "id": 6529,
      "amount": 16064
    },
    {
      "id": 9185,
      "amount": 2
    },
    {
      "id": 3105,
      "amount": 1
    },
    {
      "id": 9143,
      "amount": 7
    },
    {
      "id": 2434,
      "amount": 84
    },
    {
      "id": 141,
      "amount": 3
    },
    {
      "id": 147,
      "amount": 1
    },
    {
      "id": 159,
      "amount": 1
    },
    {
      "id": 143,
      "amount": 2
    },
    {
      "id": 217,
      "amount": 6
    },
    {
      "id": 1615,
      "amount": 1
    },
    {
      "id": 371,
      "amount": 15
    },
    {
      "id": 20143,
      "amount": 1
    },
    {
      "id": 6570,
      "amount": 1
    },
    {
      "id": 13133,
      "amount": 1
    },
    {
      "id": 4587,
      "amount": 1
    },
    {
      "id": 9674,
      "amount": 1
    },
    {
      "id": 2497,
      "amount": 1
    },
    {
      "id": 2550,
      "amount": 17
    },
    {
      "id": 379,
      "amount": 290
    },
    {
      "id": 9193,
      "amount": 12
    },
    {
      "id": 7946,
      "amount": 243
    },
    {
      "id": 12938,
      "amount": 15
    },
    {
      "id": 1513,
      "amount": 100
    },
    {
      "id": 5316,
      "amount": 1
    },
    {
      "id": 12934,
      "amount": 1700
    },
    null,
    null,
    null,
    null,
    null,
    null,
    null,
    null,
    null,
    null,
    null,
    null,
    null,
    null,
    null,
    null,
    null,
    null,
    null,
    null,
    null,
    null,
    null,
    null,
    null,
    null,
    null,
    null,
    null,
    null,
    null,
    null,
    null,
    null,
    null,
    null,
    null,
    null,
    null,
    null,
    null,
    null,
    null,
    null,
    null,
    null,
    null,
    null,
    null,
    null,
    null,
    null,
    null,
    null,
    null,
    null,
    null,
    null,
    null,
    null,
    null,
    null,
    null,
    null,
    null,
    null,
    null,
    null,
    null,
    null,
    null,
    null,
    null,
    null,
    null,
    null,
    null,
    null,
    null,
    null,
    null,
    null,
    null,
    null,
    null,
    null,
    null,
    null,
    null,
    null,
    null,
    null,
    null,
    null,
    null,
    null,
    null,
    null,
    null,
    null,
    null,
    null,
    null,
    null,
    null,
    null,
    null,
    null,
    null,
    null,
    null,
    null,
    null,
    null,
    null,
    null,
    null,
    null,
    null,
    null,
    null,
    null,
    null,
    null,
    null,
    null,
    null,
    null,
    null,
    null,
    null,
    null,
    null,
    null,
    null,
    null,
    null,
    null,
    null,
    null,
    null,
    null,
    null,
    null,
    null,
    null,
    null,
    null,
    null,
    null,
    null,
    null,
    null,
    null,
    null,
    null,
    null,
    null,
    null,
    null,
    null,
    null,
    null,
    null,
    null,
    null,
    null,
    null,
    null,
    null,
    null,
    null,
    null,
    null,
    null,
    null,
    null,
    null,
    null,
    null,
    null,
    null,
    null,
    null,
    null,
    null,
    null,
    null,
    null,
    null,
    null,
    null,
    null,
    null,
    null,
    null,
    null,
    null,
    null,
    null,
    null,
    null,
    null,
    null,
    null,
    null,
    null,
    null,
    null,
    null,
    null,
    null,
    null,
    null,
    null,
    null,
    null,
    null,
    null,
    null,
    null,
    null,
    null,
    null,
    null,
    null,
    null,
    null,
    null,
    null,
    null,
    null,
    null,
    null,
    null,
    null,
    null,
    null,
    null,
    null,
    null,
    null,
    null,
    null,
    null,
    null,
    null,
    null,
    null,
    null,
    null,
    null,
    null,
    null,
    null,
    null,
    null,
    null,
    null,
    null,
    null,
    null,
    null,
    null,
    null,
    null,
    null,
    null,
    null,
    null
  ],
  "tabAmounts": [
    78,
    2,
    0,
    0,
    0,
    0,
    0,
    0,
    0,
    0
  ],
  "inventory": [
    {
      "id": 173,
      "amount": 1
    },
    {
      "id": 141,
      "amount": 1
    },
    {
      "id": 2434,
      "amount": 1
    },
    {
      "id": 12934,
      "amount": 356
    },
    {
      "id": 995,
      "amount": 3000
    },
    {
      "id": 2550,
      "amount": 1
    },
    {
      "id": 868,
      "amount": 9
    },
    {
      "id": 1988,
      "amount": 250
    },
    {
      "id": 13307,
      "amount": 415
    },
    null,
    null,
    null,
    null,
    null,
    null,
    null,
    null,
    null,
    null,
    {
      "id": 7946,
      "amount": 1
    },
    {
      "id": 7946,
      "amount": 1
    },
    {
      "id": 7946,
      "amount": 1
    },
    {
      "id": 7946,
      "amount": 1
    },
    {
      "id": 7946,
      "amount": 1
    },
    {
      "id": 7946,
      "amount": 1
    },
    {
      "id": 7946,
      "amount": 1
    },
    {
      "id": 7946,
      "amount": 1
    },
    {
      "id": 12938,
      "amount": 18
    }
  ],
  "equipment": [
    {
      "id": 10828,
      "amount": 1
    },
    {
      "id": 10499,
      "amount": 1
    },
    {
      "id": 1704,
      "amount": 1
    },
    {
      "id": 868,
      "amount": 463
    },
    {
      "id": 2503,
      "amount": 1
    },
    {
      "id": 12610,
      "amount": 1
    },
    null,
    {
      "id": 9676,
      "amount": 1
    },
    null,
    {
      "id": 2491,
      "amount": 1
    },
    {
      "id": 3105,
      "amount": 1
    },
    null,
    {
      "id": 2550,
      "amount": 1
    },
    {
      "id": 9143,
      "amount": 533
    }
  ],
  "lootingBag": [],
  "shopItems": [
    null,
    null,
    null,
    null,
    null,
    null,
    null,
    null,
    null,
    null,
    null,
    null,
    null,
    null,
    null,
    null,
    null,
    null,
    null,
    null,
    null,
    null,
    null,
    null,
    null,
    null,
    null,
    null,
    null,
    null,
    null,
    null,
    null,
    null,
    null,
    null
  ],
  "shopPrices": [
    0,
    0,
    0,
    0,
    0,
    0,
    0,
    0,
    0,
    0,
    0,
    0,
    0,
    0,
    0,
    0,
    0,
    0,
    0,
    0,
    0,
    0,
    0,
    0,
    0,
    0,
    0,
    0,
    0,
    0,
    0,
    0,
    0,
    0,
    0,
    0
  ],
  "pouches": [
    0,
    0,
    0,
    0
  ]
}