{
  "bank": [
    {
      "id": 13137,
      "amount": 1
    },
    {
      "id": 145,
      "amount": 52
    },
    {
      "id": 1623,
      "amount": 115
    },
    {
      "id": 1621,
      "amount": 162
    },
    {
      "id": 1619,
      "amount": 1
    },
    {
      "id": 1617,
      "amount": 652
    },
    {
      "id": 383,
      "amount": 587
    },
    {
      "id": 995,
      "amount": 7401
    },
    {
      "id": 13121,
      "amount": 1
    },
    {
      "id": 13112,
      "amount": 1
    },
    {
      "id": 13104,
      "amount": 1
    },
    {
      "id": 3040,
      "amount": 10
    },
    {
      "id": 2491,
      "amount": 2
    },
    {
      "id": 3028,
      "amount": 1
    },
    {
      "id": 10499,
      "amount": 2
    },
    {
      "id": 6529,
      "amount": 16064
    },
    {
      "id": 1565,
      "amount": 1
    },
    {
      "id": 2363,
      "amount": 29
    },
    {
      "id": 13129,
      "amount": 1
    },
    {
      "id": 391,
      "amount": 1
    },
    {
      "id": 371,
      "amount": 352
    },
    {
      "id": 12197,
      "amount": 2
    },
    {
      "id": 9705,
      "amount": 1
    },
    {
      "id": 868,
      "amount": 468
    },
    {
      "id": 20137,
      "amount": 3
    },
    {
      "id": 2639,
      "amount": 6
    },
    {
      "id": 2673,
      "amount": 1
    },
    {
      "id": 2651,
      "amount": 5
    },
    {
      "id": 12199,
      "amount": 1
    },
    {
      "id": 159,
      "amount": 16
    },
    {
      "id": 147,
      "amount": 16
    },
    {
      "id": 229,
      "amount": 197
    },
    {
      "id": 4587,
      "amount": 3
    },
    {
      "id": 141,
      "amount": 35
    },
    {
      "id": 13307,
      "amount": 817494
    },
    {
      "id": 1149,
      "amount": 2
    },
    {
      "id": 13133,
      "amount": 1
    },
    {
      "id": 13108,
      "amount": 1
    },
    {
      "id": 2645,
      "amount": 4
    },
    {
      "id": 12195,
      "amount": 4
    },
    {
      "id": 2503,
      "amount": 2
    },
    {
      "id": 2497,
      "amount": 2
    },
    {
      "id": 12506,
      "amount": 1
    },
    {
      "id": 165,
      "amount": 6
    },
    {
      "id": 3026,
      "amount": 1
    },
    {
      "id": 9706,
      "amount": 500
    },
    {
      "id": 6527,
      "amount": 1
    },
    {
      "id": 2641,
      "amount": 7
    },
    {
      "id": 13105,
      "amount": 1
    },
    {
      "id": 2643,
      "amount": 3
    },
    {
      "id": 2635,
      "amount": 5
    },
    {
      "id": 161,
      "amount": 19
    },
    {
      "id": 149,
      "amount": 18
    },
    {
      "id": 167,
      "amount": 4
    },
    {
      "id": 1305,
      "amount": 1
    },
    {
      "id": 10828,
      "amount": 3
    },
    {
      "id": 1025,
      "amount": 7
    },
    {
      "id": 9185,
      "amount": 6
    },
    {
      "id": 2649,
      "amount": 6
    },
    {
      "id": 10380,
      "amount": 3
    },
    {
      "id": 6603,
      "amount": 1
    },
    {
      "id": 139,
      "amount": 53
    },
    {
      "id": 19683,
      "amount": 1
    },
    {
      "id": 20736,
      "amount": 2
    },
    {
      "id": 19685,
      "amount": 1
    },
    {
      "id": 7158,
      "amount": 1
    },
    {
      "id": 1249,
      "amount": 1
    },
    {
      "id": 13113,
      "amount": 1
    },
    {
      "id": 4740,
      "amount": 1580
    },
    {
      "id": 12490,
      "amount": 1
    },
    {
      "id": 10370,
      "amount": 2
    },
    {
      "id": 13118,
      "amount": 2
    },
    {
      "id": 1434,
      "amount": 1
    },
    {
      "id": 20166,
      "amount": 3
    },
    {
      "id": 12502,
      "amount": 1
    },
    {
      "id": 10444,
      "amount": 1
    },
    {
      "id": 13125,
      "amount": 1
    },
    {
      "id": 143,
      "amount": 32
    },
    {
      "id": 1633,
      "amount": 1
    },
    {
      "id": 2299,
      "amount": 3
    },
    {
      "id": 11136,
      "amount": 1
    },
    {
      "id": 11212,
      "amount": 1
    },
    {
      "id": 3030,
      "amount": 2
    },
    {
      "id": 4087,
      "amount": 2
    },
    {
      "id": 163,
      "amount": 5
    },
    {
      "id": 554,
      "amount": 158
    },
    {
      "id": 555,
      "amount": 896
    },
    {
      "id": 561,
      "amount": 991
    },
    {
      "id": 556,
      "amount": 250
    },
    {
      "id": 557,
      "amount": 1675
    },
    {
      "id": 563,
      "amount": 1250
    },
    {
      "id": 562,
      "amount": 74
    },
    {
      "id": 558,
      "amount": 741
    },
    {
      "id": 1725,
      "amount": 1
    },
    {
      "id": 13117,
      "amount": 1
    },
    {
      "id": 12934,
      "amount": 13222
    },
    {
      "id": 9193,
      "amount": 120
    },
    {
      "id": 3053,
      "amount": 4
    },
    {
      "id": 12203,
      "amount": 2
    },
    {
      "id": 10376,
      "amount": 1
    },
    {
      "id": 20134,
      "amount": 1
    },
    {
      "id": 451,
      "amount": 50
    },
    {
      "id": 892,
      "amount": 2277
    },
    {
      "id": 121,
      "amount": 42
    },
    {
      "id": 12936,
      "amount": 1
    },
    {
      "id": 4131,
      "amount": 2
    },
    {
      "id": 1093,
      "amount": 1
    },
    {
      "id": 2361,
      "amount": 50
    },
    {
      "id": 686,
      "amount": 4
    },
    {
      "id": 2297,
      "amount": 16
    },
    {
      "id": 1515,
      "amount": 150
    },
    {
      "id": 5020,
      "amount": 68
    },
    {
      "id": 565,
      "amount": 226
    },
    {
      "id": 9194,
      "amount": 12
    },
    {
      "id": 3204,
      "amount": 2
    },
    {
      "id": 157,
      "amount": 28
    },
    {
      "id": 2440,
      "amount": 50
    },
    {
      "id": 2436,
      "amount": 78
    },
    {
      "id": 2434,
      "amount": 921
    },
    {
      "id": 2444,
      "amount": 104
    },
    {
      "id": 12695,
      "amount": 12
    },
    {
      "id": 385,
      "amount": 68
    },
    {
      "id": 7946,
      "amount": 1389
    },
    {
      "id": 2448,
      "amount": 500
    },
    {
      "id": 2442,
      "amount": 103
    },
    {
      "id": 3024,
      "amount": 1
    },
    {
      "id": 217,
      "amount": 9
    },
    {
      "id": 215,
      "amount": 81
    },
    {
      "id": 211,
      "amount": 60
    },
    {
      "id": 199,
      "amount": 54
    },
    {
      "id": 267,
      "amount": 53
    },
    {
      "id": 203,
      "amount": 25
    },
    {
      "id": 219,
      "amount": 10
    },
    {
      "id": 255,
      "amount": 46
    },
    {
      "id": 251,
      "amount": 25
    },
    {
      "id": 227,
      "amount": 905
    },
    {
      "id": 2550,
      "amount": 27
    },
    {
      "id": 5974,
      "amount": 100
    },
    {
      "id": 1987,
      "amount": 1000
    },
    {
      "id": 1779,
      "amount": 808
    },
    {
      "id": 235,
      "amount": 100
    },
    {
      "id": 225,
      "amount": 90
    },
    {
      "id": 223,
      "amount": 100
    },
    {
      "id": 239,
      "amount": 100
    },
    {
      "id": 231,
      "amount": 90
    },
    {
      "id": 2970,
      "amount": 100
    },
    {
      "id": 243,
      "amount": 100
    },
    {
      "id": 247,
      "amount": 100
    },
    {
      "id": 245,
      "amount": 100
    },
    {
      "id": 6693,
      "amount": 100
    },
    {
      "id": 1975,
      "amount": 100
    },
    {
      "id": 9736,
      "amount": 100
    },
    {
      "id": 221,
      "amount": 67
    },
    {
      "id": 1513,
      "amount": 1100
    },
    {
      "id": 8782,
      "amount": 100
    },
    {
      "id": 536,
      "amount": 61
    },
    {
      "id": 12759,
      "amount": 2
    },
    {
      "id": 20849,
      "amount": 35
    },
    {
      "id": 1452,
      "amount": 1
    },
    {
      "id": 6289,
      "amount": 315
    },
    {
      "id": 7054,
      "amount": 1
    },
    {
      "id": 1303,
      "amount": 1
    },
    {
      "id": 2,
      "amount": 150
    },
    {
      "id": 11931,
      "amount": 1
    },
    {
      "id": 453,
      "amount": 1503
    },
    {
      "id": 269,
      "amount": 20
    },
    {
      "id": 1387,
      "amount": 1
    },
    {
      "id": 1615,
      "amount": 4
    },
    {
      "id": 205,
      "amount": 20
    },
    {
      "id": 2653,
      "amount": 1
    },
    {
      "id": 985,
      "amount": 3
    },
    {
      "id": 442,
      "amount": 300
    },
    {
      "id": 1540,
      "amount": 1
    },
    {
      "id": 171,
      "amount": 4
    },
    {
      "id": 449,
      "amount": 174
    },
    {
      "id": 173,
      "amount": 6
    },
    {
      "id": 19582,
      "amount": 4
    },
    {
      "id": 3144,
      "amount": 26
    },
    {
      "id": 7060,
      "amount": 4
    },
    {
      "id": 13249,
      "amount": 10
    },
    {
      "id": 6575,
      "amount": 1
    },
    {
      "id": 169,
      "amount": 3
    },
    {
      "id": 19610,
      "amount": 1
    },
    {
      "id": 20730,
      "amount": 1
    },
    {
      "id": 5304,
      "amount": 8
    },
    {
      "id": 987,
      "amount": 3
    },
    {
      "id": 11818,
      "amount": 1
    },
    {
      "id": 20000,
      "amount": 2
    },
    {
      "id": 12816,
      "amount": 1
    },
    {
      "id": 12699,
      "amount": 8
    },
    {
      "id": 7936,
      "amount": 326
    },
    {
      "id": 12940,
      "amount": 1
    },
    {
      "id": 4214,
      "amount": 1
    },
    {
      "id": 20161,
      "amount": 1
    },
    {
      "id": 11840,
      "amount": 1
    },
    {
      "id": 11864,
      "amount": 1
    },
    {
      "id": 4155,
      "amount": 1
    },
    {
      "id": 12701,
      "amount": 5
    },
    {
      "id": 1319,
      "amount": 1
    },
    {
      "id": 564,
      "amount": 52
    },
    {
      "id": 2677,
      "amount": 1
    },
    {
      "id": 2723,
      "amount": 1
    },
    {
      "id": 1607,
      "amount": 27
    },
    {
      "id": 1605,
      "amount": 459
    },
    {
      "id": 1755,
      "amount": 2
    },
    {
      "id": 5300,
      "amount": 1
    },
    {
      "id": 989,
      "amount": 1
    },
    {
      "id": 12767,
      "amount": 1
    },
    {
      "id": 12761,
      "amount": 1
    },
    {
      "id": 12763,
      "amount": 1
    },
    {
      "id": 4724,
      "amount": 2
    },
    {
      "id": 4749,
      "amount": 1
    },
    {
      "id": 4747,
      "amount": 1
    },
    {
      "id": 4962,
      "amount": 1
    },
    {
      "id": 4755,
      "amount": 2
    },
    {
      "id": 12056,
      "amount": 1
    },
    {
      "id": 6585,
      "amount": 2
    },
    {
      "id": 9075,
      "amount": 2472
    },
    {
      "id": 560,
      "amount": 2737
    },
    {
      "id": 12006,
      "amount": 1
    },
    {
      "id": 10551,
      "amount": 2
    },
    {
      "id": 4716,
      "amount": 2
    },
    {
      "id": 4722,
      "amount": 1
    },
    {
      "id": 4720,
      "amount": 1
    },
    {
      "id": 4751,
      "amount": 1
    },
    {
      "id": 11802,
      "amount": 4
    },
    {
      "id": 6735,
      "amount": 1
    },
    {
      "id": 1215,
      "amount": 1
    },
    {
      "id": 2572,
      "amount": 1
    },
    {
      "id": 4708,
      "amount": 1
    },
    {
      "id": 20131,
      "amount": 1
    },
    {
      "id": 12697,
      "amount": 1
    },
    {
      "id": 11936,
      "amount": 8
    },
    {
      "id": 10977,
      "amount": 1
    },
    {
      "id": 11820,
      "amount": 1
    },
    {
      "id": 2998,
      "amount": 20
    },
    {
      "id": 11230,
      "amount": 3
    },
    {
      "id": 19722,
      "amount": 1
    },
    {
      "id": 12921,
      "amount": 1
    },
    {
      "id": 11932,
      "amount": 1
    },
    {
      "id": 6705,
      "amount": 1
    },
    {
      "id": 4151,
      "amount": 1
    },
    {
      "id": 9244,
      "amount": 100
    },
    {
      "id": 1603,
      "amount": 66
    },
    {
      "id": 19544,
      "amount": 1
    },
    {
      "id": 11828,
      "amount": 1
    },
    {
      "id": 5003,
      "amount": 2
    },
    {
      "id": 12931,
      "amount": 1
    },
    {
      "id": 6737,
      "amount": 1
    },
    {
      "id": 13271,
      "amount": 1
    },
    {
      "id": 13239,
      "amount": 1
    },
    {
      "id": 13235,
      "amount": 1
    },
    {
      "id": 5001,
      "amount": 1
    },
    {
      "id": 5010,
      "amount": 1
    },
    {
      "id": 5002,
      "amount": 1
    },
    null,
    null,
    null,
    null,
    null,
    null,
    null,
    null,
    null,
    null,
    null,
    null,
    null,
    null,
    null,
    null,
    null,
    null,
    null,
    null,
    null,
    null,
    null,
    null,
    null,
    null,
    null,
    null,
    null,
    null,
    null,
    null,
    null,
    null,
    null,
    null,
    null,
    null,
    null,
    null,
    null,
    null,
    null,
    null,
    null,
    null,
    null,
    null,
    null,
    null,
    null,
    null,
    null,
    null,
    null,
    null,
    null,
    null,
    null,
    null,
    null,
    null,
    null,
    null,
    null,
    null,
    null,
    null,
    null,
    null,
    null,
    null,
    null,
    null,
    null,
    null,
    null,
    null,
    null,
    null,
    null,
    null,
    null,
    null,
    null,
    null,
    null,
    null,
    null,
    null,
    null,
    null,
    null,
    null,
    null,
    null,
    null,
    null,
    null,
    null,
    null,
    null,
    null,
    null,
    null,
    null,
    null,
    null,
    null,
    null,
    null,
    null,
    null,
    null,
    null,
    null,
    null,
    null,
    null,
    null,
    null,
    null,
    null,
    null,
    null,
    null,
    null,
    null,
    null,
    null,
    null,
    null,
    null,
    null,
    null,
    null,
    null,
    null,
    null,
    null,
    null,
    null,
    null,
    null,
    null,
    null,
    null,
    null,
    null,
    null,
    null,
    null,
    null,
    null,
    null,
    null,
    null,
    null,
    null,
    null,
    null,
    null,
    null,
    null,
    null,
    null,
    null,
    null,
    null,
    null,
    null,
    null,
    null,
    null,
    null,
    null,
    null,
    null,
    null,
    null,
    null,
    null,
    null,
    null,
    null,
    null,
    null,
    null,
    null,
    null,
    null,
    null,
    null,
    null,
    null,
    null,
    null,
    null,
    null,
    null,
    null,
    null,
    null,
    null,
    null,
    null,
    null,
    null,
    null,
    null,
    null,
    null,
    null,
    null,
    null,
    null,
    null,
    null,
    null,
    null,
    null,
    null,
    null,
    null,
    null,
    null,
    null,
    null,
    null,
    null,
    null,
    null,
    null,
    null,
    null,
    null,
    null,
    null,
    null,
    null,
    null,
    null,
    null,
    null,
    null,
    null,
    null,
    null,
    null,
    null,
    null,
    null,
    null,
    null,
    null,
    null,
    null,
    null,
    null,
    null,
    null,
    null,
    null,
    null,
    null,
    null,
    null,
    null,
    null,
    null,
    null,
    null,
    null,
    null,
    null,
    null,
    null,
    null,
    null,
    null,
    null,
    null,
    null,
    null,
    null,
    null,
    null,
    null,
    null,
    null,
    null,
    null,
    null,
    null,
    null,
    null,
    null,
    null,
    null,
    null,
    null,
    null,
    null,
    null,
    null,
    null,
    null,
    null,
    null,
    null,
    null,
    null,
    null,
    null,
    null,
    null,
    null,
    null,
    null,
    null,
    null,
    null,
    null,
    null,
    null,
    null,
    null,
    null,
    null,
    null,
    null,
    null,
    null,
    null,
    null,
    null,
    null,
    null,
    null,
    null,
    null,
    null,
    null,
    null,
    null,
    null,
    null,
    null,
    null,
    null,
    null,
    null,
    null,
    null,
    null,
    null,
    null,
    null,
    null,
    null,
    null,
    null,
    null,
    null,
    null,
    null,
    null,
    null,
    null,
    null,
    null,
    null,
    null,
    null,
    null,
    null,
    null,
    null,
    null,
    null,
    null,
    null,
    null,
    null,
    null,
    null,
    null,
    null,
    null,
    null,
    null,
    null,
    null,
    null,
    null,
    null,
    null,
    null,
    null,
    null,
    null,
    null,
    null,
    null,
    null,
    null,
    null,
    null,
    null,
    null,
    null,
    null,
    null,
    null,
    null,
    null,
    null,
    null,
    null,
    null,
    null,
    null,
    null,
    null,
    null,
    null,
    null,
    null,
    null,
    null,
    null,
    null,
    null,
    null,
    null,
    null,
    null,
    null,
    null,
    null,
    null,
    null,
    null,
    null,
    null,
    null,
    null,
    null,
    null,
    null,
    null,
    null,
    null,
    null,
    null,
    null,
    null,
    null,
    null,
    null,
    null,
    null,
    null,
    null,
    null,
    null,
    null,
    null,
    null,
    null,
    null,
    null,
    null,
    null,
    null,
    null,
    null,
    null,
    null,
    null,
    null,
    null,
    null,
    null,
    null,
    null,
    null,
    null,
    null,
    null,
    null,
    null,
    null,
    null,
    null
  ],
  "tabAmounts": [
    255,
    0,
    0,
    0,
    0,
    0,
    0,
    0,
    0,
    0
  ],
  "inventory": [
    {
      "id": 12650,
      "amount": 1
    },
    null,
    null,
    null,
    null,
    null,
    null,
    null,
    null,
    null,
    null,
    null,
    null,
    null,
    null,
    null,
    null,
    null,
    null,
    null,
    null,
    null,
    null,
    null,
    null,
    null,
    null,
    null
  ],
  "equipment": [
    {
      "id": 12060,
      "amount": 1
    },
    {
      "id": 6570,
      "amount": 1
    },
    {
      "id": 19553,
      "amount": 1
    },
    {
      "id": 11905,
      "amount": 1
    },
    {
      "id": 5000,
      "amount": 1
    },
    {
      "id": 11283,
      "amount": 1
    },
    null,
    {
      "id": 11834,
      "amount": 1
    },
    null,
    {
      "id": 7462,
      "amount": 1
    },
    {
      "id": 13239,
      "amount": 1
    },
    null,
    {
      "id": 12785,
      "amount": 1
    },
    null
  ],
  "lootingBag": [],
  "shopItems": [
    {
      "id": 11804,
      "amount": 1
    },
    {
      "id": 12004,
      "amount": 1
    },
    {
      "id": 11836,
      "amount": 2
    },
    {
      "id": 6585,
      "amount": 2
    },
    {
      "id": 13227,
      "amount": 1
    },
    {
      "id": 11824,
      "amount": 1
    },
    {
      "id": 11283,
      "amount": 1
    },
    null,
    null,
    null,
    null,
    null,
    null,
    null,
    null,
    null,
    null,
    null,
    null,
    null,
    null,
    null,
    null,
    null,
    null,
    null,
    null,
    null,
    null,
    null,
    null,
    null,
    null,
    null,
    null,
    null
  ],
  "shopPrices": [
    10000000,
    10000000,
    15000000,
    10000000,
    80000000,
    65000000,
    75000000,
    0,
    0,
    0,
    0,
    55000000,
    50000000,
    100000000,
    0,
    0,
    0,
    0,
    0,
    0,
    0,
    0,
    0,
    0,
    0,
    0,
    0,
    0,
    0,
    0,
    0,
    0,
    0,
    0,
    0,
    0
  ],
  "pouches": [
    0,
    0,
    0,
    0
  ]
}