{
  "bank": [
    {
      "id": 1351,
      "amount": 2
    },
    {
      "id": 590,
      "amount": 1
    },
    {
      "id": 303,
      "amount": 2
    },
    {
      "id": 315,
      "amount": 1
    },
    {
      "id": 1925,
      "amount": 1
    },
    {
      "id": 1931,
      "amount": 1
    },
    {
      "id": 2309,
      "amount": 1
    },
    {
      "id": 1265,
      "amount": 2
    },
    {
      "id": 1205,
      "amount": 1
    },
    {
      "id": 1277,
      "amount": 1
    },
    {
      "id": 1171,
      "amount": 1
    },
    {
      "id": 841,
      "amount": 1
    },
    {
      "id": 882,
      "amount": 25
    },
    {
      "id": 556,
      "amount": 25
    },
    {
      "id": 558,
      "amount": 15
    },
    {
      "id": 555,
      "amount": 6
    },
    {
      "id": 557,
      "amount": 4
    },
    {
      "id": 559,
      "amount": 30
    },
    {
      "id": 12810,
      "amount": 1
    },
    {
      "id": 12811,
      "amount": 1
    },
    {
      "id": 12812,
      "amount": 1
    },
    {
      "id": 20703,
      "amount": 1
    },
    {
      "id": 3162,
      "amount": 11
    },
    {
      "id": 1540,
      "amount": 1
    },
    {
      "id": 301,
      "amount": 2
    },
    {
      "id": 307,
      "amount": 1
    },
    {
      "id": 952,
      "amount": 1
    },
    {
      "id": 1735,
      "amount": 1
    },
    {
      "id": 5343,
      "amount": 1
    },
    {
      "id": 5325,
      "amount": 1
    },
    {
      "id": 233,
      "amount": 1
    },
    {
      "id": 1733,
      "amount": 1
    },
    {
      "id": 1734,
      "amount": 10
    },
    {
      "id": 946,
      "amount": 1
    },
    {
      "id": 1275,
      "amount": 1
    },
    {
      "id": 1359,
      "amount": 1
    },
    {
      "id": 995,
      "amount": 364198
    },
    {
      "id": 11940,
      "amount": 1510
    },
    {
      "id": 317,
      "amount": 52
    },
    {
      "id": 321,
      "amount": 27
    },
    {
      "id": 305,
      "amount": 1
    },
    {
      "id": 13650,
      "amount": 2
    },
    {
      "id": 359,
      "amount": 266
    },
    {
      "id": 371,
      "amount": 156
    },
    {
      "id": 13649,
      "amount": 1
    },
    {
      "id": 11246,
      "amount": 103
    },
    {
      "id": 11242,
      "amount": 51
    },
    {
      "id": 11240,
      "amount": 50
    },
    {
      "id": 11238,
      "amount": 32
    },
    {
      "id": 311,
      "amount": 1
    },
    {
      "id": 11260,
      "amount": 156
    },
    {
      "id": 987,
      "amount": 2
    },
    {
      "id": 11254,
      "amount": 4
    },
    {
      "id": 1093,
      "amount": 1
    },
    {
      "id": 11230,
      "amount": 305
    },
    {
      "id": 9341,
      "amount": 142
    },
    {
      "id": 1700,
      "amount": 20
    },
    {
      "id": 11232,
      "amount": 1024
    },
    {
      "id": 1305,
      "amount": 4
    },
    {
      "id": 11212,
      "amount": 1767
    },
    {
      "id": 11237,
      "amount": 1037
    },
    {
      "id": 5316,
      "amount": 4
    },
    {
      "id": 1704,
      "amount": 13
    },
    {
      "id": 534,
      "amount": 391
    },
    {
      "id": 536,
      "amount": 110
    },
    {
      "id": 7218,
      "amount": 36
    },
    {
      "id": 5300,
      "amount": 18
    },
    {
      "id": 12789,
      "amount": 1
    },
    {
      "id": 1615,
      "amount": 4
    },
    {
      "id": 6155,
      "amount": 6
    },
    {
      "id": 805,
      "amount": 50
    },
    {
      "id": 1347,
      "amount": 3
    },
    {
      "id": 3385,
      "amount": 4
    },
    {
      "id": 4097,
      "amount": 4
    },
    {
      "id": 1215,
      "amount": 8
    },
    {
      "id": 6313,
      "amount": 5
    },
    {
      "id": 9194,
      "amount": 8
    },
    {
      "id": 9342,
      "amount": 4
    },
    {
      "id": 1747,
      "amount": 43
    },
    {
      "id": 139,
      "amount": 12
    },
    {
      "id": 1333,
      "amount": 1
    },
    {
      "id": 5937,
      "amount": 4
    },
    {
      "id": 1113,
      "amount": 2
    },
    {
      "id": 5304,
      "amount": 1
    },
    {
      "id": 5285,
      "amount": 1
    },
    {
      "id": 5104,
      "amount": 2
    },
    {
      "id": 269,
      "amount": 4
    },
    {
      "id": 3000,
      "amount": 2
    },
    {
      "id": 5294,
      "amount": 1
    },
    {
      "id": 2570,
      "amount": 20
    },
    {
      "id": 4095,
      "amount": 2
    },
    {
      "id": 5541,
      "amount": 1
    },
    {
      "id": 2363,
      "amount": 10
    },
    {
      "id": 2568,
      "amount": 6
    },
    {
      "id": 1731,
      "amount": 12
    },
    {
      "id": 1601,
      "amount": 13
    },
    {
      "id": 993,
      "amount": 2
    },
    {
      "id": 3391,
      "amount": 2
    },
    {
      "id": 447,
      "amount": 2
    },
    {
      "id": 6032,
      "amount": 24
    },
    {
      "id": 1605,
      "amount": 2
    },
    {
      "id": 1783,
      "amount": 4
    },
    {
      "id": 5535,
      "amount": 2
    },
    {
      "id": 1448,
      "amount": 1
    },
    {
      "id": 5547,
      "amount": 2
    },
    {
      "id": 1273,
      "amount": 1
    },
    {
      "id": 1199,
      "amount": 3
    },
    {
      "id": 231,
      "amount": 2
    },
    {
      "id": 5321,
      "amount": 6
    },
    {
      "id": 5759,
      "amount": 2
    },
    {
      "id": 1213,
      "amount": 1
    },
    {
      "id": 2357,
      "amount": 5
    },
    {
      "id": 237,
      "amount": 4
    },
    {
      "id": 5970,
      "amount": 1
    },
    {
      "id": 8778,
      "amount": 4
    },
    {
      "id": 449,
      "amount": 10
    },
    {
      "id": 444,
      "amount": 1
    },
    {
      "id": 7208,
      "amount": 1
    },
    {
      "id": 13307,
      "amount": 2659
    },
    null,
    null,
    null,
    null,
    null,
    null,
    null,
    null,
    null,
    null,
    null,
    null,
    null,
    null,
    null,
    null,
    null,
    null,
    null,
    null,
    null,
    null,
    null,
    null,
    null,
    null,
    null,
    null,
    null,
    null,
    null,
    null,
    null,
    null,
    null,
    null,
    null,
    null,
    null,
    null,
    null,
    null,
    null,
    null,
    null,
    null,
    null,
    null,
    null,
    null,
    null,
    null,
    null,
    null,
    null,
    null,
    null,
    null,
    null,
    null,
    null,
    null,
    null,
    null,
    null,
    null,
    null,
    null,
    null,
    null,
    null,
    null,
    null,
    null,
    null,
    null,
    null,
    null,
    null,
    null,
    null,
    null,
    null,
    null,
    null,
    null,
    null,
    null,
    null,
    null,
    null,
    null,
    null,
    null,
    null,
    null,
    null,
    null,
    null,
    null,
    null,
    null,
    null,
    null,
    null,
    null,
    null,
    null,
    null,
    null,
    null,
    null,
    null,
    null,
    null,
    null,
    null,
    null,
    null,
    null,
    null,
    null,
    null,
    null,
    null,
    null,
    null,
    null,
    null,
    null,
    null,
    null,
    null,
    null,
    null,
    null,
    null,
    null,
    null,
    null,
    null,
    null,
    null,
    null,
    null,
    null,
    null,
    null,
    null,
    null,
    null,
    null,
    null,
    null,
    null,
    null,
    null,
    null,
    null,
    null,
    null,
    null,
    null,
    null,
    null,
    null,
    null,
    null,
    null,
    null,
    null,
    null,
    null,
    null,
    null,
    null,
    null,
    null,
    null,
    null,
    null,
    null,
    null,
    null,
    null,
    null,
    null,
    null,
    null,
    null,
    null,
    null,
    null,
    null,
    null,
    null,
    null,
    null,
    null,
    null,
    null,
    null,
    null,
    null,
    null,
    null,
    null,
    null,
    null,
    null,
    null,
    null,
    null,
    null,
    null,
    null,
    null,
    null,
    null,
    null,
    null,
    null,
    null,
    null,
    null,
    null,
    null,
    null,
    null,
    null,
    null
  ],
  "tabAmounts": [
    54,
    15,
    49,
    1,
    0,
    0,
    0,
    0,
    0,
    0
  ],
  "inventory": [
    {
      "id": 10023,
      "amount": 1
    },
    null,
    null,
    null,
    null,
    null,
    null,
    null,
    null,
    null,
    null,
    null,
    null,
    null,
    null,
    null,
    null,
    null,
    null,
    null,
    null,
    null,
    null,
    null,
    null,
    null,
    null,
    null
  ],
  "equipment": [
    {
      "id": 5554,
      "amount": 1
    },
    null,
    null,
    {
      "id": 10010,
      "amount": 1
    },
    null,
    null,
    null,
    null,
    null,
    null,
    null,
    null,
    null,
    null
  ],
  "shopItems": [
    null,
    null,
    null,
    null,
    null,
    null,
    null,
    null,
    null,
    null,
    null,
    null,
    null,
    null,
    null,
    null,
    null,
    null,
    null,
    null,
    null,
    null,
    null,
    null,
    null,
    null,
    null,
    null,
    null,
    null,
    null,
    null,
    null,
    null,
    null,
    null
  ],
  "shopPrices": [
    0,
    0,
    0,
    0,
    0,
    0,
    0,
    0,
    0,
    0,
    0,
    0,
    0,
    0,
    0,
    0,
    0,
    0,
    0,
    0,
    0,
    0,
    0,
    0,
    0,
    0,
    0,
    0,
    0,
    0,
    0,
    0,
    0,
    0,
    0,
    0
  ],
  "pouches": [
    0,
    0,
    0,
    0
  ]
}