{
  "bank": [
    {
      "id": 383,
      "amount": 102
    },
    {
      "id": 590,
      "amount": 1
    },
    {
      "id": 1925,
      "amount": 1
    },
    {
      "id": 1931,
      "amount": 1
    },
    {
      "id": 1265,
      "amount": 1
    },
    {
      "id": 1205,
      "amount": 1
    },
    {
      "id": 841,
      "amount": 1
    },
    {
      "id": 882,
      "amount": 25
    },
    {
      "id": 556,
      "amount": 150
    },
    {
      "id": 558,
      "amount": 240
    },
    {
      "id": 555,
      "amount": 88
    },
    {
      "id": 557,
      "amount": 4
    },
    {
      "id": 559,
      "amount": 105
    },
    {
      "id": 1623,
      "amount": 27
    },
    {
      "id": 12498,
      "amount": 2
    },
    {
      "id": 3755,
      "amount": 2
    },
    {
      "id": 2641,
      "amount": 4
    },
    {
      "id": 1572,
      "amount": 1
    },
    {
      "id": 1277,
      "amount": 1
    },
    {
      "id": 13307,
      "amount": 28878
    },
    {
      "id": 532,
      "amount": 601
    },
    {
      "id": 554,
      "amount": 210
    },
    {
      "id": 1347,
      "amount": 3
    },
    {
      "id": 5937,
      "amount": 8
    },
    {
      "id": 4097,
      "amount": 4
    },
    {
      "id": 1215,
      "amount": 2
    },
    {
      "id": 1747,
      "amount": 15
    },
    {
      "id": 9194,
      "amount": 4
    },
    {
      "id": 2363,
      "amount": 11
    },
    {
      "id": 6155,
      "amount": 3
    },
    {
      "id": 9342,
      "amount": 2
    },
    {
      "id": 805,
      "amount": 50
    },
    {
      "id": 1333,
      "amount": 2
    },
    {
      "id": 565,
      "amount": 49
    },
    {
      "id": 7936,
      "amount": 87
    },
    {
      "id": 377,
      "amount": 10
    },
    {
      "id": 13648,
      "amount": 7
    },
    {
      "id": 13650,
      "amount": 4
    },
    {
      "id": 359,
      "amount": 100
    },
    {
      "id": 13649,
      "amount": 4
    },
    {
      "id": 7944,
      "amount": 1
    },
    {
      "id": 1351,
      "amount": 1
    },
    {
      "id": 2649,
      "amount": 2
    },
    {
      "id": 1093,
      "amount": 1
    },
    {
      "id": 2651,
      "amount": 5
    },
    {
      "id": 2643,
      "amount": 2
    },
    {
      "id": 1163,
      "amount": 5
    },
    {
      "id": 1434,
      "amount": 2
    },
    {
      "id": 12506,
      "amount": 1
    },
    {
      "id": 2550,
      "amount": 7
    },
    {
      "id": 4740,
      "amount": 2164
    },
    {
      "id": 1619,
      "amount": 31
    },
    {
      "id": 2639,
      "amount": 2
    },
    {
      "id": 391,
      "amount": 38
    },
    {
      "id": 13117,
      "amount": 3
    },
    {
      "id": 2645,
      "amount": 4
    },
    {
      "id": 12203,
      "amount": 1
    },
    {
      "id": 1617,
      "amount": 20
    },
    {
      "id": 1621,
      "amount": 4
    },
    {
      "id": 1359,
      "amount": 1
    },
    {
      "id": 861,
      "amount": 4
    },
    {
      "id": 946,
      "amount": 1
    },
    {
      "id": 1171,
      "amount": 1
    },
    {
      "id": 12810,
      "amount": 1
    },
    {
      "id": 13260,
      "amount": 1
    },
    {
      "id": 12811,
      "amount": 1
    },
    {
      "id": 229,
      "amount": 59
    },
    {
      "id": 6529,
      "amount": 16064
    },
    {
      "id": 829,
      "amount": 20
    },
    {
      "id": 1249,
      "amount": 3
    },
    {
      "id": 20166,
      "amount": 4
    },
    {
      "id": 1113,
      "amount": 3
    },
    {
      "id": 1127,
      "amount": 3
    },
    {
      "id": 2996,
      "amount": 35
    },
    {
      "id": 9185,
      "amount": 2
    },
    {
      "id": 1147,
      "amount": 3
    },
    {
      "id": 2491,
      "amount": 1
    },
    {
      "id": 157,
      "amount": 4
    },
    {
      "id": 13130,
      "amount": 1
    },
    {
      "id": 4675,
      "amount": 2
    },
    {
      "id": 263,
      "amount": 6
    },
    {
      "id": 987,
      "amount": 12
    },
    {
      "id": 1305,
      "amount": 1
    },
    {
      "id": 1149,
      "amount": 2
    },
    {
      "id": 1517,
      "amount": 23
    },
    {
      "id": 161,
      "amount": 1
    },
    {
      "id": 451,
      "amount": 22
    },
    {
      "id": 10374,
      "amount": 1
    },
    {
      "id": 563,
      "amount": 13
    },
    {
      "id": 562,
      "amount": 4
    },
    {
      "id": 1901,
      "amount": 1
    },
    {
      "id": 566,
      "amount": 11
    },
    {
      "id": 2722,
      "amount": 1
    },
    {
      "id": 2366,
      "amount": 2
    },
    {
      "id": 561,
      "amount": 6
    },
    {
      "id": 886,
      "amount": 150
    },
    {
      "id": 3749,
      "amount": 1
    },
    {
      "id": 10499,
      "amount": 1
    },
    {
      "id": 305,
      "amount": 1
    },
    {
      "id": 309,
      "amount": 1
    },
    {
      "id": 385,
      "amount": 1
    },
    {
      "id": 3144,
      "amount": 22
    },
    {
      "id": 379,
      "amount": 88
    },
    {
      "id": 199,
      "amount": 395
    },
    {
      "id": 201,
      "amount": 97
    },
    {
      "id": 203,
      "amount": 97
    },
    {
      "id": 205,
      "amount": 125
    },
    {
      "id": 211,
      "amount": 106
    },
    {
      "id": 213,
      "amount": 48
    },
    {
      "id": 215,
      "amount": 54
    },
    {
      "id": 217,
      "amount": 52
    },
    {
      "id": 219,
      "amount": 50
    },
    {
      "id": 4131,
      "amount": 5
    },
    {
      "id": 5322,
      "amount": 1
    },
    {
      "id": 221,
      "amount": 500
    },
    {
      "id": 101,
      "amount": 85
    },
    {
      "id": 442,
      "amount": 100
    },
    {
      "id": 251,
      "amount": 28
    },
    {
      "id": 253,
      "amount": 28
    },
    {
      "id": 105,
      "amount": 2
    },
    {
      "id": 560,
      "amount": 135
    },
    {
      "id": 259,
      "amount": 41
    },
    {
      "id": 2434,
      "amount": 26
    },
    {
      "id": 995,
      "amount": 46450
    },
    {
      "id": 143,
      "amount": 3
    },
    {
      "id": 19484,
      "amount": 50
    },
    {
      "id": 1079,
      "amount": 5
    },
    {
      "id": 1303,
      "amount": 1
    },
    {
      "id": 2357,
      "amount": 5
    },
    {
      "id": 4153,
      "amount": 1
    },
    {
      "id": 139,
      "amount": 97
    },
    {
      "id": 12610,
      "amount": 1
    },
    {
      "id": 2635,
      "amount": 1
    },
    {
      "id": 10390,
      "amount": 1
    },
    {
      "id": 12492,
      "amount": 1
    },
    {
      "id": 10444,
      "amount": 1
    },
    {
      "id": 2657,
      "amount": 1
    },
    {
      "id": 4585,
      "amount": 1
    },
    {
      "id": 892,
      "amount": 576
    },
    {
      "id": 13105,
      "amount": 1
    },
    {
      "id": 13113,
      "amount": 1
    },
    {
      "id": 11849,
      "amount": 12
    },
    {
      "id": 257,
      "amount": 6
    },
    {
      "id": 227,
      "amount": 209
    },
    {
      "id": 231,
      "amount": 296
    },
    {
      "id": 1025,
      "amount": 3
    },
    {
      "id": 592,
      "amount": 2
    },
    {
      "id": 209,
      "amount": 7
    },
    {
      "id": 4012,
      "amount": 1
    },
    {
      "id": 6527,
      "amount": 1
    },
    {
      "id": 141,
      "amount": 2
    },
    {
      "id": 4914,
      "amount": 1
    },
    {
      "id": 1452,
      "amount": 1
    },
    {
      "id": 1462,
      "amount": 1
    },
    {
      "id": 1377,
      "amount": 1
    },
    {
      "id": 207,
      "amount": 10
    },
    {
      "id": 3051,
      "amount": 10
    },
    {
      "id": 4738,
      "amount": 1
    },
    {
      "id": 1436,
      "amount": 250
    },
    {
      "id": 303,
      "amount": 1
    },
    {
      "id": 311,
      "amount": 1
    },
    {
      "id": 11260,
      "amount": 20
    },
    {
      "id": 12512,
      "amount": 1
    },
    {
      "id": 10010,
      "amount": 1
    },
    {
      "id": 12086,
      "amount": 1
    },
    null,
    null,
    null,
    null,
    null,
    null,
    null,
    null,
    null,
    null,
    null,
    null,
    null,
    null,
    null,
    null,
    null,
    null,
    null,
    null,
    null,
    null,
    null,
    null,
    null,
    null,
    null,
    null,
    null,
    null,
    null,
    null,
    null,
    null,
    null,
    null,
    null,
    null,
    null,
    null,
    null,
    null,
    null,
    null,
    null,
    null,
    null,
    null,
    null,
    null,
    null,
    null,
    null,
    null,
    null,
    null,
    null,
    null,
    null,
    null,
    null,
    null,
    null,
    null,
    null,
    null,
    null,
    null,
    null,
    null,
    null,
    null,
    null,
    null,
    null,
    null,
    null,
    null,
    null,
    null,
    null,
    null,
    null,
    null,
    null,
    null,
    null,
    null,
    null,
    null,
    null,
    null,
    null,
    null,
    null,
    null,
    null,
    null,
    null,
    null,
    null,
    null,
    null,
    null,
    null,
    null,
    null,
    null,
    null,
    null,
    null,
    null,
    null,
    null,
    null,
    null,
    null,
    null,
    null,
    null,
    null,
    null,
    null,
    null,
    null,
    null,
    null,
    null,
    null,
    null,
    null,
    null,
    null,
    null,
    null,
    null,
    null,
    null,
    null,
    null,
    null,
    null,
    null,
    null,
    null,
    null,
    null,
    null,
    null,
    null,
    null,
    null,
    null,
    null,
    null,
    null,
    null,
    null,
    null,
    null,
    null,
    null,
    null,
    null,
    null,
    null,
    null,
    null,
    null,
    null,
    null,
    null,
    null,
    null,
    null,
    null,
    null,
    null,
    null,
    null,
    null,
    null,
    null,
    null,
    null,
    null,
    null,
    null,
    null,
    null,
    null,
    null,
    null,
    null,
    null,
    null,
    null,
    null,
    null,
    null,
    null,
    null,
    null,
    null,
    null,
    null,
    null,
    null,
    null,
    null,
    null,
    null,
    null,
    null,
    null,
    null,
    null,
    null,
    null,
    null,
    null,
    null,
    null,
    null,
    null,
    null,
    null,
    null,
    null,
    null,
    null,
    null,
    null,
    null,
    null,
    null,
    null,
    null,
    null,
    null,
    null,
    null,
    null,
    null,
    null,
    null,
    null,
    null,
    null,
    null,
    null,
    null,
    null,
    null,
    null,
    null,
    null,
    null,
    null,
    null,
    null,
    null,
    null,
    null,
    null,
    null,
    null,
    null,
    null,
    null,
    null,
    null,
    null,
    null,
    null,
    null,
    null,
    null,
    null,
    null,
    null,
    null,
    null,
    null,
    null,
    null,
    null,
    null,
    null,
    null,
    null,
    null,
    null,
    null,
    null,
    null,
    null,
    null,
    null,
    null,
    null,
    null,
    null,
    null,
    null,
    null,
    null,
    null,
    null,
    null,
    null,
    null,
    null,
    null,
    null,
    null,
    null,
    null,
    null,
    null,
    null,
    null,
    null,
    null,
    null,
    null,
    null,
    null,
    null,
    null,
    null,
    null,
    null,
    null,
    null,
    null,
    null,
    null,
    null,
    null,
    null,
    null,
    null,
    null,
    null,
    null,
    null,
    null,
    null,
    null,
    null,
    null,
    null,
    null,
    null,
    null,
    null,
    null,
    null,
    null,
    null,
    null,
    null,
    null,
    null,
    null,
    null,
    null,
    null,
    null,
    null,
    null,
    null,
    null,
    null,
    null,
    null,
    null,
    null,
    null,
    null,
    null,
    null,
    null,
    null,
    null,
    null,
    null,
    null,
    null,
    null,
    null,
    null,
    null,
    null,
    null,
    null,
    null,
    null,
    null,
    null,
    null,
    null,
    null,
    null,
    null,
    null,
    null,
    null,
    null,
    null,
    null,
    null,
    null,
    null,
    null,
    null,
    null,
    null,
    null,
    null,
    null,
    null,
    null,
    null,
    null,
    null,
    null,
    null,
    null,
    null,
    null,
    null,
    null,
    null,
    null,
    null,
    null,
    null,
    null,
    null,
    null,
    null,
    null,
    null,
    null,
    null,
    null,
    null,
    null,
    null,
    null,
    null,
    null,
    null,
    null,
    null,
    null,
    null,
    null,
    null,
    null,
    null,
    null,
    null,
    null,
    null,
    null,
    null,
    null,
    null,
    null,
    null,
    null,
    null,
    null,
    null,
    null,
    null,
    null,
    null,
    null,
    null,
    null,
    null,
    null,
    null,
    null,
    null,
    null,
    null,
    null,
    null,
    null,
    null,
    null,
    null,
    null,
    null,
    null,
    null,
    null,
    null,
    null,
    null,
    null,
    null,
    null,
    null,
    null,
    null,
    null,
    null,
    null,
    null,
    null,
    null,
    null,
    null,
    null,
    null,
    null,
    null,
    null,
    null,
    null,
    null,
    null,
    null,
    null,
    null,
    null,
    null,
    null,
    null,
    null,
    null,
    null,
    null,
    null,
    null,
    null,
    null,
    null,
    null,
    null,
    null,
    null,
    null,
    null,
    null,
    null,
    null,
    null,
    null,
    null,
    null,
    null,
    null,
    null,
    null,
    null,
    null,
    null,
    null,
    null,
    null,
    null,
    null,
    null,
    null,
    null,
    null,
    null,
    null,
    null,
    null,
    null,
    null,
    null,
    null,
    null,
    null,
    null,
    null
  ],
  "tabAmounts": [
    165,
    0,
    0,
    0,
    0,
    0,
    0,
    0,
    0,
    0
  ],
  "inventory": [
    null,
    null,
    null,
    null,
    null,
    null,
    null,
    null,
    null,
    null,
    null,
    null,
    null,
    null,
    null,
    null,
    null,
    null,
    null,
    null,
    null,
    null,
    null,
    null,
    null,
    null,
    null,
    null
  ],
  "equipment": [
    {
      "id": 11864,
      "amount": 1
    },
    {
      "id": 6570,
      "amount": 1
    },
    {
      "id": 6585,
      "amount": 1
    },
    {
      "id": 4151,
      "amount": 1
    },
    {
      "id": 10551,
      "amount": 1
    },
    {
      "id": 6524,
      "amount": 1
    },
    null,
    {
      "id": 4751,
      "amount": 1
    },
    null,
    {
      "id": 7462,
      "amount": 1
    },
    {
      "id": 11840,
      "amount": 1
    },
    null,
    null,
    null
  ],
  "lootingBag": [],
  "shopItems": [
    null,
    null,
    null,
    null,
    null,
    null,
    null,
    null,
    null,
    null,
    null,
    null,
    null,
    null,
    null,
    null,
    null,
    null,
    null,
    null,
    null,
    null,
    null,
    null,
    null,
    null,
    null,
    null,
    null,
    null,
    null,
    null,
    null,
    null,
    null,
    null
  ],
  "shopPrices": [
    0,
    0,
    0,
    0,
    0,
    0,
    0,
    0,
    0,
    0,
    0,
    0,
    0,
    0,
    0,
    0,
    0,
    0,
    0,
    0,
    0,
    0,
    0,
    0,
    0,
    0,
    0,
    0,
    0,
    0,
    0,
    0,
    0,
    0,
    0,
    0
  ],
  "pouches": [
    0,
    0,
    0,
    0
  ]
}