{
  "bank": [
    {
      "id": 3842,
      "amount": 1
    },
    {
      "id": 13307,
      "amount": 24591
    },
    {
      "id": 1540,
      "amount": 1
    },
    {
      "id": 1191,
      "amount": 1
    },
    {
      "id": 395,
      "amount": 50
    },
    {
      "id": 1185,
      "amount": 2
    },
    {
      "id": 1426,
      "amount": 1
    },
    {
      "id": 1211,
      "amount": 1
    },
    {
      "id": 1357,
      "amount": 1
    },
    {
      "id": 1448,
      "amount": 1
    },
    {
      "id": 1125,
      "amount": 1
    },
    {
      "id": 12536,
      "amount": 1
    },
    {
      "id": 1113,
      "amount": 1
    },
    {
      "id": 1359,
      "amount": 1
    },
    {
      "id": 559,
      "amount": 77
    },
    {
      "id": 7936,
      "amount": 328
    },
    {
      "id": 563,
      "amount": 2
    },
    {
      "id": 829,
      "amount": 20
    },
    {
      "id": 12381,
      "amount": 1
    },
    {
      "id": 882,
      "amount": 7
    },
    {
      "id": 841,
      "amount": 1
    },
    {
      "id": 946,
      "amount": 1
    },
    {
      "id": 590,
      "amount": 1
    },
    {
      "id": 303,
      "amount": 2
    },
    {
      "id": 1623,
      "amount": 8
    },
    {
      "id": 314,
      "amount": 88
    },
    {
      "id": 313,
      "amount": 89
    },
    {
      "id": 311,
      "amount": 1
    },
    {
      "id": 309,
      "amount": 1
    },
    {
      "id": 307,
      "amount": 1
    },
    {
      "id": 1739,
      "amount": 1
    },
    {
      "id": 2363,
      "amount": 5
    },
    {
      "id": 52,
      "amount": 45
    },
    {
      "id": 1351,
      "amount": 2
    },
    {
      "id": 442,
      "amount": 200
    },
    {
      "id": 2643,
      "amount": 1
    },
    {
      "id": 12810,
      "amount": 1
    },
    {
      "id": 12811,
      "amount": 1
    },
    {
      "id": 12812,
      "amount": 1
    },
    {
      "id": 1171,
      "amount": 1
    },
    {
      "id": 1277,
      "amount": 1
    },
    {
      "id": 1621,
      "amount": 18
    },
    {
      "id": 1025,
      "amount": 1
    },
    {
      "id": 2651,
      "amount": 1
    },
    {
      "id": 9185,
      "amount": 1
    },
    {
      "id": 10374,
      "amount": 1
    },
    {
      "id": 257,
      "amount": 2
    },
    {
      "id": 5294,
      "amount": 2
    },
    {
      "id": 1243,
      "amount": 1
    },
    {
      "id": 2353,
      "amount": 1
    },
    {
      "id": 249,
      "amount": 2
    },
    {
      "id": 253,
      "amount": 1
    },
    {
      "id": 10976,
      "amount": 1
    },
    {
      "id": 987,
      "amount": 1
    },
    {
      "id": 12257,
      "amount": 1
    },
    {
      "id": 7336,
      "amount": 1
    },
    {
      "id": 12498,
      "amount": 1
    },
    {
      "id": 263,
      "amount": 1
    },
    {
      "id": 1179,
      "amount": 1
    },
    {
      "id": 5293,
      "amount": 1
    },
    {
      "id": 1389,
      "amount": 1
    },
    {
      "id": 562,
      "amount": 38
    },
    {
      "id": 1079,
      "amount": 1
    },
    {
      "id": 1127,
      "amount": 2
    },
    {
      "id": 6110,
      "amount": 1
    },
    {
      "id": 6111,
      "amount": 1
    },
    {
      "id": 1619,
      "amount": 4
    },
    {
      "id": 4155,
      "amount": 1
    },
    {
      "id": 1643,
      "amount": 1
    },
    {
      "id": 886,
      "amount": 150
    },
    {
      "id": 821,
      "amount": 210
    },
    {
      "id": 2347,
      "amount": 1
    },
    {
      "id": 558,
      "amount": 110
    },
    {
      "id": 4170,
      "amount": 1
    },
    {
      "id": 952,
      "amount": 1
    },
    {
      "id": 4740,
      "amount": 15
    },
    {
      "id": 211,
      "amount": 6
    },
    {
      "id": 199,
      "amount": 10
    },
    {
      "id": 371,
      "amount": 50
    },
    {
      "id": 1275,
      "amount": 1
    },
    {
      "id": 557,
      "amount": 1071
    },
    {
      "id": 555,
      "amount": 994
    },
    {
      "id": 377,
      "amount": 42
    },
    {
      "id": 305,
      "amount": 1
    },
    {
      "id": 301,
      "amount": 1
    },
    {
      "id": 7944,
      "amount": 134
    },
    {
      "id": 2491,
      "amount": 1
    },
    {
      "id": 2659,
      "amount": 1
    },
    {
      "id": 2493,
      "amount": 1
    },
    {
      "id": 1347,
      "amount": 1
    },
    {
      "id": 560,
      "amount": 441
    },
    {
      "id": 556,
      "amount": 1182
    },
    {
      "id": 2890,
      "amount": 1
    },
    {
      "id": 10288,
      "amount": 1
    },
    {
      "id": 1213,
      "amount": 1
    },
    {
      "id": 139,
      "amount": 1
    },
    {
      "id": 2412,
      "amount": 1
    },
    {
      "id": 6108,
      "amount": 1
    },
    {
      "id": 6107,
      "amount": 1
    },
    {
      "id": 1393,
      "amount": 1
    },
    {
      "id": 4081,
      "amount": 1
    },
    {
      "id": 6313,
      "amount": 1
    },
    {
      "id": 1627,
      "amount": 7
    },
    {
      "id": 1559,
      "amount": 1
    },
    {
      "id": 1333,
      "amount": 1
    },
    {
      "id": 20134,
      "amount": 1
    },
    {
      "id": 385,
      "amount": 1
    },
    {
      "id": 20166,
      "amount": 1
    },
    {
      "id": 1639,
      "amount": 1
    },
    {
      "id": 19683,
      "amount": 1
    },
    {
      "id": 995,
      "amount": 1283385
    },
    {
      "id": 5011,
      "amount": 1
    },
    {
      "id": 9676,
      "amount": 1
    },
    {
      "id": 9672,
      "amount": 1
    },
    {
      "id": 9674,
      "amount": 1
    },
    {
      "id": 209,
      "amount": 4
    },
    {
      "id": 12203,
      "amount": 1
    },
    {
      "id": 5008,
      "amount": 1
    },
    {
      "id": 10601,
      "amount": 1
    },
    {
      "id": 1625,
      "amount": 3
    },
    null,
    null,
    null,
    null,
    null,
    null,
    null,
    null,
    null,
    null,
    null,
    null,
    null,
    null,
    null,
    null,
    null,
    null,
    null,
    null,
    null,
    null,
    null,
    null,
    null,
    null,
    null,
    null,
    null,
    null,
    null,
    null,
    null,
    null,
    null,
    null,
    null,
    null,
    null,
    null,
    null,
    null,
    null,
    null,
    null,
    null,
    null,
    null,
    null,
    null,
    null,
    null,
    null,
    null,
    null,
    null,
    null,
    null,
    null,
    null,
    null,
    null,
    null,
    null,
    null,
    null,
    null,
    null,
    null,
    null,
    null,
    null,
    null,
    null,
    null,
    null,
    null,
    null,
    null,
    null,
    null,
    null,
    null,
    null,
    null,
    null,
    null,
    null,
    null,
    null,
    null,
    null,
    null,
    null,
    null,
    null,
    null,
    null,
    null,
    null,
    null,
    null,
    null,
    null,
    null,
    null,
    null,
    null,
    null,
    null,
    null,
    null,
    null,
    null,
    null,
    null,
    null,
    null,
    null,
    null,
    null,
    null,
    null,
    null,
    null,
    null,
    null,
    null,
    null,
    null,
    null,
    null,
    null,
    null,
    null,
    null,
    null,
    null,
    null,
    null,
    null,
    null,
    null,
    null,
    null,
    null,
    null,
    null,
    null,
    null,
    null,
    null,
    null,
    null,
    null,
    null,
    null,
    null,
    null,
    null,
    null,
    null,
    null,
    null,
    null,
    null,
    null,
    null,
    null,
    null,
    null,
    null,
    null,
    null,
    null,
    null,
    null,
    null,
    null,
    null,
    null,
    null,
    null,
    null,
    null,
    null,
    null,
    null,
    null,
    null,
    null,
    null,
    null,
    null,
    null,
    null,
    null,
    null,
    null,
    null,
    null,
    null,
    null,
    null,
    null,
    null,
    null,
    null,
    null,
    null,
    null,
    null,
    null,
    null,
    null,
    null,
    null,
    null,
    null,
    null,
    null,
    null,
    null,
    null,
    null,
    null,
    null,
    null,
    null,
    null
  ],
  "tabAmounts": [
    120,
    0,
    0,
    0,
    0,
    0,
    0,
    0,
    0,
    0
  ],
  "inventory": [
    {
      "id": 995,
      "amount": 223609
    },
    {
      "id": 13307,
      "amount": 2936
    },
    {
      "id": 379,
      "amount": 1
    },
    {
      "id": 379,
      "amount": 1
    },
    {
      "id": 379,
      "amount": 1
    },
    {
      "id": 379,
      "amount": 1
    },
    {
      "id": 379,
      "amount": 1
    },
    {
      "id": 379,
      "amount": 1
    },
    {
      "id": 379,
      "amount": 1
    },
    {
      "id": 379,
      "amount": 1
    },
    {
      "id": 379,
      "amount": 1
    },
    {
      "id": 379,
      "amount": 1
    },
    {
      "id": 379,
      "amount": 1
    },
    {
      "id": 379,
      "amount": 1
    },
    {
      "id": 379,
      "amount": 1
    },
    {
      "id": 379,
      "amount": 1
    },
    {
      "id": 379,
      "amount": 1
    },
    {
      "id": 379,
      "amount": 1
    },
    {
      "id": 379,
      "amount": 1
    },
    {
      "id": 379,
      "amount": 1
    },
    {
      "id": 6577,
      "amount": 1
    },
    {
      "id": 1305,
      "amount": 1
    },
    {
      "id": 1628,
      "amount": 3
    },
    {
      "id": 863,
      "amount": 48
    },
    {
      "id": 2684,
      "amount": 1
    },
    {
      "id": 2366,
      "amount": 1
    },
    null,
    null
  ],
  "equipment": [
    {
      "id": 6109,
      "amount": 1
    },
    {
      "id": 10499,
      "amount": 1
    },
    {
      "id": 1731,
      "amount": 1
    },
    {
      "id": 863,
      "amount": 265
    },
    {
      "id": 2503,
      "amount": 1
    },
    null,
    null,
    {
      "id": 2497,
      "amount": 1
    },
    null,
    null,
    {
      "id": 3105,
      "amount": 1
    },
    null,
    null,
    null
  ],
  "shopItems": [
    null,
    null,
    null,
    null,
    null,
    null,
    null,
    null,
    null,
    null,
    null,
    null,
    null,
    null,
    null,
    null,
    null,
    null,
    null,
    null,
    null,
    null,
    null,
    null,
    null,
    null,
    null,
    null,
    null,
    null,
    null,
    null,
    null,
    null,
    null,
    null
  ],
  "shopPrices": [
    0,
    0,
    0,
    0,
    0,
    0,
    0,
    0,
    0,
    0,
    0,
    0,
    0,
    0,
    0,
    0,
    0,
    0,
    0,
    0,
    0,
    0,
    0,
    0,
    0,
    0,
    0,
    0,
    0,
    0,
    0,
    0,
    0,
    0,
    0,
    0
  ],
  "pouches": [
    0,
    0,
    0,
    0
  ]
}