{
  "bank": [
    {
      "id": 995,
      "amount": 413695
    },
    {
      "id": 385,
      "amount": 223
    },
    {
      "id": 2436,
      "amount": 7
    },
    {
      "id": 2440,
      "amount": 7
    },
    {
      "id": 2442,
      "amount": 5
    },
    {
      "id": 2444,
      "amount": 8
    },
    {
      "id": 3040,
      "amount": 10
    },
    {
      "id": 4091,
      "amount": 1
    },
    {
      "id": 4131,
      "amount": 4
    },
    {
      "id": 1079,
      "amount": 2
    },
    {
      "id": 1093,
      "amount": 3
    },
    {
      "id": 4153,
      "amount": 2
    },
    {
      "id": 2366,
      "amount": 1
    },
    {
      "id": 1127,
      "amount": 2
    },
    {
      "id": 861,
      "amount": 2
    },
    {
      "id": 1129,
      "amount": 1
    },
    {
      "id": 1095,
      "amount": 1
    },
    {
      "id": 863,
      "amount": 46
    },
    {
      "id": 165,
      "amount": 1
    },
    {
      "id": 171,
      "amount": 1
    },
    {
      "id": 6529,
      "amount": 16064
    },
    {
      "id": 12492,
      "amount": 1
    },
    {
      "id": 12494,
      "amount": 1
    },
    {
      "id": 9144,
      "amount": 489
    },
    {
      "id": 554,
      "amount": 254
    },
    {
      "id": 555,
      "amount": 8425
    },
    {
      "id": 556,
      "amount": 1045
    },
    {
      "id": 557,
      "amount": 988
    },
    {
      "id": 558,
      "amount": 226
    },
    {
      "id": 563,
      "amount": 600
    },
    {
      "id": 561,
      "amount": 1545
    },
    {
      "id": 562,
      "amount": 61
    },
    {
      "id": 560,
      "amount": 3168
    },
    {
      "id": 1383,
      "amount": 1
    },
    {
      "id": 1201,
      "amount": 2
    },
    {
      "id": 8844,
      "amount": 1
    },
    {
      "id": 8845,
      "amount": 2
    },
    {
      "id": 11936,
      "amount": 437
    },
    {
      "id": 9244,
      "amount": 981
    },
    {
      "id": 4101,
      "amount": 1
    },
    {
      "id": 4103,
      "amount": 1
    },
    {
      "id": 3842,
      "amount": 1
    },
    {
      "id": 11118,
      "amount": 1
    },
    {
      "id": 145,
      "amount": 1
    },
    {
      "id": 157,
      "amount": 1
    },
    {
      "id": 163,
      "amount": 2
    },
    {
      "id": 811,
      "amount": 8
    },
    {
      "id": 9242,
      "amount": 1
    },
    {
      "id": 11128,
      "amount": 2
    },
    {
      "id": 3749,
      "amount": 1
    },
    {
      "id": 6527,
      "amount": 1
    },
    {
      "id": 6130,
      "amount": 1
    },
    {
      "id": 6916,
      "amount": 1
    },
    {
      "id": 4093,
      "amount": 1
    },
    {
      "id": 6528,
      "amount": 2
    },
    {
      "id": 229,
      "amount": 8
    },
    {
      "id": 3030,
      "amount": 2
    },
    {
      "id": 1199,
      "amount": 1
    },
    {
      "id": 8846,
      "amount": 1
    },
    {
      "id": 8847,
      "amount": 2
    },
    {
      "id": 8848,
      "amount": 2
    },
    {
      "id": 8849,
      "amount": 2
    },
    {
      "id": 1123,
      "amount": 1
    },
    {
      "id": 1073,
      "amount": 1
    },
    {
      "id": 1161,
      "amount": 1
    },
    {
      "id": 8851,
      "amount": 170
    },
    {
      "id": 987,
      "amount": 1
    },
    {
      "id": 20703,
      "amount": 1
    },
    {
      "id": 9705,
      "amount": 1
    },
    {
      "id": 9706,
      "amount": 500
    },
    {
      "id": 13117,
      "amount": 1
    },
    {
      "id": 13133,
      "amount": 1
    },
    {
      "id": 13137,
      "amount": 1
    },
    {
      "id": 11136,
      "amount": 1
    },
    {
      "id": 13112,
      "amount": 1
    },
    {
      "id": 13108,
      "amount": 1
    },
    {
      "id": 13104,
      "amount": 1
    },
    {
      "id": 13125,
      "amount": 1
    },
    {
      "id": 13129,
      "amount": 1
    },
    {
      "id": 13121,
      "amount": 1
    },
    {
      "id": 6603,
      "amount": 1
    },
    {
      "id": 1387,
      "amount": 1
    },
    {
      "id": 199,
      "amount": 18
    },
    {
      "id": 209,
      "amount": 6
    },
    {
      "id": 20166,
      "amount": 2
    },
    {
      "id": 20137,
      "amount": 2
    },
    {
      "id": 12026,
      "amount": 1
    },
    {
      "id": 1025,
      "amount": 1
    },
    {
      "id": 2651,
      "amount": 1
    },
    {
      "id": 4740,
      "amount": 510
    },
    {
      "id": 205,
      "amount": 7
    },
    {
      "id": 20131,
      "amount": 1
    },
    {
      "id": 12610,
      "amount": 1
    },
    {
      "id": 2550,
      "amount": 1
    },
    {
      "id": 19685,
      "amount": 1
    },
    {
      "id": 565,
      "amount": 7486
    },
    {
      "id": 2434,
      "amount": 45
    },
    {
      "id": 7399,
      "amount": 1
    },
    {
      "id": 7398,
      "amount": 1
    },
    {
      "id": 6914,
      "amount": 1
    },
    {
      "id": 9185,
      "amount": 1
    },
    {
      "id": 167,
      "amount": 1
    },
    {
      "id": 161,
      "amount": 1
    },
    {
      "id": 149,
      "amount": 1
    },
    {
      "id": 4587,
      "amount": 1
    },
    {
      "id": 6570,
      "amount": 1
    },
    {
      "id": 169,
      "amount": 1
    },
    {
      "id": 139,
      "amount": 1
    },
    {
      "id": 989,
      "amount": 1
    },
    null,
    null,
    null,
    null,
    null,
    null,
    null,
    null,
    null,
    null,
    null,
    null,
    null,
    null,
    null,
    null,
    null,
    null,
    null,
    null,
    null,
    null,
    null,
    null,
    null,
    null,
    null,
    null,
    null,
    null,
    null,
    null,
    null,
    null,
    null,
    null,
    null,
    null,
    null,
    null,
    null,
    null,
    null,
    null,
    null,
    null,
    null,
    null,
    null,
    null,
    null,
    null,
    null,
    null,
    null,
    null,
    null,
    null,
    null,
    null,
    null,
    null,
    null,
    null,
    null,
    null,
    null,
    null,
    null,
    null,
    null,
    null,
    null,
    null,
    null,
    null,
    null,
    null,
    null,
    null,
    null,
    null,
    null,
    null,
    null,
    null,
    null,
    null,
    null,
    null,
    null,
    null,
    null,
    null,
    null,
    null,
    null,
    null,
    null,
    null,
    null,
    null,
    null,
    null,
    null,
    null,
    null,
    null,
    null,
    null,
    null,
    null,
    null,
    null,
    null,
    null,
    null,
    null,
    null,
    null,
    null,
    null,
    null,
    null,
    null,
    null,
    null,
    null,
    null,
    null,
    null,
    null,
    null,
    null,
    null,
    null,
    null,
    null,
    null,
    null,
    null,
    null,
    null,
    null,
    null,
    null,
    null,
    null,
    null,
    null,
    null,
    null,
    null,
    null,
    null,
    null,
    null,
    null,
    null,
    null,
    null,
    null,
    null,
    null,
    null,
    null,
    null,
    null,
    null,
    null,
    null,
    null,
    null,
    null,
    null,
    null,
    null,
    null,
    null,
    null,
    null,
    null,
    null,
    null,
    null,
    null,
    null,
    null,
    null,
    null,
    null,
    null,
    null,
    null,
    null,
    null,
    null,
    null,
    null,
    null,
    null,
    null,
    null,
    null,
    null,
    null,
    null,
    null,
    null,
    null,
    null,
    null,
    null,
    null,
    null,
    null,
    null,
    null,
    null,
    null,
    null,
    null,
    null,
    null,
    null,
    null,
    null,
    null,
    null,
    null,
    null,
    null,
    null,
    null,
    null,
    null,
    null,
    null,
    null,
    null,
    null
  ],
  "tabAmounts": [
    109,
    0,
    0,
    0,
    0,
    0,
    0,
    0,
    0,
    0
  ],
  "inventory": [
    null,
    null,
    null,
    null,
    null,
    null,
    null,
    null,
    null,
    null,
    null,
    null,
    null,
    null,
    null,
    null,
    null,
    null,
    null,
    null,
    null,
    null,
    null,
    null,
    null,
    null,
    null,
    null
  ],
  "equipment": [
    {
      "id": 3751,
      "amount": 1
    },
    {
      "id": 10498,
      "amount": 1
    },
    {
      "id": 6585,
      "amount": 1
    },
    {
      "id": 868,
      "amount": 197
    },
    {
      "id": 10551,
      "amount": 1
    },
    {
      "id": 8850,
      "amount": 1
    },
    null,
    {
      "id": 10372,
      "amount": 1
    },
    null,
    {
      "id": 7462,
      "amount": 1
    },
    {
      "id": 4131,
      "amount": 1
    },
    null,
    null,
    {
      "id": 892,
      "amount": 468
    }
  ],
  "lootingBag": [],
  "shopItems": [
    null,
    null,
    null,
    null,
    null,
    null,
    null,
    null,
    null,
    null,
    null,
    null,
    null,
    null,
    null,
    null,
    null,
    null,
    null,
    null,
    null,
    null,
    null,
    null,
    null,
    null,
    null,
    null,
    null,
    null,
    null,
    null,
    null,
    null,
    null,
    null
  ],
  "shopPrices": [
    0,
    0,
    0,
    0,
    0,
    0,
    0,
    0,
    0,
    0,
    0,
    0,
    0,
    0,
    0,
    0,
    0,
    0,
    0,
    0,
    0,
    0,
    0,
    0,
    0,
    0,
    0,
    0,
    0,
    0,
    0,
    0,
    0,
    0,
    0,
    0
  ],
  "pouches": [
    0,
    0,
    0,
    0
  ]
}