{
  "bank": [
    {
      "id": 995,
      "amount": 1
    },
    {
      "id": 985,
      "amount": 5
    },
    {
      "id": 2682,
      "amount": 1
    },
    {
      "id": 373,
      "amount": 114
    },
    {
      "id": 19679,
      "amount": 2
    },
    {
      "id": 9143,
      "amount": 191
    },
    {
      "id": 13307,
      "amount": 6796
    },
    {
      "id": 4155,
      "amount": 1
    },
    {
      "id": 13648,
      "amount": 29
    },
    {
      "id": 13649,
      "amount": 16
    },
    {
      "id": 952,
      "amount": 1
    },
    {
      "id": 272,
      "amount": 1
    },
    {
      "id": 385,
      "amount": 4
    },
    {
      "id": 12530,
      "amount": 1
    },
    {
      "id": 12526,
      "amount": 1
    },
    {
      "id": 3834,
      "amount": 1
    },
    {
      "id": 12536,
      "amount": 1
    },
    {
      "id": 13650,
      "amount": 1
    },
    {
      "id": 1643,
      "amount": 1
    },
    {
      "id": 1731,
      "amount": 1
    },
    {
      "id": 3024,
      "amount": 3
    },
    {
      "id": 3030,
      "amount": 1
    },
    {
      "id": 13108,
      "amount": 1
    },
    {
      "id": 13112,
      "amount": 1
    },
    {
      "id": 13121,
      "amount": 1
    },
    {
      "id": 13129,
      "amount": 1
    },
    {
      "id": 11136,
      "amount": 1
    },
    {
      "id": 13117,
      "amount": 1
    },
    {
      "id": 13137,
      "amount": 1
    },
    {
      "id": 2890,
      "amount": 2
    },
    {
      "id": 4166,
      "amount": 1
    },
    {
      "id": 1079,
      "amount": 3
    },
    {
      "id": 1127,
      "amount": 2
    },
    {
      "id": 13104,
      "amount": 1
    },
    {
      "id": 3488,
      "amount": 1
    },
    {
      "id": 2550,
      "amount": 1
    },
    {
      "id": 1163,
      "amount": 3
    },
    {
      "id": 1637,
      "amount": 2
    },
    {
      "id": 6603,
      "amount": 1
    },
    {
      "id": 554,
      "amount": 250
    },
    {
      "id": 555,
      "amount": 250
    },
    {
      "id": 556,
      "amount": 250
    },
    {
      "id": 557,
      "amount": 250
    },
    {
      "id": 558,
      "amount": 250
    },
    {
      "id": 563,
      "amount": 50
    },
    {
      "id": 561,
      "amount": 30
    },
    {
      "id": 562,
      "amount": 106
    },
    {
      "id": 559,
      "amount": 27
    },
    {
      "id": 9706,
      "amount": 499
    },
    {
      "id": 890,
      "amount": 1000
    },
    {
      "id": 884,
      "amount": 1000
    },
    {
      "id": 2491,
      "amount": 1
    },
    {
      "id": 9144,
      "amount": 1
    },
    {
      "id": 868,
      "amount": 880
    },
    {
      "id": 9242,
      "amount": 21
    },
    {
      "id": 1617,
      "amount": 1
    },
    {
      "id": 1623,
      "amount": 1
    },
    {
      "id": 7936,
      "amount": 276
    },
    {
      "id": 1517,
      "amount": 15
    },
    {
      "id": 13133,
      "amount": 1
    },
    {
      "id": 13125,
      "amount": 1
    },
    {
      "id": 349,
      "amount": 1
    },
    {
      "id": 7944,
      "amount": 2054
    },
    {
      "id": 327,
      "amount": 5
    },
    {
      "id": 345,
      "amount": 4
    },
    {
      "id": 335,
      "amount": 83
    },
    {
      "id": 321,
      "amount": 7
    },
    {
      "id": 371,
      "amount": 375
    },
    {
      "id": 317,
      "amount": 85
    },
    {
      "id": 313,
      "amount": 40
    },
    {
      "id": 331,
      "amount": 18
    },
    {
      "id": 307,
      "amount": 1
    },
    {
      "id": 359,
      "amount": 524
    },
    {
      "id": 314,
      "amount": 99
    },
    {
      "id": 309,
      "amount": 1
    },
    {
      "id": 377,
      "amount": 445
    },
    {
      "id": 395,
      "amount": 150
    },
    {
      "id": 389,
      "amount": 100
    },
    {
      "id": 259,
      "amount": 1
    },
    {
      "id": 2366,
      "amount": 1
    },
    {
      "id": 383,
      "amount": 60
    },
    {
      "id": 311,
      "amount": 1
    },
    {
      "id": 363,
      "amount": 40
    },
    {
      "id": 341,
      "amount": 33
    },
    {
      "id": 353,
      "amount": 38
    },
    {
      "id": 305,
      "amount": 1
    },
    {
      "id": 301,
      "amount": 1
    },
    {
      "id": 303,
      "amount": 1
    },
    {
      "id": 5555,
      "amount": 1
    },
    {
      "id": 5556,
      "amount": 1
    },
    {
      "id": 1289,
      "amount": 2
    },
    {
      "id": 1373,
      "amount": 1
    },
    {
      "id": 859,
      "amount": 2
    },
    {
      "id": 1095,
      "amount": 1
    },
    {
      "id": 1446,
      "amount": 1
    },
    {
      "id": 1149,
      "amount": 1
    },
    {
      "id": 1319,
      "amount": 2
    },
    {
      "id": 1113,
      "amount": 3
    },
    {
      "id": 2493,
      "amount": 2
    },
    {
      "id": 1347,
      "amount": 3
    },
    {
      "id": 1091,
      "amount": 1
    },
    {
      "id": 1195,
      "amount": 1
    },
    {
      "id": 1099,
      "amount": 1
    },
    {
      "id": 3480,
      "amount": 1
    },
    {
      "id": 1135,
      "amount": 1
    },
    {
      "id": 1213,
      "amount": 1
    },
    {
      "id": 9183,
      "amount": 1
    },
    {
      "id": 1426,
      "amount": 1
    },
    {
      "id": 1371,
      "amount": 1
    },
    {
      "id": 7327,
      "amount": 1
    },
    {
      "id": 1564,
      "amount": 1
    },
    {
      "id": 10470,
      "amount": 1
    },
    {
      "id": 7336,
      "amount": 1
    },
    {
      "id": 2657,
      "amount": 1
    },
    {
      "id": 12263,
      "amount": 1
    },
    {
      "id": 3475,
      "amount": 1
    },
    {
      "id": 7354,
      "amount": 1
    },
    {
      "id": 10290,
      "amount": 1
    },
    {
      "id": 2663,
      "amount": 1
    },
    {
      "id": 686,
      "amount": 1
    },
    null,
    null,
    null,
    null,
    null,
    null,
    null,
    null,
    null,
    null,
    null,
    null,
    null,
    null,
    null,
    null,
    null,
    null,
    null,
    null,
    null,
    null,
    null,
    null,
    null,
    null,
    null,
    null,
    null,
    null,
    null,
    null,
    null,
    null,
    null,
    null,
    null,
    null,
    null,
    null,
    null,
    null,
    null,
    null,
    null,
    null,
    null,
    null,
    null,
    null,
    null,
    null,
    null,
    null,
    null,
    null,
    null,
    null,
    null,
    null,
    null,
    null,
    null,
    null,
    null,
    null,
    null,
    null,
    null,
    null,
    null,
    null,
    null,
    null,
    null,
    null,
    null,
    null,
    null,
    null,
    null,
    null,
    null,
    null,
    null,
    null,
    null,
    null,
    null,
    null,
    null,
    null,
    null,
    null,
    null,
    null,
    null,
    null,
    null,
    null,
    null,
    null,
    null,
    null,
    null,
    null,
    null,
    null,
    null,
    null,
    null,
    null,
    null,
    null,
    null,
    null,
    null,
    null,
    null,
    null,
    null,
    null,
    null,
    null,
    null,
    null,
    null,
    null,
    null,
    null,
    null,
    null,
    null,
    null,
    null,
    null,
    null,
    null,
    null,
    null,
    null,
    null,
    null,
    null,
    null,
    null,
    null,
    null,
    null,
    null,
    null,
    null,
    null,
    null,
    null,
    null,
    null,
    null,
    null,
    null,
    null,
    null,
    null,
    null,
    null,
    null,
    null,
    null,
    null,
    null,
    null,
    null,
    null,
    null,
    null,
    null,
    null,
    null,
    null,
    null,
    null,
    null,
    null,
    null,
    null,
    null,
    null,
    null,
    null,
    null,
    null,
    null,
    null,
    null,
    null,
    null,
    null,
    null,
    null,
    null,
    null,
    null,
    null,
    null,
    null,
    null,
    null,
    null,
    null,
    null,
    null,
    null,
    null,
    null,
    null,
    null,
    null,
    null,
    null,
    null,
    null,
    null,
    null,
    null,
    null,
    null,
    null,
    null,
    null,
    null
  ],
  "tabAmounts": [
    22,
    16,
    10,
    7,
    35,
    19,
    11,
    0,
    0,
    0
  ],
  "inventory": [
    null,
    null,
    null,
    null,
    null,
    null,
    null,
    null,
    null,
    null,
    null,
    null,
    null,
    null,
    null,
    null,
    null,
    null,
    null,
    null,
    null,
    null,
    null,
    null,
    null,
    null,
    null,
    null
  ],
  "equipment": [
    {
      "id": 2673,
      "amount": 1
    },
    {
      "id": 10499,
      "amount": 1
    },
    null,
    {
      "id": 9185,
      "amount": 1
    },
    {
      "id": 2503,
      "amount": 1
    },
    {
      "id": 1540,
      "amount": 1
    },
    null,
    {
      "id": 2497,
      "amount": 1
    },
    null,
    {
      "id": 2491,
      "amount": 1
    },
    null,
    null,
    null,
    {
      "id": 9144,
      "amount": 419
    }
  ],
  "lootingBag": [],
  "shopItems": [
    null,
    null,
    null,
    null,
    null,
    null,
    null,
    null,
    null,
    null,
    null,
    null,
    null,
    null,
    null,
    null,
    null,
    null,
    null,
    null,
    null,
    null,
    null,
    null,
    null,
    null,
    null,
    null,
    null,
    null,
    null,
    null,
    null,
    null,
    null,
    null
  ],
  "shopPrices": [
    0,
    0,
    0,
    0,
    0,
    0,
    0,
    0,
    0,
    0,
    0,
    0,
    0,
    0,
    0,
    0,
    0,
    0,
    0,
    0,
    0,
    0,
    0,
    0,
    0,
    0,
    0,
    0,
    0,
    0,
    0,
    0,
    0,
    0,
    0,
    0
  ],
  "pouches": [
    0,
    0,
    0,
    0
  ]
}