{
  "bank": [
    {
      "id": 385,
      "amount": 54
    },
    {
      "id": 2436,
      "amount": 7
    },
    {
      "id": 2440,
      "amount": 9
    },
    {
      "id": 2442,
      "amount": 7
    },
    {
      "id": 2444,
      "amount": 10
    },
    {
      "id": 3040,
      "amount": 10
    },
    {
      "id": 2649,
      "amount": 6
    },
    {
      "id": 2639,
      "amount": 4
    },
    {
      "id": 2641,
      "amount": 3
    },
    {
      "id": 217,
      "amount": 20
    },
    {
      "id": 209,
      "amount": 12
    },
    {
      "id": 4012,
      "amount": 1
    },
    {
      "id": 2651,
      "amount": 1
    },
    {
      "id": 13108,
      "amount": 1
    },
    {
      "id": 13104,
      "amount": 1
    },
    {
      "id": 13112,
      "amount": 1
    },
    {
      "id": 11136,
      "amount": 1
    },
    {
      "id": 6603,
      "amount": 1
    },
    {
      "id": 1373,
      "amount": 2
    },
    {
      "id": 403,
      "amount": 1
    },
    {
      "id": 1623,
      "amount": 3
    },
    {
      "id": 1617,
      "amount": 1
    },
    {
      "id": 4117,
      "amount": 1
    },
    {
      "id": 6151,
      "amount": 2
    },
    {
      "id": 11940,
      "amount": 116
    },
    {
      "id": 13117,
      "amount": 1
    },
    {
      "id": 1321,
      "amount": 1
    },
    {
      "id": 1139,
      "amount": 1
    },
    {
      "id": 1173,
      "amount": 1
    },
    {
      "id": 1125,
      "amount": 2
    },
    {
      "id": 145,
      "amount": 3
    },
    {
      "id": 163,
      "amount": 3
    },
    {
      "id": 229,
      "amount": 4
    },
    {
      "id": 3026,
      "amount": 2
    },
    {
      "id": 1201,
      "amount": 2
    },
    {
      "id": 1077,
      "amount": 1
    },
    {
      "id": 1165,
      "amount": 1
    },
    {
      "id": 1307,
      "amount": 2
    },
    {
      "id": 9706,
      "amount": 500
    },
    {
      "id": 9705,
      "amount": 1
    },
    {
      "id": 2635,
      "amount": 6
    },
    {
      "id": 2645,
      "amount": 2
    },
    {
      "id": 1267,
      "amount": 2
    },
    {
      "id": 2366,
      "amount": 2
    },
    {
      "id": 1621,
      "amount": 4
    },
    {
      "id": 10378,
      "amount": 2
    },
    {
      "id": 4740,
      "amount": 267
    },
    {
      "id": 20166,
      "amount": 3
    },
    {
      "id": 2653,
      "amount": 1
    },
    {
      "id": 6145,
      "amount": 1
    },
    {
      "id": 13125,
      "amount": 1
    },
    {
      "id": 211,
      "amount": 18
    },
    {
      "id": 205,
      "amount": 42
    },
    {
      "id": 249,
      "amount": 18
    },
    {
      "id": 7936,
      "amount": 422
    },
    {
      "id": 3024,
      "amount": 2
    },
    {
      "id": 3030,
      "amount": 1
    },
    {
      "id": 985,
      "amount": 2
    },
    {
      "id": 253,
      "amount": 1
    },
    {
      "id": 5341,
      "amount": 1
    },
    {
      "id": 4087,
      "amount": 1
    },
    {
      "id": 225,
      "amount": 1
    },
    {
      "id": 532,
      "amount": 1
    },
    {
      "id": 1079,
      "amount": 3
    },
    {
      "id": 6109,
      "amount": 2
    },
    {
      "id": 13129,
      "amount": 1
    },
    {
      "id": 13121,
      "amount": 1
    },
    {
      "id": 1163,
      "amount": 4
    },
    {
      "id": 562,
      "amount": 78
    },
    {
      "id": 554,
      "amount": 3
    },
    {
      "id": 555,
      "amount": 692
    },
    {
      "id": 557,
      "amount": 646
    },
    {
      "id": 558,
      "amount": 242
    },
    {
      "id": 556,
      "amount": 106
    },
    {
      "id": 561,
      "amount": 3334
    },
    {
      "id": 563,
      "amount": 50
    },
    {
      "id": 560,
      "amount": 417
    },
    {
      "id": 438,
      "amount": 8
    },
    {
      "id": 1249,
      "amount": 1
    },
    {
      "id": 6108,
      "amount": 1
    },
    {
      "id": 6107,
      "amount": 1
    },
    {
      "id": 995,
      "amount": 7333031
    },
    {
      "id": 9142,
      "amount": 987
    },
    {
      "id": 2434,
      "amount": 561
    },
    {
      "id": 1283,
      "amount": 1
    },
    {
      "id": 141,
      "amount": 1
    },
    {
      "id": 4759,
      "amount": 1
    },
    {
      "id": 2550,
      "amount": 3
    },
    {
      "id": 2643,
      "amount": 2
    },
    {
      "id": 1265,
      "amount": 1
    },
    {
      "id": 9185,
      "amount": 1
    },
    {
      "id": 2351,
      "amount": 1
    },
    {
      "id": 1067,
      "amount": 1
    },
    {
      "id": 1137,
      "amount": 1
    },
    {
      "id": 2363,
      "amount": 6
    },
    {
      "id": 6128,
      "amount": 1
    },
    {
      "id": 2497,
      "amount": 1
    },
    {
      "id": 2503,
      "amount": 1
    },
    {
      "id": 10498,
      "amount": 1
    },
    {
      "id": 2491,
      "amount": 1
    },
    {
      "id": 9144,
      "amount": 981
    },
    {
      "id": 13307,
      "amount": 35669
    },
    {
      "id": 2428,
      "amount": 1
    },
    {
      "id": 113,
      "amount": 1
    },
    {
      "id": 2432,
      "amount": 1
    },
    {
      "id": 157,
      "amount": 1
    },
    {
      "id": 3042,
      "amount": 1
    },
    {
      "id": 2448,
      "amount": 1
    },
    {
      "id": 987,
      "amount": 1
    },
    {
      "id": 143,
      "amount": 1
    },
    {
      "id": 892,
      "amount": 42
    },
    {
      "id": 1361,
      "amount": 1
    },
    {
      "id": 2347,
      "amount": 1
    },
    {
      "id": 863,
      "amount": 150
    },
    {
      "id": 1323,
      "amount": 1
    },
    {
      "id": 1279,
      "amount": 1
    },
    {
      "id": 1420,
      "amount": 1
    },
    {
      "id": 1115,
      "amount": 1
    },
    {
      "id": 1191,
      "amount": 1
    },
    {
      "id": 1555,
      "amount": 1
    },
    {
      "id": 361,
      "amount": 44
    },
    {
      "id": 373,
      "amount": 36
    },
    {
      "id": 807,
      "amount": 791
    },
    {
      "id": 371,
      "amount": 55
    },
    {
      "id": 359,
      "amount": 2
    },
    {
      "id": 305,
      "amount": 2
    },
    {
      "id": 353,
      "amount": 4
    },
    {
      "id": 363,
      "amount": 1
    },
    {
      "id": 341,
      "amount": 1
    },
    {
      "id": 311,
      "amount": 1
    },
    {
      "id": 2722,
      "amount": 1
    },
    {
      "id": 1739,
      "amount": 10
    },
    {
      "id": 2132,
      "amount": 10
    },
    {
      "id": 526,
      "amount": 6
    },
    {
      "id": 1349,
      "amount": 1
    },
    {
      "id": 1511,
      "amount": 1
    },
    {
      "id": 590,
      "amount": 1
    },
    {
      "id": 4753,
      "amount": 2
    },
    {
      "id": 391,
      "amount": 488
    },
    {
      "id": 1187,
      "amount": 1
    },
    {
      "id": 6585,
      "amount": 1
    },
    {
      "id": 2671,
      "amount": 1
    },
    {
      "id": 2657,
      "amount": 1
    },
    {
      "id": 1127,
      "amount": 2
    },
    {
      "id": 1540,
      "amount": 1
    },
    {
      "id": 2655,
      "amount": 1
    },
    {
      "id": 2669,
      "amount": 2
    },
    {
      "id": 2663,
      "amount": 1
    },
    {
      "id": 2661,
      "amount": 1
    },
    {
      "id": 1635,
      "amount": 23
    },
    {
      "id": 13137,
      "amount": 1
    },
    {
      "id": 5554,
      "amount": 1
    },
    {
      "id": 6111,
      "amount": 1
    },
    {
      "id": 13133,
      "amount": 1
    },
    {
      "id": 6110,
      "amount": 1
    },
    {
      "id": 4587,
      "amount": 1
    },
    {
      "id": 6106,
      "amount": 1
    },
    {
      "id": 4728,
      "amount": 1
    },
    {
      "id": 1319,
      "amount": 1
    },
    {
      "id": 4726,
      "amount": 2
    },
    {
      "id": 12197,
      "amount": 1
    },
    {
      "id": 12193,
      "amount": 1
    },
    {
      "id": 4131,
      "amount": 1
    },
    null,
    null,
    null,
    null,
    null,
    null,
    null,
    null,
    null,
    null,
    null,
    null,
    null,
    null,
    null,
    null,
    null,
    null,
    null,
    null,
    null,
    null,
    null,
    null,
    null,
    null,
    null,
    null,
    null,
    null,
    null,
    null,
    null,
    null,
    null,
    null,
    null,
    null,
    null,
    null,
    null,
    null,
    null,
    null,
    null,
    null,
    null,
    null,
    null,
    null,
    null,
    null,
    null,
    null,
    null,
    null,
    null,
    null,
    null,
    null,
    null,
    null,
    null,
    null,
    null,
    null,
    null,
    null,
    null,
    null,
    null,
    null,
    null,
    null,
    null,
    null,
    null,
    null,
    null,
    null,
    null,
    null,
    null,
    null,
    null,
    null,
    null,
    null,
    null,
    null,
    null,
    null,
    null,
    null,
    null,
    null,
    null,
    null,
    null,
    null,
    null,
    null,
    null,
    null,
    null,
    null,
    null,
    null,
    null,
    null,
    null,
    null,
    null,
    null,
    null,
    null,
    null,
    null,
    null,
    null,
    null,
    null,
    null,
    null,
    null,
    null,
    null,
    null,
    null,
    null,
    null,
    null,
    null,
    null,
    null,
    null,
    null,
    null,
    null,
    null,
    null,
    null,
    null,
    null,
    null,
    null,
    null,
    null,
    null,
    null,
    null,
    null,
    null,
    null,
    null,
    null,
    null,
    null,
    null,
    null,
    null,
    null,
    null,
    null,
    null,
    null,
    null,
    null,
    null,
    null,
    null,
    null,
    null,
    null,
    null,
    null,
    null,
    null,
    null,
    null,
    null,
    null,
    null,
    null,
    null,
    null,
    null
  ],
  "tabAmounts": [
    163,
    0,
    0,
    0,
    0,
    0,
    0,
    0,
    0,
    0
  ],
  "inventory": [
    {
      "id": 1635,
      "amount": 1
    },
    {
      "id": 1635,
      "amount": 1
    },
    {
      "id": 1635,
      "amount": 1
    },
    {
      "id": 1635,
      "amount": 1
    },
    null,
    null,
    null,
    null,
    null,
    null,
    null,
    null,
    null,
    null,
    null,
    null,
    null,
    null,
    null,
    null,
    null,
    null,
    null,
    null,
    null,
    null,
    null,
    null
  ],
  "equipment": [
    {
      "id": 4745,
      "amount": 1
    },
    null,
    null,
    {
      "id": 12006,
      "amount": 1
    },
    {
      "id": 4720,
      "amount": 1
    },
    {
      "id": 1187,
      "amount": 1
    },
    null,
    null,
    null,
    null,
    null,
    null,
    null,
    null
  ],
  "shopItems": [
    null,
    null,
    null,
    null,
    null,
    null,
    null,
    null,
    null,
    null,
    null,
    null,
    null,
    null,
    null,
    null,
    null,
    null,
    null,
    null,
    null,
    null,
    null,
    null,
    null,
    null,
    null,
    null,
    null,
    null,
    null,
    null,
    null,
    null,
    null,
    null
  ],
  "shopPrices": [
    0,
    0,
    0,
    0,
    0,
    0,
    0,
    0,
    0,
    0,
    0,
    0,
    0,
    0,
    0,
    0,
    0,
    0,
    0,
    0,
    0,
    0,
    0,
    0,
    0,
    0,
    0,
    0,
    0,
    0,
    0,
    0,
    0,
    0,
    0,
    0
  ],
  "pouches": [
    0,
    0,
    0,
    0
  ]
}