{
  "bank": [
    {
      "id": 556,
      "amount": 25
    },
    {
      "id": 558,
      "amount": 40
    },
    {
      "id": 555,
      "amount": 13
    },
    {
      "id": 1931,
      "amount": 1
    },
    {
      "id": 1925,
      "amount": 1
    },
    {
      "id": 3162,
      "amount": 5
    },
    {
      "id": 1265,
      "amount": 3
    },
    {
      "id": 559,
      "amount": 2
    },
    {
      "id": 557,
      "amount": 4
    },
    {
      "id": 2132,
      "amount": 5
    },
    {
      "id": 841,
      "amount": 1
    },
    {
      "id": 1557,
      "amount": 1
    },
    {
      "id": 303,
      "amount": 1
    },
    {
      "id": 317,
      "amount": 1
    },
    {
      "id": 438,
      "amount": 14
    },
    {
      "id": 436,
      "amount": 14
    },
    {
      "id": 440,
      "amount": 24
    },
    {
      "id": 2349,
      "amount": 13
    },
    {
      "id": 391,
      "amount": 41
    },
    {
      "id": 9185,
      "amount": 1
    },
    {
      "id": 1277,
      "amount": 1
    },
    {
      "id": 1511,
      "amount": 1
    },
    {
      "id": 590,
      "amount": 1
    },
    {
      "id": 1351,
      "amount": 1
    },
    {
      "id": 1171,
      "amount": 1
    },
    {
      "id": 1359,
      "amount": 1
    },
    {
      "id": 2347,
      "amount": 2
    },
    {
      "id": 1205,
      "amount": 1
    },
    {
      "id": 995,
      "amount": 174095
    },
    {
      "id": 12810,
      "amount": 1
    },
    {
      "id": 12811,
      "amount": 1
    },
    {
      "id": 12812,
      "amount": 1
    },
    {
      "id": 946,
      "amount": 1
    },
    {
      "id": 403,
      "amount": 2
    },
    {
      "id": 1267,
      "amount": 1
    },
    {
      "id": 7936,
      "amount": 5
    },
    {
      "id": 563,
      "amount": 45
    },
    {
      "id": 985,
      "amount": 1
    },
    {
      "id": 562,
      "amount": 2
    },
    {
      "id": 532,
      "amount": 1
    },
    {
      "id": 2366,
      "amount": 1
    },
    {
      "id": 1275,
      "amount": 1
    },
    {
      "id": 315,
      "amount": 15
    },
    {
      "id": 4151,
      "amount": 1
    },
    {
      "id": 13307,
      "amount": 2114
    },
    {
      "id": 1759,
      "amount": 3
    },
    {
      "id": 2355,
      "amount": 1
    },
    {
      "id": 8778,
      "amount": 4
    },
    {
      "id": 13326,
      "amount": 1
    },
    {
      "id": 1734,
      "amount": 1
    },
    {
      "id": 1607,
      "amount": 2
    },
    {
      "id": 1761,
      "amount": 2
    },
    {
      "id": 11260,
      "amount": 22
    },
    {
      "id": 855,
      "amount": 1
    },
    {
      "id": 231,
      "amount": 2
    },
    {
      "id": 7170,
      "amount": 2
    },
    {
      "id": 11240,
      "amount": 46
    },
    {
      "id": 11242,
      "amount": 29
    },
    {
      "id": 11238,
      "amount": 12
    },
    {
      "id": 379,
      "amount": 1
    },
    {
      "id": 1743,
      "amount": 2
    },
    {
      "id": 2359,
      "amount": 3
    },
    {
      "id": 1901,
      "amount": 1
    },
    {
      "id": 1985,
      "amount": 1
    },
    {
      "id": 7178,
      "amount": 1
    },
    {
      "id": 2011,
      "amount": 1
    },
    {
      "id": 2293,
      "amount": 1
    },
    {
      "id": 2327,
      "amount": 1
    },
    {
      "id": 1442,
      "amount": 2
    },
    {
      "id": 1755,
      "amount": 1
    },
    {
      "id": 1523,
      "amount": 1
    },
    {
      "id": 11244,
      "amount": 53
    },
    {
      "id": 11246,
      "amount": 30
    },
    {
      "id": 566,
      "amount": 11
    },
    {
      "id": 2357,
      "amount": 5
    },
    {
      "id": 1273,
      "amount": 1
    },
    {
      "id": 1448,
      "amount": 2
    },
    {
      "id": 6032,
      "amount": 6
    },
    {
      "id": 1440,
      "amount": 1
    },
    {
      "id": 1733,
      "amount": 1
    },
    {
      "id": 453,
      "amount": 1
    },
    {
      "id": 11248,
      "amount": 16
    },
    {
      "id": 11250,
      "amount": 29
    },
    {
      "id": 11252,
      "amount": 3
    },
    {
      "id": 10010,
      "amount": 1
    },
    null,
    null,
    null,
    null,
    null,
    null,
    null,
    null,
    null,
    null,
    null,
    null,
    null,
    null,
    null,
    null,
    null,
    null,
    null,
    null,
    null,
    null,
    null,
    null,
    null,
    null,
    null,
    null,
    null,
    null,
    null,
    null,
    null,
    null,
    null,
    null,
    null,
    null,
    null,
    null,
    null,
    null,
    null,
    null,
    null,
    null,
    null,
    null,
    null,
    null,
    null,
    null,
    null,
    null,
    null,
    null,
    null,
    null,
    null,
    null,
    null,
    null,
    null,
    null,
    null,
    null,
    null,
    null,
    null,
    null,
    null,
    null,
    null,
    null,
    null,
    null,
    null,
    null,
    null,
    null,
    null,
    null,
    null,
    null,
    null,
    null,
    null,
    null,
    null,
    null,
    null,
    null,
    null,
    null,
    null,
    null,
    null,
    null,
    null,
    null,
    null,
    null,
    null,
    null,
    null,
    null,
    null,
    null,
    null,
    null,
    null,
    null,
    null,
    null,
    null,
    null,
    null,
    null,
    null,
    null,
    null,
    null,
    null,
    null,
    null,
    null,
    null,
    null,
    null,
    null,
    null,
    null,
    null,
    null,
    null,
    null,
    null,
    null,
    null,
    null,
    null,
    null,
    null,
    null,
    null,
    null,
    null,
    null,
    null,
    null,
    null,
    null,
    null,
    null,
    null,
    null,
    null,
    null,
    null,
    null,
    null,
    null,
    null,
    null,
    null,
    null,
    null,
    null,
    null,
    null,
    null,
    null,
    null,
    null,
    null,
    null,
    null,
    null,
    null,
    null,
    null,
    null,
    null,
    null,
    null,
    null,
    null,
    null,
    null,
    null,
    null,
    null,
    null,
    null,
    null,
    null,
    null,
    null,
    null,
    null,
    null,
    null,
    null,
    null,
    null,
    null,
    null,
    null,
    null,
    null,
    null,
    null,
    null,
    null,
    null,
    null,
    null,
    null,
    null,
    null,
    null,
    null,
    null,
    null,
    null,
    null,
    null,
    null,
    null,
    null,
    null,
    null,
    null,
    null,
    null,
    null,
    null,
    null,
    null,
    null,
    null,
    null,
    null,
    null,
    null,
    null,
    null,
    null,
    null,
    null,
    null,
    null,
    null,
    null,
    null,
    null,
    null,
    null,
    null,
    null,
    null,
    null,
    null,
    null,
    null
  ],
  "tabAmounts": [
    85,
    0,
    0,
    0,
    0,
    0,
    0,
    0,
    0,
    0
  ],
  "inventory": [
    {
      "id": 11238,
      "amount": 1
    },
    null,
    null,
    null,
    null,
    null,
    null,
    null,
    null,
    null,
    null,
    null,
    null,
    null,
    null,
    null,
    null,
    null,
    null,
    null,
    null,
    null,
    null,
    null,
    null,
    null,
    null,
    null
  ],
  "equipment": [
    {
      "id": 9672,
      "amount": 1
    },
    null,
    null,
    {
      "id": 11259,
      "amount": 1
    },
    {
      "id": 9674,
      "amount": 1
    },
    {
      "id": 1185,
      "amount": 1
    },
    null,
    {
      "id": 9676,
      "amount": 1
    },
    null,
    null,
    null,
    null,
    null,
    {
      "id": 882,
      "amount": 25
    }
  ],
  "lootingBag": [],
  "shopItems": [
    null,
    null,
    null,
    null,
    null,
    null,
    null,
    null,
    null,
    null,
    null,
    null,
    null,
    null,
    null,
    null,
    null,
    null,
    null,
    null,
    null,
    null,
    null,
    null,
    null,
    null,
    null,
    null,
    null,
    null,
    null,
    null,
    null,
    null,
    null,
    null
  ],
  "shopPrices": [
    0,
    0,
    0,
    0,
    0,
    0,
    0,
    0,
    0,
    0,
    0,
    0,
    0,
    0,
    0,
    0,
    0,
    0,
    0,
    0,
    0,
    0,
    0,
    0,
    0,
    0,
    0,
    0,
    0,
    0,
    0,
    0,
    0,
    0,
    0,
    0
  ],
  "pouches": [
    0,
    0,
    0,
    0
  ]
}