{
  "bank": [
    {
      "id": 995,
      "amount": 12543261
    },
    {
      "id": 215,
      "amount": 162
    },
    {
      "id": 3753,
      "amount": 5
    },
    {
      "id": 9185,
      "amount": 25
    },
    {
      "id": 4131,
      "amount": 24
    },
    {
      "id": 20166,
      "amount": 26
    },
    {
      "id": 10378,
      "amount": 2
    },
    {
      "id": 1201,
      "amount": 20
    },
    {
      "id": 20134,
      "amount": 5
    },
    {
      "id": 211,
      "amount": 234
    },
    {
      "id": 2645,
      "amount": 29
    },
    {
      "id": 4012,
      "amount": 22
    },
    {
      "id": 1163,
      "amount": 35
    },
    {
      "id": 12490,
      "amount": 2
    },
    {
      "id": 371,
      "amount": 961
    },
    {
      "id": 2649,
      "amount": 21
    },
    {
      "id": 1127,
      "amount": 20
    },
    {
      "id": 385,
      "amount": 20
    },
    {
      "id": 12193,
      "amount": 3
    },
    {
      "id": 12510,
      "amount": 1
    },
    {
      "id": 10388,
      "amount": 4
    },
    {
      "id": 1619,
      "amount": 120
    },
    {
      "id": 4585,
      "amount": 4
    },
    {
      "id": 1113,
      "amount": 18
    },
    {
      "id": 391,
      "amount": 396
    },
    {
      "id": 10372,
      "amount": 3
    },
    {
      "id": 1079,
      "amount": 18
    },
    {
      "id": 10376,
      "amount": 5
    },
    {
      "id": 1025,
      "amount": 24
    },
    {
      "id": 199,
      "amount": 264
    },
    {
      "id": 2643,
      "amount": 20
    },
    {
      "id": 2639,
      "amount": 26
    },
    {
      "id": 1093,
      "amount": 19
    },
    {
      "id": 12502,
      "amount": 3
    },
    {
      "id": 205,
      "amount": 80
    },
    {
      "id": 209,
      "amount": 162
    },
    {
      "id": 451,
      "amount": 150
    },
    {
      "id": 10450,
      "amount": 4
    },
    {
      "id": 2550,
      "amount": 21
    },
    {
      "id": 2363,
      "amount": 42
    },
    {
      "id": 20161,
      "amount": 3
    },
    {
      "id": 1621,
      "amount": 120
    },
    {
      "id": 12506,
      "amount": 4
    },
    {
      "id": 1623,
      "amount": 16
    },
    {
      "id": 2641,
      "amount": 17
    },
    {
      "id": 1187,
      "amount": 2
    },
    {
      "id": 13130,
      "amount": 4
    },
    {
      "id": 2657,
      "amount": 3
    },
    {
      "id": 12610,
      "amount": 3
    },
    {
      "id": 10374,
      "amount": 3
    },
    {
      "id": 1617,
      "amount": 187
    },
    {
      "id": 10384,
      "amount": 4
    },
    {
      "id": 12508,
      "amount": 1
    },
    {
      "id": 12492,
      "amount": 4
    },
    {
      "id": 2651,
      "amount": 15
    },
    {
      "id": 10382,
      "amount": 6
    },
    {
      "id": 1434,
      "amount": 5
    },
    {
      "id": 12496,
      "amount": 1
    },
    {
      "id": 12199,
      "amount": 2
    },
    {
      "id": 12500,
      "amount": 5
    },
    {
      "id": 2635,
      "amount": 16
    },
    {
      "id": 20131,
      "amount": 3
    },
    {
      "id": 20128,
      "amount": 2
    },
    {
      "id": 12086,
      "amount": 1
    },
    {
      "id": 13113,
      "amount": 3
    },
    {
      "id": 10386,
      "amount": 4
    },
    {
      "id": 13117,
      "amount": 1
    },
    {
      "id": 1319,
      "amount": 2
    },
    {
      "id": 536,
      "amount": 48
    },
    {
      "id": 10828,
      "amount": 3
    },
    {
      "id": 2663,
      "amount": 4
    },
    {
      "id": 1305,
      "amount": 2
    },
    {
      "id": 4587,
      "amount": 1
    },
    {
      "id": 12197,
      "amount": 5
    },
    {
      "id": 2673,
      "amount": 3
    },
    {
      "id": 2671,
      "amount": 3
    },
    {
      "id": 2669,
      "amount": 4
    },
    {
      "id": 10380,
      "amount": 6
    },
    {
      "id": 12203,
      "amount": 2
    },
    {
      "id": 1333,
      "amount": 5
    },
    {
      "id": 10390,
      "amount": 2
    },
    {
      "id": 12195,
      "amount": 1
    },
    {
      "id": 1377,
      "amount": 2
    },
    {
      "id": 13105,
      "amount": 6
    },
    {
      "id": 4675,
      "amount": 2
    },
    {
      "id": 1249,
      "amount": 1
    },
    {
      "id": 10368,
      "amount": 5
    },
    {
      "id": 12504,
      "amount": 5
    },
    {
      "id": 12512,
      "amount": 4
    },
    {
      "id": 2661,
      "amount": 1
    },
    {
      "id": 10370,
      "amount": 3
    },
    {
      "id": 12494,
      "amount": 3
    },
    {
      "id": 12056,
      "amount": 1
    },
    {
      "id": 12612,
      "amount": 1
    },
    {
      "id": 3749,
      "amount": 2
    },
    {
      "id": 11934,
      "amount": 72
    },
    {
      "id": 10444,
      "amount": 1
    },
    {
      "id": 4151,
      "amount": 1
    },
    {
      "id": 2653,
      "amount": 1
    },
    {
      "id": 2665,
      "amount": 1
    },
    {
      "id": 6527,
      "amount": 1
    },
    {
      "id": 7158,
      "amount": 1
    },
    {
      "id": 6528,
      "amount": 2
    },
    {
      "id": 1149,
      "amount": 1
    },
    {
      "id": 12829,
      "amount": 1
    },
    {
      "id": 12498,
      "amount": 2
    },
    {
      "id": 12608,
      "amount": 1
    },
    {
      "id": 20137,
      "amount": 2
    },
    {
      "id": 11943,
      "amount": 7
    },
    {
      "id": 2655,
      "amount": 1
    },
    {
      "id": 1631,
      "amount": 1
    },
    {
      "id": 20000,
      "amount": 1
    },
    {
      "id": 4740,
      "amount": 4301
    },
    {
      "id": 4751,
      "amount": 1
    },
    {
      "id": 4757,
      "amount": 2
    },
    {
      "id": 4759,
      "amount": 4
    },
    {
      "id": 4745,
      "amount": 2
    },
    {
      "id": 4712,
      "amount": 1
    },
    {
      "id": 12526,
      "amount": 1
    },
    {
      "id": 4718,
      "amount": 1
    },
    {
      "id": 4722,
      "amount": 1
    },
    {
      "id": 4755,
      "amount": 3
    },
    {
      "id": 4730,
      "amount": 2
    },
    {
      "id": 4714,
      "amount": 1
    },
    {
      "id": 4728,
      "amount": 1
    },
    {
      "id": 4720,
      "amount": 3
    },
    {
      "id": 4753,
      "amount": 1
    },
    null,
    null,
    null,
    null,
    null,
    null,
    null,
    null,
    null,
    null,
    null,
    null,
    null,
    null,
    null,
    null,
    null,
    null,
    null,
    null,
    null,
    null,
    null,
    null,
    null,
    null,
    null,
    null,
    null,
    null,
    null,
    null,
    null,
    null,
    null,
    null,
    null,
    null,
    null,
    null,
    null,
    null,
    null,
    null,
    null,
    null,
    null,
    null,
    null,
    null,
    null,
    null,
    null,
    null,
    null,
    null,
    null,
    null,
    null,
    null,
    null,
    null,
    null,
    null,
    null,
    null,
    null,
    null,
    null,
    null,
    null,
    null,
    null,
    null,
    null,
    null,
    null,
    null,
    null,
    null,
    null,
    null,
    null,
    null,
    null,
    null,
    null,
    null,
    null,
    null,
    null,
    null,
    null,
    null,
    null,
    null,
    null,
    null,
    null,
    null,
    null,
    null,
    null,
    null,
    null,
    null,
    null,
    null,
    null,
    null,
    null,
    null,
    null,
    null,
    null,
    null,
    null,
    null,
    null,
    null,
    null,
    null,
    null,
    null,
    null,
    null,
    null,
    null,
    null,
    null,
    null,
    null,
    null,
    null,
    null,
    null,
    null,
    null,
    null,
    null,
    null,
    null,
    null,
    null,
    null,
    null,
    null,
    null,
    null,
    null,
    null,
    null,
    null,
    null,
    null,
    null,
    null,
    null,
    null,
    null,
    null,
    null,
    null,
    null,
    null,
    null,
    null,
    null,
    null,
    null,
    null,
    null,
    null,
    null,
    null,
    null,
    null,
    null,
    null,
    null,
    null,
    null,
    null,
    null,
    null,
    null,
    null,
    null,
    null,
    null,
    null,
    null,
    null,
    null,
    null,
    null,
    null,
    null,
    null,
    null,
    null,
    null,
    null,
    null,
    null,
    null,
    null,
    null,
    null,
    null,
    null,
    null,
    null,
    null,
    null,
    null,
    null,
    null,
    null,
    null,
    null,
    null,
    null
  ],
  "tabAmounts": [
    127,
    1,
    0,
    0,
    0,
    0,
    0,
    0,
    0,
    0
  ],
  "inventory": [
    null,
    null,
    null,
    null,
    null,
    null,
    null,
    null,
    null,
    null,
    null,
    null,
    null,
    null,
    null,
    null,
    null,
    null,
    null,
    null,
    null,
    null,
    null,
    null,
    null,
    null,
    null,
    null
  ],
  "equipment": [
    null,
    null,
    null,
    null,
    null,
    null,
    null,
    null,
    null,
    null,
    null,
    null,
    null,
    null
  ],
  "shopItems": [
    null,
    null,
    null,
    null,
    null,
    null,
    null,
    null,
    null,
    null,
    null,
    null,
    null,
    null,
    null,
    null,
    null,
    null,
    null,
    null,
    null,
    null,
    null,
    null,
    null,
    null,
    null,
    null,
    null,
    null,
    null,
    null,
    null,
    null,
    null,
    null
  ],
  "shopPrices": [
    0,
    0,
    0,
    0,
    0,
    0,
    0,
    0,
    0,
    0,
    0,
    0,
    0,
    0,
    0,
    0,
    0,
    0,
    0,
    0,
    0,
    0,
    0,
    0,
    0,
    0,
    0,
    0,
    0,
    0,
    0,
    0,
    0,
    0,
    0,
    0
  ],
  "pouches": [
    0,
    0,
    0,
    0
  ]
}