{
  "bank": [
    {
      "id": 3024,
      "amount": 536
    },
    {
      "id": 2440,
      "amount": 290
    },
    {
      "id": 2436,
      "amount": 292
    },
    {
      "id": 2452,
      "amount": 991
    },
    {
      "id": 391,
      "amount": 2285
    },
    {
      "id": 1621,
      "amount": 397
    },
    {
      "id": 1619,
      "amount": 271
    },
    {
      "id": 1617,
      "amount": 31
    },
    {
      "id": 6571,
      "amount": 1
    },
    {
      "id": 2363,
      "amount": 129
    },
    {
      "id": 9185,
      "amount": 2
    },
    {
      "id": 1605,
      "amount": 108
    },
    {
      "id": 1603,
      "amount": 81
    },
    {
      "id": 1601,
      "amount": 595
    },
    {
      "id": 2442,
      "amount": 10
    },
    {
      "id": 20002,
      "amount": 1
    },
    {
      "id": 3040,
      "amount": 10
    },
    {
      "id": 11936,
      "amount": 27
    },
    {
      "id": 565,
      "amount": 2799
    },
    {
      "id": 561,
      "amount": 13997
    },
    {
      "id": 12026,
      "amount": 1
    },
    {
      "id": 211,
      "amount": 387
    },
    {
      "id": 209,
      "amount": 209
    },
    {
      "id": 1645,
      "amount": 1
    },
    {
      "id": 12938,
      "amount": 2014
    },
    {
      "id": 2347,
      "amount": 1
    },
    {
      "id": 227,
      "amount": 486
    },
    {
      "id": 221,
      "amount": 5
    },
    {
      "id": 121,
      "amount": 14
    },
    {
      "id": 1059,
      "amount": 10
    },
    {
      "id": 1167,
      "amount": 2
    },
    {
      "id": 1061,
      "amount": 5
    },
    {
      "id": 1063,
      "amount": 11
    },
    {
      "id": 1095,
      "amount": 23
    },
    {
      "id": 1733,
      "amount": 100
    },
    {
      "id": 1734,
      "amount": 444
    },
    {
      "id": 13307,
      "amount": 78566
    },
    {
      "id": 385,
      "amount": 1499
    },
    {
      "id": 451,
      "amount": 198
    },
    {
      "id": 249,
      "amount": 265
    },
    {
      "id": 1741,
      "amount": 44
    },
    {
      "id": 199,
      "amount": 300
    },
    {
      "id": 2434,
      "amount": 266
    },
    {
      "id": 215,
      "amount": 277
    },
    {
      "id": 255,
      "amount": 156
    },
    {
      "id": 1755,
      "amount": 1
    },
    {
      "id": 1129,
      "amount": 5
    },
    {
      "id": 10499,
      "amount": 10
    },
    {
      "id": 6107,
      "amount": 4
    },
    {
      "id": 2503,
      "amount": 10
    },
    {
      "id": 2491,
      "amount": 10
    },
    {
      "id": 2497,
      "amount": 10
    },
    {
      "id": 11840,
      "amount": 1
    },
    {
      "id": 6685,
      "amount": 300
    },
    {
      "id": 7060,
      "amount": 404
    },
    {
      "id": 2448,
      "amount": 500
    },
    {
      "id": 9075,
      "amount": 515
    },
    {
      "id": 9244,
      "amount": 7500
    },
    {
      "id": 9242,
      "amount": 7500
    },
    {
      "id": 4587,
      "amount": 3
    },
    {
      "id": 2444,
      "amount": 300
    },
    {
      "id": 3028,
      "amount": 9
    },
    {
      "id": 229,
      "amount": 6
    },
    {
      "id": 173,
      "amount": 2
    },
    {
      "id": 554,
      "amount": 275
    },
    {
      "id": 555,
      "amount": 278
    },
    {
      "id": 556,
      "amount": 3042
    },
    {
      "id": 557,
      "amount": 232
    },
    {
      "id": 558,
      "amount": 313
    },
    {
      "id": 563,
      "amount": 450
    },
    {
      "id": 562,
      "amount": 67
    },
    {
      "id": 560,
      "amount": 4134
    },
    {
      "id": 371,
      "amount": 1255
    },
    {
      "id": 1387,
      "amount": 1
    },
    {
      "id": 13104,
      "amount": 1
    },
    {
      "id": 20137,
      "amount": 2
    },
    {
      "id": 12934,
      "amount": 752
    },
    {
      "id": 171,
      "amount": 3
    },
    {
      "id": 3026,
      "amount": 7
    },
    {
      "id": 4740,
      "amount": 6052
    },
    {
      "id": 163,
      "amount": 1
    },
    {
      "id": 6016,
      "amount": 10
    },
    {
      "id": 1704,
      "amount": 1
    },
    {
      "id": 2550,
      "amount": 1
    },
    {
      "id": 12783,
      "amount": 1
    },
    {
      "id": 2366,
      "amount": 1
    },
    {
      "id": 6603,
      "amount": 1
    },
    {
      "id": 6527,
      "amount": 2
    },
    {
      "id": 2651,
      "amount": 1
    },
    {
      "id": 205,
      "amount": 4
    },
    {
      "id": 12512,
      "amount": 1
    },
    {
      "id": 3749,
      "amount": 1
    },
    {
      "id": 20143,
      "amount": 1
    },
    {
      "id": 4745,
      "amount": 1
    },
    {
      "id": 2454,
      "amount": 2
    },
    {
      "id": 161,
      "amount": 5
    },
    {
      "id": 147,
      "amount": 1
    },
    {
      "id": 159,
      "amount": 1
    },
    {
      "id": 952,
      "amount": 1
    },
    {
      "id": 4980,
      "amount": 1
    },
    {
      "id": 559,
      "amount": 75
    },
    {
      "id": 4926,
      "amount": 1
    },
    {
      "id": 145,
      "amount": 5
    },
    {
      "id": 157,
      "amount": 6
    },
    {
      "id": 4944,
      "amount": 1
    },
    {
      "id": 995,
      "amount": 8695067
    },
    {
      "id": 1397,
      "amount": 1
    },
    {
      "id": 20000,
      "amount": 1
    },
    {
      "id": 3030,
      "amount": 3
    },
    {
      "id": 149,
      "amount": 3
    },
    {
      "id": 4956,
      "amount": 1
    },
    {
      "id": 6529,
      "amount": 16064
    },
    {
      "id": 2297,
      "amount": 8
    },
    {
      "id": 245,
      "amount": 10
    },
    {
      "id": 2456,
      "amount": 2
    },
    {
      "id": 11118,
      "amount": 1
    },
    {
      "id": 4708,
      "amount": 2
    },
    {
      "id": 4716,
      "amount": 2
    },
    {
      "id": 4724,
      "amount": 1
    },
    {
      "id": 4753,
      "amount": 6
    },
    {
      "id": 4728,
      "amount": 1
    },
    {
      "id": 4712,
      "amount": 1
    },
    {
      "id": 4736,
      "amount": 5
    },
    {
      "id": 4720,
      "amount": 3
    },
    {
      "id": 4734,
      "amount": 4
    },
    {
      "id": 4757,
      "amount": 2
    },
    {
      "id": 4722,
      "amount": 2
    },
    {
      "id": 4710,
      "amount": 3
    },
    {
      "id": 4718,
      "amount": 2
    },
    {
      "id": 4755,
      "amount": 2
    },
    {
      "id": 4726,
      "amount": 1
    },
    {
      "id": 4759,
      "amount": 2
    },
    {
      "id": 4732,
      "amount": 1
    },
    {
      "id": 20128,
      "amount": 1
    },
    {
      "id": 20131,
      "amount": 1
    },
    {
      "id": 20134,
      "amount": 1
    },
    {
      "id": 20140,
      "amount": 1
    },
    {
      "id": 7936,
      "amount": 600
    },
    {
      "id": 1883,
      "amount": 2
    },
    {
      "id": 139,
      "amount": 2
    },
    {
      "id": 985,
      "amount": 1
    },
    {
      "id": 989,
      "amount": 1
    },
    {
      "id": 453,
      "amount": 80
    },
    {
      "id": 2723,
      "amount": 1
    },
    {
      "id": 1517,
      "amount": 7
    },
    {
      "id": 13227,
      "amount": 1
    },
    {
      "id": 4738,
      "amount": 1
    },
    {
      "id": 13263,
      "amount": 1
    },
    {
      "id": 19550,
      "amount": 1
    },
    {
      "id": 20161,
      "amount": 1
    },
    {
      "id": 2577,
      "amount": 1
    },
    {
      "id": 11889,
      "amount": 1
    },
    {
      "id": 12006,
      "amount": 1
    },
    {
      "id": 12436,
      "amount": 1
    },
    {
      "id": 13576,
      "amount": 1
    },
    {
      "id": 13125,
      "amount": 1
    },
    {
      "id": 12809,
      "amount": 1
    },
    {
      "id": 11849,
      "amount": 13
    },
    {
      "id": 21003,
      "amount": 1
    },
    {
      "id": 5002,
      "amount": 1
    },
    null,
    null,
    null,
    null,
    null,
    null,
    null,
    null,
    null,
    null,
    null,
    null,
    null,
    null,
    null,
    null,
    null,
    null,
    null,
    null,
    null,
    null,
    null,
    null,
    null,
    null,
    null,
    null,
    null,
    null,
    null,
    null,
    null,
    null,
    null,
    null,
    null,
    null,
    null,
    null,
    null,
    null,
    null,
    null,
    null,
    null,
    null,
    null,
    null,
    null,
    null,
    null,
    null,
    null,
    null,
    null,
    null,
    null,
    null,
    null,
    null,
    null,
    null,
    null,
    null,
    null,
    null,
    null,
    null,
    null,
    null,
    null,
    null,
    null,
    null,
    null,
    null,
    null,
    null,
    null,
    null,
    null,
    null,
    null,
    null,
    null,
    null,
    null,
    null,
    null,
    null,
    null,
    null,
    null,
    null,
    null,
    null,
    null,
    null,
    null,
    null,
    null,
    null,
    null,
    null,
    null,
    null,
    null,
    null,
    null,
    null,
    null,
    null,
    null,
    null,
    null,
    null,
    null,
    null,
    null,
    null,
    null,
    null,
    null,
    null,
    null,
    null,
    null,
    null,
    null,
    null,
    null,
    null,
    null,
    null,
    null,
    null,
    null,
    null,
    null,
    null,
    null,
    null,
    null,
    null,
    null,
    null,
    null,
    null,
    null,
    null,
    null,
    null,
    null,
    null,
    null,
    null,
    null,
    null,
    null,
    null,
    null,
    null,
    null,
    null,
    null,
    null,
    null,
    null,
    null,
    null,
    null,
    null,
    null,
    null,
    null,
    null,
    null,
    null,
    null,
    null,
    null,
    null,
    null,
    null,
    null,
    null,
    null,
    null,
    null
  ],
  "tabAmounts": [
    160,
    0,
    0,
    0,
    0,
    0,
    0,
    0,
    0,
    0
  ],
  "inventory": [
    {
      "id": 13307,
      "amount": 509
    },
    {
      "id": 2454,
      "amount": 1
    },
    {
      "id": 2452,
      "amount": 1
    },
    {
      "id": 3024,
      "amount": 1
    },
    {
      "id": 995,
      "amount": 3000
    },
    null,
    null,
    {
      "id": 3024,
      "amount": 1
    },
    {
      "id": 4155,
      "amount": 1
    },
    null,
    {
      "id": 11936,
      "amount": 1
    },
    {
      "id": 3024,
      "amount": 1
    },
    {
      "id": 11936,
      "amount": 1
    },
    {
      "id": 11936,
      "amount": 1
    },
    {
      "id": 147,
      "amount": 1
    },
    {
      "id": 3026,
      "amount": 1
    },
    {
      "id": 11936,
      "amount": 1
    },
    {
      "id": 11936,
      "amount": 1
    },
    {
      "id": 11936,
      "amount": 1
    },
    {
      "id": 11936,
      "amount": 1
    },
    {
      "id": 11936,
      "amount": 1
    },
    {
      "id": 11936,
      "amount": 1
    },
    {
      "id": 11936,
      "amount": 1
    },
    {
      "id": 159,
      "amount": 1
    },
    {
      "id": 11936,
      "amount": 1
    },
    {
      "id": 11936,
      "amount": 1
    },
    {
      "id": 391,
      "amount": 1
    },
    {
      "id": 391,
      "amount": 1
    }
  ],
  "equipment": [
    {
      "id": 10828,
      "amount": 1
    },
    {
      "id": 6570,
      "amount": 1
    },
    {
      "id": 20366,
      "amount": 1
    },
    {
      "id": 13271,
      "amount": 1
    },
    {
      "id": 5000,
      "amount": 1
    },
    {
      "id": 1540,
      "amount": 1
    },
    null,
    {
      "id": 5001,
      "amount": 1
    },
    null,
    {
      "id": 7462,
      "amount": 1
    },
    {
      "id": 11840,
      "amount": 1
    },
    null,
    {
      "id": 12785,
      "amount": 1
    },
    null
  ],
  "shopItems": [
    null,
    null,
    null,
    null,
    null,
    null,
    null,
    null,
    null,
    null,
    null,
    null,
    null,
    null,
    null,
    null,
    null,
    null,
    null,
    null,
    null,
    null,
    null,
    null,
    null,
    null,
    null,
    null,
    null,
    null,
    null,
    null,
    null,
    null,
    null,
    null
  ],
  "shopPrices": [
    0,
    0,
    0,
    0,
    0,
    0,
    0,
    0,
    0,
    0,
    0,
    0,
    0,
    0,
    0,
    0,
    0,
    0,
    0,
    0,
    0,
    0,
    0,
    0,
    0,
    0,
    0,
    0,
    0,
    0,
    0,
    0,
    0,
    0,
    0,
    0
  ],
  "pouches": [
    0,
    0,
    0,
    0
  ]
}