{
  "bank": [
    {
      "id": 13112,
      "amount": 1
    },
    {
      "id": 13137,
      "amount": 1
    },
    {
      "id": 385,
      "amount": 58
    },
    {
      "id": 2436,
      "amount": 14
    },
    {
      "id": 2440,
      "amount": 10
    },
    {
      "id": 2442,
      "amount": 9
    },
    {
      "id": 2444,
      "amount": 9
    },
    {
      "id": 3040,
      "amount": 10
    },
    {
      "id": 3024,
      "amount": 5
    },
    {
      "id": 6603,
      "amount": 1
    },
    {
      "id": 1561,
      "amount": 1
    },
    {
      "id": 13133,
      "amount": 1
    },
    {
      "id": 13104,
      "amount": 1
    },
    {
      "id": 13108,
      "amount": 1
    },
    {
      "id": 13125,
      "amount": 1
    },
    {
      "id": 10380,
      "amount": 1
    },
    {
      "id": 1323,
      "amount": 1
    },
    {
      "id": 1153,
      "amount": 1
    },
    {
      "id": 1191,
      "amount": 1
    },
    {
      "id": 1115,
      "amount": 1
    },
    {
      "id": 1067,
      "amount": 1
    },
    {
      "id": 11941,
      "amount": 1
    },
    {
      "id": 407,
      "amount": 1
    },
    {
      "id": 1123,
      "amount": 1
    },
    {
      "id": 1199,
      "amount": 1
    },
    {
      "id": 1073,
      "amount": 1
    },
    {
      "id": 1161,
      "amount": 1
    },
    {
      "id": 1623,
      "amount": 20
    },
    {
      "id": 1113,
      "amount": 1
    },
    {
      "id": 1333,
      "amount": 1
    },
    {
      "id": 1079,
      "amount": 1
    },
    {
      "id": 1201,
      "amount": 1
    },
    {
      "id": 1147,
      "amount": 1
    },
    {
      "id": 1149,
      "amount": 2
    },
    {
      "id": 1093,
      "amount": 1
    },
    {
      "id": 2673,
      "amount": 1
    },
    {
      "id": 1319,
      "amount": 1
    },
    {
      "id": 2645,
      "amount": 2
    },
    {
      "id": 1617,
      "amount": 16
    },
    {
      "id": 451,
      "amount": 1
    },
    {
      "id": 13307,
      "amount": 17107
    },
    {
      "id": 2452,
      "amount": 2
    },
    {
      "id": 1349,
      "amount": 1
    },
    {
      "id": 2456,
      "amount": 3
    },
    {
      "id": 590,
      "amount": 1
    },
    {
      "id": 4155,
      "amount": 1
    },
    {
      "id": 1305,
      "amount": 1
    },
    {
      "id": 1387,
      "amount": 1
    },
    {
      "id": 307,
      "amount": 1
    },
    {
      "id": 2649,
      "amount": 1
    },
    {
      "id": 209,
      "amount": 4
    },
    {
      "id": 987,
      "amount": 8
    },
    {
      "id": 2639,
      "amount": 1
    },
    {
      "id": 211,
      "amount": 1
    },
    {
      "id": 1462,
      "amount": 1
    },
    {
      "id": 4740,
      "amount": 358
    },
    {
      "id": 6527,
      "amount": 1
    },
    {
      "id": 6106,
      "amount": 1
    },
    {
      "id": 6109,
      "amount": 1
    },
    {
      "id": 6107,
      "amount": 1
    },
    {
      "id": 6108,
      "amount": 1
    },
    {
      "id": 6110,
      "amount": 1
    },
    {
      "id": 6111,
      "amount": 1
    },
    {
      "id": 4103,
      "amount": 1
    },
    {
      "id": 556,
      "amount": 430
    },
    {
      "id": 560,
      "amount": 475
    },
    {
      "id": 565,
      "amount": 518
    },
    {
      "id": 562,
      "amount": 561
    },
    {
      "id": 561,
      "amount": 30
    },
    {
      "id": 558,
      "amount": 739
    },
    {
      "id": 554,
      "amount": 81
    },
    {
      "id": 555,
      "amount": 975
    },
    {
      "id": 4107,
      "amount": 1
    },
    {
      "id": 10372,
      "amount": 1
    },
    {
      "id": 4101,
      "amount": 1
    },
    {
      "id": 2417,
      "amount": 1
    },
    {
      "id": 215,
      "amount": 1
    },
    {
      "id": 1025,
      "amount": 2
    },
    {
      "id": 5556,
      "amount": 1
    },
    {
      "id": 9705,
      "amount": 1
    },
    {
      "id": 9706,
      "amount": 500
    },
    {
      "id": 229,
      "amount": 3
    },
    {
      "id": 2497,
      "amount": 1
    },
    {
      "id": 2503,
      "amount": 1
    },
    {
      "id": 557,
      "amount": 759
    },
    {
      "id": 563,
      "amount": 50
    },
    {
      "id": 391,
      "amount": 20
    },
    {
      "id": 169,
      "amount": 1
    },
    {
      "id": 163,
      "amount": 1
    },
    {
      "id": 5557,
      "amount": 1
    },
    {
      "id": 2491,
      "amount": 1
    },
    {
      "id": 4099,
      "amount": 1
    },
    {
      "id": 10499,
      "amount": 1
    },
    {
      "id": 4736,
      "amount": 1
    },
    {
      "id": 9185,
      "amount": 1
    },
    {
      "id": 12510,
      "amount": 1
    },
    {
      "id": 4755,
      "amount": 1
    },
    {
      "id": 353,
      "amount": 214
    },
    {
      "id": 341,
      "amount": 193
    },
    {
      "id": 363,
      "amount": 97
    },
    {
      "id": 13649,
      "amount": 4
    },
    {
      "id": 313,
      "amount": 100
    },
    {
      "id": 309,
      "amount": 1
    },
    {
      "id": 311,
      "amount": 1
    },
    {
      "id": 301,
      "amount": 1
    },
    {
      "id": 395,
      "amount": 50
    },
    {
      "id": 7944,
      "amount": 156
    },
    {
      "id": 13648,
      "amount": 2
    },
    {
      "id": 305,
      "amount": 1
    },
    {
      "id": 303,
      "amount": 1
    },
    {
      "id": 1267,
      "amount": 1
    },
    {
      "id": 2349,
      "amount": 14
    },
    {
      "id": 436,
      "amount": 13
    },
    {
      "id": 438,
      "amount": 13
    },
    {
      "id": 7342,
      "amount": 1
    },
    {
      "id": 12492,
      "amount": 1
    },
    {
      "id": 145,
      "amount": 1
    },
    {
      "id": 12504,
      "amount": 1
    },
    {
      "id": 1540,
      "amount": 1
    },
    {
      "id": 559,
      "amount": 150
    },
    {
      "id": 1615,
      "amount": 1
    },
    {
      "id": 532,
      "amount": 252
    },
    {
      "id": 13117,
      "amount": 1
    },
    {
      "id": 592,
      "amount": 1
    },
    {
      "id": 2801,
      "amount": 1
    },
    {
      "id": 2679,
      "amount": 1
    },
    {
      "id": 2723,
      "amount": 1
    },
    {
      "id": 2671,
      "amount": 1
    },
    {
      "id": 1127,
      "amount": 1
    },
    {
      "id": 995,
      "amount": 250000
    },
    null,
    null,
    null,
    null,
    null,
    null,
    null,
    null,
    null,
    null,
    null,
    null,
    null,
    null,
    null,
    null,
    null,
    null,
    null,
    null,
    null,
    null,
    null,
    null,
    null,
    null,
    null,
    null,
    null,
    null,
    null,
    null,
    null,
    null,
    null,
    null,
    null,
    null,
    null,
    null,
    null,
    null,
    null,
    null,
    null,
    null,
    null,
    null,
    null,
    null,
    null,
    null,
    null,
    null,
    null,
    null,
    null,
    null,
    null,
    null,
    null,
    null,
    null,
    null,
    null,
    null,
    null,
    null,
    null,
    null,
    null,
    null,
    null,
    null,
    null,
    null,
    null,
    null,
    null,
    null,
    null,
    null,
    null,
    null,
    null,
    null,
    null,
    null,
    null,
    null,
    null,
    null,
    null,
    null,
    null,
    null,
    null,
    null,
    null,
    null,
    null,
    null,
    null,
    null,
    null,
    null,
    null,
    null,
    null,
    null,
    null,
    null,
    null,
    null,
    null,
    null,
    null,
    null,
    null,
    null,
    null,
    null,
    null,
    null,
    null,
    null,
    null,
    null,
    null,
    null,
    null,
    null,
    null,
    null,
    null,
    null,
    null,
    null,
    null,
    null,
    null,
    null,
    null,
    null,
    null,
    null,
    null,
    null,
    null,
    null,
    null,
    null,
    null,
    null,
    null,
    null,
    null,
    null,
    null,
    null,
    null,
    null,
    null,
    null,
    null,
    null,
    null,
    null,
    null,
    null,
    null,
    null,
    null,
    null,
    null,
    null,
    null,
    null,
    null,
    null,
    null,
    null,
    null,
    null,
    null,
    null,
    null,
    null,
    null,
    null,
    null,
    null,
    null,
    null,
    null,
    null,
    null,
    null,
    null,
    null,
    null,
    null,
    null,
    null,
    null,
    null,
    null,
    null,
    null,
    null,
    null,
    null,
    null,
    null,
    null,
    null,
    null,
    null,
    null,
    null
  ],
  "tabAmounts": [
    129,
    0,
    0,
    0,
    0,
    0,
    0,
    0,
    0,
    0
  ],
  "inventory": [
    {
      "id": 391,
      "amount": 1
    },
    {
      "id": 3024,
      "amount": 1
    },
    {
      "id": 3024,
      "amount": 1
    },
    {
      "id": 391,
      "amount": 1
    },
    {
      "id": 391,
      "amount": 1
    },
    {
      "id": 391,
      "amount": 1
    },
    {
      "id": 391,
      "amount": 1
    },
    {
      "id": 391,
      "amount": 1
    },
    {
      "id": 2807,
      "amount": 1
    },
    null,
    null,
    null,
    {
      "id": 952,
      "amount": 1
    },
    null,
    null,
    null,
    null,
    null,
    null,
    null,
    null,
    null,
    null,
    null,
    null,
    null,
    null,
    null
  ],
  "equipment": [
    {
      "id": 10828,
      "amount": 1
    },
    null,
    {
      "id": 1704,
      "amount": 1
    },
    {
      "id": 1305,
      "amount": 1
    },
    {
      "id": 4749,
      "amount": 1
    },
    {
      "id": 1187,
      "amount": 1
    },
    null,
    {
      "id": 4730,
      "amount": 1
    },
    null,
    null,
    null,
    null,
    {
      "id": 2570,
      "amount": 1
    },
    {
      "id": 9243,
      "amount": 485
    }
  ],
  "shopItems": [
    null,
    null,
    null,
    null,
    null,
    null,
    null,
    null,
    null,
    null,
    null,
    null,
    null,
    null,
    null,
    null,
    null,
    null,
    null,
    null,
    null,
    null,
    null,
    null,
    null,
    null,
    null,
    null,
    null,
    null,
    null,
    null,
    null,
    null,
    null,
    null
  ],
  "shopPrices": [
    0,
    0,
    0,
    0,
    0,
    0,
    0,
    0,
    0,
    0,
    0,
    0,
    0,
    0,
    0,
    0,
    0,
    0,
    0,
    0,
    0,
    0,
    0,
    0,
    0,
    0,
    0,
    0,
    0,
    0,
    0,
    0,
    0,
    0,
    0,
    0
  ],
  "pouches": [
    0,
    0,
    0,
    0
  ]
}