{
  "bank": [
    {
      "id": 1560,
      "amount": 1
    },
    {
      "id": 385,
      "amount": 36
    },
    {
      "id": 563,
      "amount": 104
    },
    {
      "id": 561,
      "amount": 545
    },
    {
      "id": 4566,
      "amount": 1
    },
    {
      "id": 10292,
      "amount": 3
    },
    {
      "id": 1631,
      "amount": 1
    },
    {
      "id": 1615,
      "amount": 3
    },
    {
      "id": 565,
      "amount": 1400
    },
    {
      "id": 11849,
      "amount": 10
    },
    {
      "id": 13117,
      "amount": 1
    },
    {
      "id": 1712,
      "amount": 4
    },
    {
      "id": 12867,
      "amount": 4
    },
    {
      "id": 12871,
      "amount": 4
    },
    {
      "id": 12869,
      "amount": 3
    },
    {
      "id": 2503,
      "amount": 2
    },
    {
      "id": 3026,
      "amount": 15
    },
    {
      "id": 868,
      "amount": 525
    },
    {
      "id": 10828,
      "amount": 2
    },
    {
      "id": 2651,
      "amount": 1
    },
    {
      "id": 11136,
      "amount": 1
    },
    {
      "id": 13307,
      "amount": 43657
    },
    {
      "id": 1741,
      "amount": 27
    },
    {
      "id": 12829,
      "amount": 1
    },
    {
      "id": 1163,
      "amount": 4
    },
    {
      "id": 1517,
      "amount": 85
    },
    {
      "id": 395,
      "amount": 8
    },
    {
      "id": 377,
      "amount": 20
    },
    {
      "id": 19683,
      "amount": 3
    },
    {
      "id": 4012,
      "amount": 2
    },
    {
      "id": 12865,
      "amount": 1
    },
    {
      "id": 1127,
      "amount": 4
    },
    {
      "id": 4113,
      "amount": 2
    },
    {
      "id": 4089,
      "amount": 3
    },
    {
      "id": 13066,
      "amount": 2
    },
    {
      "id": 2363,
      "amount": 2
    },
    {
      "id": 987,
      "amount": 7
    },
    {
      "id": 2657,
      "amount": 1
    },
    {
      "id": 12492,
      "amount": 1
    },
    {
      "id": 10977,
      "amount": 2
    },
    {
      "id": 371,
      "amount": 3
    },
    {
      "id": 1633,
      "amount": 1
    },
    {
      "id": 2645,
      "amount": 1
    },
    {
      "id": 2641,
      "amount": 2
    },
    {
      "id": 2366,
      "amount": 3
    },
    {
      "id": 1462,
      "amount": 1
    },
    {
      "id": 1434,
      "amount": 1
    },
    {
      "id": 4131,
      "amount": 3
    },
    {
      "id": 1215,
      "amount": 2
    },
    {
      "id": 12934,
      "amount": 5000
    },
    {
      "id": 1725,
      "amount": 1
    },
    {
      "id": 10290,
      "amount": 2
    },
    {
      "id": 149,
      "amount": 4
    },
    {
      "id": 161,
      "amount": 4
    },
    {
      "id": 139,
      "amount": 2
    },
    {
      "id": 3755,
      "amount": 1
    },
    {
      "id": 1201,
      "amount": 2
    },
    {
      "id": 2550,
      "amount": 1
    },
    {
      "id": 2653,
      "amount": 1
    },
    {
      "id": 1093,
      "amount": 1
    },
    {
      "id": 10380,
      "amount": 1
    },
    {
      "id": 985,
      "amount": 1
    },
    {
      "id": 1540,
      "amount": 1
    },
    {
      "id": 1373,
      "amount": 1
    },
    {
      "id": 1213,
      "amount": 1
    },
    {
      "id": 1147,
      "amount": 2
    },
    {
      "id": 3476,
      "amount": 2
    },
    {
      "id": 2497,
      "amount": 1
    },
    {
      "id": 1079,
      "amount": 1
    },
    {
      "id": 1645,
      "amount": 1
    },
    {
      "id": 1113,
      "amount": 3
    },
    {
      "id": 4111,
      "amount": 2
    },
    {
      "id": 2491,
      "amount": 1
    },
    {
      "id": 4091,
      "amount": 1
    },
    {
      "id": 4101,
      "amount": 1
    },
    {
      "id": 6603,
      "amount": 1
    },
    {
      "id": 9705,
      "amount": 1
    },
    {
      "id": 554,
      "amount": 359
    },
    {
      "id": 555,
      "amount": 415
    },
    {
      "id": 556,
      "amount": 440
    },
    {
      "id": 557,
      "amount": 436
    },
    {
      "id": 558,
      "amount": 225
    },
    {
      "id": 562,
      "amount": 40
    },
    {
      "id": 560,
      "amount": 1028
    },
    {
      "id": 440,
      "amount": 4
    },
    {
      "id": 314,
      "amount": 340
    },
    {
      "id": 819,
      "amount": 60
    },
    {
      "id": 2347,
      "amount": 1
    },
    {
      "id": 1420,
      "amount": 5
    },
    {
      "id": 820,
      "amount": 75
    },
    {
      "id": 1267,
      "amount": 1
    },
    {
      "id": 1275,
      "amount": 1
    },
    {
      "id": 323,
      "amount": 6
    },
    {
      "id": 315,
      "amount": 66
    },
    {
      "id": 590,
      "amount": 1
    },
    {
      "id": 946,
      "amount": 1
    },
    {
      "id": 1349,
      "amount": 1
    },
    {
      "id": 1359,
      "amount": 1
    },
    {
      "id": 303,
      "amount": 1
    },
    {
      "id": 1515,
      "amount": 16
    },
    {
      "id": 9706,
      "amount": 277
    },
    {
      "id": 861,
      "amount": 1
    },
    {
      "id": 2499,
      "amount": 1
    },
    {
      "id": 10499,
      "amount": 1
    },
    {
      "id": 2493,
      "amount": 1
    },
    {
      "id": 229,
      "amount": 1
    },
    {
      "id": 4155,
      "amount": 1
    },
    {
      "id": 892,
      "amount": 1013
    },
    {
      "id": 13112,
      "amount": 1
    },
    {
      "id": 13133,
      "amount": 1
    },
    {
      "id": 13104,
      "amount": 1
    },
    {
      "id": 13137,
      "amount": 1
    },
    {
      "id": 13108,
      "amount": 1
    },
    {
      "id": 13129,
      "amount": 1
    },
    {
      "id": 13125,
      "amount": 1
    },
    {
      "id": 2643,
      "amount": 1
    },
    {
      "id": 6585,
      "amount": 1
    },
    {
      "id": 4730,
      "amount": 1
    },
    {
      "id": 12006,
      "amount": 1
    },
    {
      "id": 10551,
      "amount": 1
    },
    {
      "id": 8921,
      "amount": 1
    },
    {
      "id": 4720,
      "amount": 1
    },
    {
      "id": 11838,
      "amount": 2
    },
    {
      "id": 143,
      "amount": 2
    },
    {
      "id": 159,
      "amount": 2
    },
    {
      "id": 147,
      "amount": 2
    },
    {
      "id": 4866,
      "amount": 1
    },
    {
      "id": 4860,
      "amount": 1
    },
    {
      "id": 4932,
      "amount": 1
    },
    {
      "id": 4980,
      "amount": 1
    },
    {
      "id": 4896,
      "amount": 1
    },
    {
      "id": 4938,
      "amount": 1
    },
    {
      "id": 4956,
      "amount": 1
    },
    {
      "id": 4986,
      "amount": 2
    },
    {
      "id": 4714,
      "amount": 1
    },
    {
      "id": 4738,
      "amount": 1
    },
    {
      "id": 4728,
      "amount": 1
    },
    {
      "id": 4755,
      "amount": 1
    },
    {
      "id": 11936,
      "amount": 40
    },
    {
      "id": 391,
      "amount": 59
    },
    {
      "id": 6733,
      "amount": 1
    },
    {
      "id": 6737,
      "amount": 2
    },
    {
      "id": 1231,
      "amount": 2
    },
    {
      "id": 1377,
      "amount": 2
    },
    {
      "id": 7158,
      "amount": 3
    },
    {
      "id": 995,
      "amount": 32533114
    },
    {
      "id": 12954,
      "amount": 1
    },
    {
      "id": 1187,
      "amount": 1
    },
    {
      "id": 1249,
      "amount": 1
    },
    {
      "id": 7462,
      "amount": 1
    },
    {
      "id": 145,
      "amount": 1
    },
    {
      "id": 12701,
      "amount": 1
    },
    {
      "id": 121,
      "amount": 14
    },
    {
      "id": 2456,
      "amount": 1
    },
    {
      "id": 165,
      "amount": 20
    },
    {
      "id": 157,
      "amount": 26
    },
    {
      "id": 6687,
      "amount": 15
    },
    {
      "id": 3024,
      "amount": 35
    },
    {
      "id": 3040,
      "amount": 10
    },
    {
      "id": 2444,
      "amount": 10
    },
    {
      "id": 2442,
      "amount": 18
    },
    {
      "id": 2440,
      "amount": 15
    },
    {
      "id": 2436,
      "amount": 10
    },
    {
      "id": 2452,
      "amount": 195
    },
    {
      "id": 2434,
      "amount": 231
    },
    {
      "id": 1755,
      "amount": 1
    },
    {
      "id": 1601,
      "amount": 482
    },
    {
      "id": 1607,
      "amount": 162
    },
    {
      "id": 1609,
      "amount": 54
    },
    {
      "id": 1625,
      "amount": 146
    },
    {
      "id": 1617,
      "amount": 2517
    },
    {
      "id": 1619,
      "amount": 300
    },
    {
      "id": 1621,
      "amount": 200
    },
    {
      "id": 1623,
      "amount": 58
    },
    {
      "id": 221,
      "amount": 12
    },
    {
      "id": 227,
      "amount": 393
    },
    {
      "id": 201,
      "amount": 1
    },
    {
      "id": 251,
      "amount": 49
    },
    {
      "id": 219,
      "amount": 20
    },
    {
      "id": 215,
      "amount": 20
    },
    {
      "id": 213,
      "amount": 20
    },
    {
      "id": 203,
      "amount": 50
    },
    {
      "id": 199,
      "amount": 1
    },
    {
      "id": 257,
      "amount": 3
    },
    {
      "id": 205,
      "amount": 90
    },
    {
      "id": 209,
      "amount": 58
    },
    {
      "id": 211,
      "amount": 48
    },
    {
      "id": 207,
      "amount": 21
    },
    {
      "id": 217,
      "amount": 34
    },
    {
      "id": 265,
      "amount": 2
    },
    {
      "id": 249,
      "amount": 36
    },
    {
      "id": 20000,
      "amount": 1
    },
    {
      "id": 10346,
      "amount": 1
    },
    {
      "id": 1057,
      "amount": 1
    },
    {
      "id": 10348,
      "amount": 1
    },
    {
      "id": 5554,
      "amount": 2
    },
    null,
    null,
    null,
    null,
    null,
    null,
    null,
    null,
    null,
    null,
    null,
    null,
    null,
    null,
    null,
    null,
    null,
    null,
    null,
    null,
    null,
    null,
    null,
    null,
    null,
    null,
    null,
    null,
    null,
    null,
    null,
    null,
    null,
    null,
    null,
    null,
    null,
    null,
    null,
    null,
    null,
    null,
    null,
    null,
    null,
    null,
    null,
    null,
    null,
    null,
    null,
    null,
    null,
    null,
    null,
    null,
    null,
    null,
    null,
    null,
    null,
    null,
    null,
    null,
    null,
    null,
    null,
    null,
    null,
    null,
    null,
    null,
    null,
    null,
    null,
    null,
    null,
    null,
    null,
    null,
    null,
    null,
    null,
    null,
    null,
    null,
    null,
    null,
    null,
    null,
    null,
    null,
    null,
    null,
    null,
    null,
    null,
    null,
    null,
    null,
    null,
    null,
    null,
    null,
    null,
    null,
    null,
    null,
    null,
    null,
    null,
    null,
    null,
    null,
    null,
    null,
    null,
    null,
    null,
    null,
    null,
    null,
    null,
    null,
    null,
    null,
    null,
    null,
    null,
    null,
    null,
    null,
    null,
    null,
    null,
    null,
    null,
    null,
    null,
    null,
    null,
    null,
    null,
    null,
    null,
    null,
    null,
    null,
    null,
    null,
    null,
    null,
    null,
    null
  ],
  "tabAmounts": [
    116,
    34,
    15,
    9,
    17,
    4,
    1,
    0,
    0,
    0
  ],
  "inventory": [
    {
      "id": 995,
      "amount": 233828
    },
    {
      "id": 1887,
      "amount": 1
    },
    {
      "id": 1887,
      "amount": 1
    },
    {
      "id": 1887,
      "amount": 1
    },
    {
      "id": 1887,
      "amount": 1
    },
    {
      "id": 1887,
      "amount": 1
    },
    {
      "id": 1887,
      "amount": 1
    },
    {
      "id": 1887,
      "amount": 1
    },
    {
      "id": 1887,
      "amount": 1
    },
    {
      "id": 1887,
      "amount": 1
    },
    {
      "id": 1887,
      "amount": 1
    },
    {
      "id": 1887,
      "amount": 1
    },
    {
      "id": 1887,
      "amount": 1
    },
    {
      "id": 1887,
      "amount": 1
    },
    {
      "id": 1887,
      "amount": 1
    },
    {
      "id": 1887,
      "amount": 1
    },
    {
      "id": 1887,
      "amount": 1
    },
    {
      "id": 1887,
      "amount": 1
    },
    {
      "id": 1887,
      "amount": 1
    },
    {
      "id": 1887,
      "amount": 1
    },
    {
      "id": 1887,
      "amount": 1
    },
    {
      "id": 1887,
      "amount": 1
    },
    {
      "id": 1887,
      "amount": 1
    },
    {
      "id": 1887,
      "amount": 1
    },
    {
      "id": 1887,
      "amount": 1
    },
    null,
    null,
    null
  ],
  "equipment": [
    {
      "id": 5554,
      "amount": 1
    },
    {
      "id": 13121,
      "amount": 1
    },
    null,
    {
      "id": 12795,
      "amount": 1
    },
    null,
    null,
    null,
    null,
    null,
    {
      "id": 5556,
      "amount": 1
    },
    {
      "id": 11840,
      "amount": 1
    },
    null,
    {
      "id": 6737,
      "amount": 1
    },
    null
  ],
  "shopItems": [
    null,
    null,
    null,
    null,
    null,
    null,
    null,
    null,
    null,
    null,
    null,
    null,
    null,
    null,
    null,
    null,
    null,
    null,
    null,
    null,
    null,
    null,
    null,
    null,
    null,
    null,
    null,
    null,
    null,
    null,
    null,
    null,
    null,
    null,
    null,
    null
  ],
  "shopPrices": [
    0,
    0,
    0,
    0,
    0,
    0,
    0,
    0,
    0,
    0,
    0,
    0,
    0,
    0,
    0,
    0,
    0,
    0,
    0,
    0,
    0,
    0,
    0,
    0,
    0,
    0,
    0,
    0,
    0,
    0,
    0,
    0,
    0,
    0,
    0,
    0
  ],
  "pouches": [
    0,
    0,
    0,
    0
  ]
}