{
  "bank": [
    {
      "id": 385,
      "amount": 54
    },
    {
      "id": 4587,
      "amount": 1
    },
    {
      "id": 10828,
      "amount": 1
    },
    {
      "id": 13307,
      "amount": 117004
    },
    {
      "id": 952,
      "amount": 2
    },
    {
      "id": 1127,
      "amount": 1
    },
    {
      "id": 7060,
      "amount": 79
    },
    {
      "id": 2448,
      "amount": 5
    },
    {
      "id": 2434,
      "amount": 278
    },
    {
      "id": 5341,
      "amount": 1
    },
    {
      "id": 5343,
      "amount": 1
    },
    {
      "id": 5331,
      "amount": 1
    },
    {
      "id": 985,
      "amount": 2
    },
    {
      "id": 1113,
      "amount": 2
    },
    {
      "id": 2436,
      "amount": 10
    },
    {
      "id": 2440,
      "amount": 10
    },
    {
      "id": 2442,
      "amount": 10
    },
    {
      "id": 2444,
      "amount": 5
    },
    {
      "id": 3040,
      "amount": 10
    },
    {
      "id": 3024,
      "amount": 8
    },
    {
      "id": 229,
      "amount": 21
    },
    {
      "id": 6603,
      "amount": 1
    },
    {
      "id": 555,
      "amount": 250
    },
    {
      "id": 556,
      "amount": 1150
    },
    {
      "id": 557,
      "amount": 250
    },
    {
      "id": 558,
      "amount": 250
    },
    {
      "id": 563,
      "amount": 280
    },
    {
      "id": 561,
      "amount": 97
    },
    {
      "id": 562,
      "amount": 600
    },
    {
      "id": 7936,
      "amount": 1021
    },
    {
      "id": 554,
      "amount": 1450
    },
    {
      "id": 13137,
      "amount": 1
    },
    {
      "id": 13104,
      "amount": 1
    },
    {
      "id": 13112,
      "amount": 1
    },
    {
      "id": 13133,
      "amount": 1
    },
    {
      "id": 13129,
      "amount": 1
    },
    {
      "id": 13125,
      "amount": 1
    },
    {
      "id": 13117,
      "amount": 1
    },
    {
      "id": 13108,
      "amount": 1
    },
    {
      "id": 11136,
      "amount": 1
    },
    {
      "id": 13121,
      "amount": 1
    },
    {
      "id": 686,
      "amount": 1
    },
    {
      "id": 20205,
      "amount": 1
    },
    {
      "id": 12291,
      "amount": 1
    },
    {
      "id": 12295,
      "amount": 1
    },
    {
      "id": 7319,
      "amount": 1
    },
    {
      "id": 861,
      "amount": 1
    },
    {
      "id": 892,
      "amount": 236
    },
    {
      "id": 1099,
      "amount": 1
    },
    {
      "id": 1131,
      "amount": 1
    },
    {
      "id": 1601,
      "amount": 4
    },
    {
      "id": 1621,
      "amount": 14
    },
    {
      "id": 1617,
      "amount": 25
    },
    {
      "id": 1623,
      "amount": 21
    },
    {
      "id": 444,
      "amount": 100
    },
    {
      "id": 267,
      "amount": 24
    },
    {
      "id": 6315,
      "amount": 1
    },
    {
      "id": 6313,
      "amount": 2
    },
    {
      "id": 6317,
      "amount": 1
    },
    {
      "id": 1430,
      "amount": 1
    },
    {
      "id": 1107,
      "amount": 1
    },
    {
      "id": 1303,
      "amount": 10
    },
    {
      "id": 1123,
      "amount": 8
    },
    {
      "id": 11920,
      "amount": 1
    },
    {
      "id": 829,
      "amount": 20
    },
    {
      "id": 1199,
      "amount": 5
    },
    {
      "id": 830,
      "amount": 5
    },
    {
      "id": 2361,
      "amount": 3
    },
    {
      "id": 1515,
      "amount": 319
    },
    {
      "id": 11286,
      "amount": 1
    },
    {
      "id": 12954,
      "amount": 1
    },
    {
      "id": 2491,
      "amount": 1
    },
    {
      "id": 2643,
      "amount": 1
    },
    {
      "id": 565,
      "amount": 150
    },
    {
      "id": 995,
      "amount": 2539761
    },
    {
      "id": 1747,
      "amount": 1
    },
    {
      "id": 4751,
      "amount": 1
    },
    {
      "id": 215,
      "amount": 10
    },
    {
      "id": 12498,
      "amount": 1
    },
    {
      "id": 1185,
      "amount": 1
    },
    {
      "id": 4753,
      "amount": 1
    },
    {
      "id": 391,
      "amount": 48
    },
    {
      "id": 566,
      "amount": 100
    },
    {
      "id": 1517,
      "amount": 27
    },
    {
      "id": 395,
      "amount": 1
    },
    {
      "id": 12653,
      "amount": 1
    },
    {
      "id": 9706,
      "amount": 459
    },
    {
      "id": 139,
      "amount": 1
    },
    {
      "id": 9705,
      "amount": 1
    },
    {
      "id": 453,
      "amount": 804
    },
    {
      "id": 1540,
      "amount": 1
    },
    {
      "id": 560,
      "amount": 200
    },
    {
      "id": 2503,
      "amount": 1
    },
    {
      "id": 13227,
      "amount": 1
    },
    {
      "id": 9144,
      "amount": 58
    },
    {
      "id": 5304,
      "amount": 5
    },
    {
      "id": 219,
      "amount": 14
    },
    {
      "id": 1359,
      "amount": 1
    },
    {
      "id": 3053,
      "amount": 2
    },
    {
      "id": 4087,
      "amount": 4
    },
    {
      "id": 171,
      "amount": 1
    },
    {
      "id": 442,
      "amount": 100
    },
    {
      "id": 1319,
      "amount": 1
    },
    {
      "id": 255,
      "amount": 37
    },
    {
      "id": 13389,
      "amount": 1
    },
    {
      "id": 440,
      "amount": 83
    },
    {
      "id": 143,
      "amount": 1
    },
    {
      "id": 1557,
      "amount": 1
    },
    {
      "id": 5316,
      "amount": 1
    },
    {
      "id": 1987,
      "amount": 250
    },
    {
      "id": 9193,
      "amount": 12
    },
    {
      "id": 536,
      "amount": 33
    },
    {
      "id": 1779,
      "amount": 273
    },
    {
      "id": 2550,
      "amount": 2
    },
    {
      "id": 12934,
      "amount": 1637
    },
    {
      "id": 12938,
      "amount": 20
    },
    null,
    null,
    null,
    null,
    null,
    null,
    null,
    null,
    null,
    null,
    null,
    null,
    null,
    null,
    null,
    null,
    null,
    null,
    null,
    null,
    null,
    null,
    null,
    null,
    null,
    null,
    null,
    null,
    null,
    null,
    null,
    null,
    null,
    null,
    null,
    null,
    null,
    null,
    null,
    null,
    null,
    null,
    null,
    null,
    null,
    null,
    null,
    null,
    null,
    null,
    null,
    null,
    null,
    null,
    null,
    null,
    null,
    null,
    null,
    null,
    null,
    null,
    null,
    null,
    null,
    null,
    null,
    null,
    null,
    null,
    null,
    null,
    null,
    null,
    null,
    null,
    null,
    null,
    null,
    null,
    null,
    null,
    null,
    null,
    null,
    null,
    null,
    null,
    null,
    null,
    null,
    null,
    null,
    null,
    null,
    null,
    null,
    null,
    null,
    null,
    null,
    null,
    null,
    null,
    null,
    null,
    null,
    null,
    null,
    null,
    null,
    null,
    null,
    null,
    null,
    null,
    null,
    null,
    null,
    null,
    null,
    null,
    null,
    null,
    null,
    null,
    null,
    null,
    null,
    null,
    null,
    null,
    null,
    null,
    null,
    null,
    null,
    null,
    null,
    null,
    null,
    null,
    null,
    null,
    null,
    null,
    null,
    null,
    null,
    null,
    null,
    null,
    null,
    null,
    null,
    null,
    null,
    null,
    null,
    null,
    null,
    null,
    null,
    null,
    null,
    null,
    null,
    null,
    null,
    null,
    null,
    null,
    null,
    null,
    null,
    null,
    null,
    null,
    null,
    null,
    null,
    null,
    null,
    null,
    null,
    null,
    null,
    null,
    null,
    null,
    null,
    null,
    null,
    null,
    null,
    null,
    null,
    null,
    null,
    null,
    null,
    null,
    null,
    null,
    null,
    null,
    null,
    null,
    null,
    null,
    null,
    null,
    null,
    null,
    null,
    null,
    null,
    null,
    null,
    null,
    null,
    null,
    null,
    null,
    null,
    null,
    null,
    null,
    null,
    null,
    null,
    null,
    null,
    null
  ],
  "tabAmounts": [
    116,
    0,
    0,
    0,
    0,
    0,
    0,
    0,
    0,
    0
  ],
  "inventory": [
    {
      "id": 173,
      "amount": 1
    },
    {
      "id": 4155,
      "amount": 1
    },
    null,
    {
      "id": 229,
      "amount": 1
    },
    {
      "id": 229,
      "amount": 1
    },
    null,
    null,
    null,
    null,
    null,
    null,
    {
      "id": 7060,
      "amount": 1
    },
    {
      "id": 7060,
      "amount": 1
    },
    {
      "id": 7060,
      "amount": 1
    },
    {
      "id": 7060,
      "amount": 1
    },
    {
      "id": 7060,
      "amount": 1
    },
    {
      "id": 7060,
      "amount": 1
    },
    {
      "id": 7060,
      "amount": 1
    },
    {
      "id": 7060,
      "amount": 1
    },
    {
      "id": 7060,
      "amount": 1
    },
    {
      "id": 7060,
      "amount": 1
    },
    {
      "id": 7060,
      "amount": 1
    },
    {
      "id": 7060,
      "amount": 1
    },
    {
      "id": 7060,
      "amount": 1
    },
    {
      "id": 7060,
      "amount": 1
    },
    {
      "id": 7060,
      "amount": 1
    },
    {
      "id": 7060,
      "amount": 1
    },
    {
      "id": 7060,
      "amount": 1
    }
  ],
  "equipment": [
    {
      "id": 3749,
      "amount": 1
    },
    {
      "id": 10499,
      "amount": 1
    },
    {
      "id": 1731,
      "amount": 1
    },
    {
      "id": 9185,
      "amount": 1
    },
    {
      "id": 2503,
      "amount": 1
    },
    null,
    null,
    {
      "id": 2497,
      "amount": 1
    },
    null,
    {
      "id": 7462,
      "amount": 1
    },
    {
      "id": 4131,
      "amount": 1
    },
    null,
    null,
    {
      "id": 9144,
      "amount": 234
    }
  ],
  "shopItems": [
    {
      "id": 11286,
      "amount": 1
    },
    null,
    null,
    null,
    null,
    null,
    null,
    null,
    null,
    null,
    null,
    null,
    null,
    null,
    null,
    null,
    null,
    null,
    null,
    null,
    null,
    null,
    null,
    null,
    null,
    null,
    null,
    null,
    null,
    null,
    null,
    null,
    null,
    null,
    null,
    null
  ],
  "shopPrices": [
    30000000,
    0,
    0,
    0,
    0,
    0,
    0,
    0,
    0,
    0,
    0,
    0,
    0,
    0,
    0,
    0,
    0,
    0,
    0,
    0,
    0,
    0,
    0,
    0,
    0,
    0,
    0,
    0,
    0,
    0,
    0,
    0,
    0,
    0,
    0,
    0
  ],
  "pouches": [
    0,
    0,
    0,
    0
  ]
}