{
  "bank": [
    {
      "id": 385,
      "amount": 74
    },
    {
      "id": 2436,
      "amount": 10
    },
    {
      "id": 2440,
      "amount": 10
    },
    {
      "id": 2442,
      "amount": 20
    },
    {
      "id": 2444,
      "amount": 10
    },
    {
      "id": 3040,
      "amount": 10
    },
    {
      "id": 3024,
      "amount": 10
    },
    {
      "id": 6603,
      "amount": 1
    },
    {
      "id": 9705,
      "amount": 1
    },
    {
      "id": 9706,
      "amount": 500
    },
    {
      "id": 10025,
      "amount": 1
    },
    {
      "id": 13117,
      "amount": 1
    },
    {
      "id": 13125,
      "amount": 1
    },
    {
      "id": 205,
      "amount": 57
    },
    {
      "id": 11849,
      "amount": 2
    },
    {
      "id": 526,
      "amount": 1
    },
    {
      "id": 10370,
      "amount": 2
    },
    {
      "id": 1079,
      "amount": 3
    },
    {
      "id": 4131,
      "amount": 4
    },
    {
      "id": 4740,
      "amount": 1735
    },
    {
      "id": 6527,
      "amount": 2
    },
    {
      "id": 1571,
      "amount": 1
    },
    {
      "id": 4675,
      "amount": 2
    },
    {
      "id": 1025,
      "amount": 4
    },
    {
      "id": 1733,
      "amount": 1
    },
    {
      "id": 1741,
      "amount": 20
    },
    {
      "id": 1607,
      "amount": 25
    },
    {
      "id": 211,
      "amount": 13
    },
    {
      "id": 2645,
      "amount": 1
    },
    {
      "id": 2635,
      "amount": 3
    },
    {
      "id": 20166,
      "amount": 4
    },
    {
      "id": 590,
      "amount": 2
    },
    {
      "id": 2723,
      "amount": 1
    },
    {
      "id": 317,
      "amount": 48
    },
    {
      "id": 321,
      "amount": 31
    },
    {
      "id": 10940,
      "amount": 1
    },
    {
      "id": 2665,
      "amount": 2
    },
    {
      "id": 2684,
      "amount": 1
    },
    {
      "id": 359,
      "amount": 334
    },
    {
      "id": 13650,
      "amount": 4
    },
    {
      "id": 371,
      "amount": 458
    },
    {
      "id": 451,
      "amount": 14
    },
    {
      "id": 2550,
      "amount": 4
    },
    {
      "id": 199,
      "amount": 23
    },
    {
      "id": 12193,
      "amount": 2
    },
    {
      "id": 436,
      "amount": 8
    },
    {
      "id": 438,
      "amount": 8
    },
    {
      "id": 2347,
      "amount": 1
    },
    {
      "id": 1275,
      "amount": 1
    },
    {
      "id": 440,
      "amount": 19
    },
    {
      "id": 668,
      "amount": 4
    },
    {
      "id": 11136,
      "amount": 1
    },
    {
      "id": 2643,
      "amount": 6
    },
    {
      "id": 13649,
      "amount": 2
    },
    {
      "id": 1127,
      "amount": 3
    },
    {
      "id": 3142,
      "amount": 50
    },
    {
      "id": 7944,
      "amount": 65
    },
    {
      "id": 13648,
      "amount": 5
    },
    {
      "id": 377,
      "amount": 61
    },
    {
      "id": 4012,
      "amount": 4
    },
    {
      "id": 215,
      "amount": 42
    },
    {
      "id": 301,
      "amount": 1
    },
    {
      "id": 353,
      "amount": 3
    },
    {
      "id": 363,
      "amount": 3
    },
    {
      "id": 341,
      "amount": 1
    },
    {
      "id": 305,
      "amount": 1
    },
    {
      "id": 303,
      "amount": 1
    },
    {
      "id": 7336,
      "amount": 1
    },
    {
      "id": 383,
      "amount": 264
    },
    {
      "id": 13307,
      "amount": 8500
    },
    {
      "id": 391,
      "amount": 109
    },
    {
      "id": 12526,
      "amount": 1
    },
    {
      "id": 4745,
      "amount": 1
    },
    {
      "id": 9185,
      "amount": 4
    },
    {
      "id": 2649,
      "amount": 4
    },
    {
      "id": 1267,
      "amount": 1
    },
    {
      "id": 13108,
      "amount": 1
    },
    {
      "id": 13137,
      "amount": 1
    },
    {
      "id": 13104,
      "amount": 1
    },
    {
      "id": 6055,
      "amount": 9
    },
    {
      "id": 5318,
      "amount": 7
    },
    {
      "id": 5291,
      "amount": 9
    },
    {
      "id": 5341,
      "amount": 1
    },
    {
      "id": 5331,
      "amount": 1
    },
    {
      "id": 5343,
      "amount": 1
    },
    {
      "id": 1436,
      "amount": 366
    },
    {
      "id": 556,
      "amount": 79
    },
    {
      "id": 554,
      "amount": 54
    },
    {
      "id": 1442,
      "amount": 1
    },
    {
      "id": 564,
      "amount": 27
    },
    {
      "id": 1454,
      "amount": 1
    },
    {
      "id": 1438,
      "amount": 1
    },
    {
      "id": 1605,
      "amount": 6039
    },
    {
      "id": 1603,
      "amount": 26
    },
    {
      "id": 1601,
      "amount": 25
    },
    {
      "id": 1093,
      "amount": 3
    },
    {
      "id": 1623,
      "amount": 19
    },
    {
      "id": 4747,
      "amount": 1
    },
    {
      "id": 1333,
      "amount": 1
    },
    {
      "id": 4724,
      "amount": 1
    },
    {
      "id": 209,
      "amount": 18
    },
    {
      "id": 1163,
      "amount": 1
    },
    {
      "id": 2641,
      "amount": 5
    },
    {
      "id": 5555,
      "amount": 5
    },
    {
      "id": 13129,
      "amount": 1
    },
    {
      "id": 5553,
      "amount": 3
    },
    {
      "id": 2651,
      "amount": 3
    },
    {
      "id": 10376,
      "amount": 1
    },
    {
      "id": 5557,
      "amount": 1
    },
    {
      "id": 13112,
      "amount": 1
    },
    {
      "id": 4730,
      "amount": 1
    },
    {
      "id": 10374,
      "amount": 1
    },
    {
      "id": 12494,
      "amount": 1
    },
    {
      "id": 5554,
      "amount": 1
    },
    {
      "id": 12506,
      "amount": 1
    },
    {
      "id": 12508,
      "amount": 1
    },
    {
      "id": 13118,
      "amount": 1
    },
    {
      "id": 11260,
      "amount": 23
    },
    {
      "id": 946,
      "amount": 1
    },
    {
      "id": 48,
      "amount": 10
    },
    {
      "id": 4179,
      "amount": 1
    },
    {
      "id": 1349,
      "amount": 1
    },
    {
      "id": 45,
      "amount": 252
    },
    {
      "id": 1611,
      "amount": 1
    },
    {
      "id": 1613,
      "amount": 1
    },
    {
      "id": 10294,
      "amount": 1
    },
    {
      "id": 12869,
      "amount": 1
    },
    {
      "id": 1185,
      "amount": 1
    },
    {
      "id": 2497,
      "amount": 1
    },
    {
      "id": 12865,
      "amount": 1
    },
    {
      "id": 10286,
      "amount": 1
    },
    {
      "id": 2673,
      "amount": 1
    },
    {
      "id": 2363,
      "amount": 1
    },
    {
      "id": 2653,
      "amount": 1
    },
    {
      "id": 1619,
      "amount": 6
    },
    {
      "id": 1621,
      "amount": 120
    },
    {
      "id": 1201,
      "amount": 3
    },
    {
      "id": 1357,
      "amount": 1
    },
    {
      "id": 5075,
      "amount": 1
    },
    {
      "id": 2809,
      "amount": 1
    },
    {
      "id": 1113,
      "amount": 1
    },
    {
      "id": 20137,
      "amount": 2
    },
    {
      "id": 7342,
      "amount": 1
    },
    {
      "id": 10444,
      "amount": 1
    },
    {
      "id": 2663,
      "amount": 1
    },
    {
      "id": 4585,
      "amount": 1
    },
    {
      "id": 1319,
      "amount": 1
    },
    {
      "id": 4759,
      "amount": 1
    },
    {
      "id": 4749,
      "amount": 1
    },
    {
      "id": 2639,
      "amount": 4
    },
    {
      "id": 1617,
      "amount": 28
    },
    {
      "id": 20128,
      "amount": 1
    },
    {
      "id": 2661,
      "amount": 1
    },
    {
      "id": 217,
      "amount": 20
    },
    {
      "id": 1592,
      "amount": 1
    },
    {
      "id": 995,
      "amount": 15695086
    },
    {
      "id": 1755,
      "amount": 1
    },
    {
      "id": 1434,
      "amount": 1
    },
    null,
    null,
    null,
    null,
    null,
    null,
    null,
    null,
    null,
    null,
    null,
    null,
    null,
    null,
    null,
    null,
    null,
    null,
    null,
    null,
    null,
    null,
    null,
    null,
    null,
    null,
    null,
    null,
    null,
    null,
    null,
    null,
    null,
    null,
    null,
    null,
    null,
    null,
    null,
    null,
    null,
    null,
    null,
    null,
    null,
    null,
    null,
    null,
    null,
    null,
    null,
    null,
    null,
    null,
    null,
    null,
    null,
    null,
    null,
    null,
    null,
    null,
    null,
    null,
    null,
    null,
    null,
    null,
    null,
    null,
    null,
    null,
    null,
    null,
    null,
    null,
    null,
    null,
    null,
    null,
    null,
    null,
    null,
    null,
    null,
    null,
    null,
    null,
    null,
    null,
    null,
    null,
    null,
    null,
    null,
    null,
    null,
    null,
    null,
    null,
    null,
    null,
    null,
    null,
    null,
    null,
    null,
    null,
    null,
    null,
    null,
    null,
    null,
    null,
    null,
    null,
    null,
    null,
    null,
    null,
    null,
    null,
    null,
    null,
    null,
    null,
    null,
    null,
    null,
    null,
    null,
    null,
    null,
    null,
    null,
    null,
    null,
    null,
    null,
    null,
    null,
    null,
    null,
    null,
    null,
    null,
    null,
    null,
    null,
    null,
    null,
    null,
    null,
    null,
    null,
    null,
    null,
    null,
    null,
    null,
    null,
    null,
    null,
    null,
    null,
    null,
    null,
    null,
    null,
    null,
    null,
    null,
    null,
    null,
    null,
    null,
    null,
    null,
    null,
    null,
    null,
    null,
    null,
    null,
    null,
    null,
    null,
    null,
    null,
    null,
    null,
    null
  ],
  "tabAmounts": [
    158,
    0,
    0,
    0,
    0,
    0,
    0,
    0,
    0,
    0
  ],
  "inventory": [
    {
      "id": 311,
      "amount": 1
    },
    {
      "id": 383,
      "amount": 1
    },
    {
      "id": 383,
      "amount": 1
    },
    {
      "id": 383,
      "amount": 1
    },
    {
      "id": 383,
      "amount": 1
    },
    {
      "id": 383,
      "amount": 1
    },
    {
      "id": 383,
      "amount": 1
    },
    {
      "id": 383,
      "amount": 1
    },
    {
      "id": 383,
      "amount": 1
    },
    {
      "id": 383,
      "amount": 1
    },
    {
      "id": 383,
      "amount": 1
    },
    {
      "id": 383,
      "amount": 1
    },
    {
      "id": 383,
      "amount": 1
    },
    {
      "id": 383,
      "amount": 1
    },
    {
      "id": 383,
      "amount": 1
    },
    {
      "id": 383,
      "amount": 1
    },
    {
      "id": 383,
      "amount": 1
    },
    {
      "id": 383,
      "amount": 1
    },
    {
      "id": 383,
      "amount": 1
    },
    {
      "id": 383,
      "amount": 1
    },
    {
      "id": 383,
      "amount": 1
    },
    {
      "id": 383,
      "amount": 1
    },
    {
      "id": 383,
      "amount": 1
    },
    {
      "id": 383,
      "amount": 1
    },
    {
      "id": 383,
      "amount": 1
    },
    {
      "id": 383,
      "amount": 1
    },
    {
      "id": 383,
      "amount": 1
    },
    {
      "id": 383,
      "amount": 1
    }
  ],
  "equipment": [
    {
      "id": 2643,
      "amount": 1
    },
    {
      "id": 13121,
      "amount": 1
    },
    {
      "id": 13133,
      "amount": 1
    },
    {
      "id": 10010,
      "amount": 1
    },
    {
      "id": 13105,
      "amount": 1
    },
    {
      "id": 12608,
      "amount": 1
    },
    null,
    {
      "id": 12510,
      "amount": 1
    },
    null,
    {
      "id": 5556,
      "amount": 1
    },
    {
      "id": 5557,
      "amount": 1
    },
    null,
    null,
    null
  ],
  "shopItems": [
    null,
    null,
    null,
    null,
    null,
    null,
    null,
    null,
    null,
    null,
    null,
    null,
    null,
    null,
    null,
    null,
    null,
    null,
    null,
    null,
    null,
    null,
    null,
    null,
    null,
    null,
    null,
    null,
    null,
    null,
    null,
    null,
    null,
    null,
    null,
    null
  ],
  "shopPrices": [
    0,
    0,
    0,
    0,
    0,
    0,
    0,
    0,
    0,
    0,
    0,
    0,
    0,
    0,
    0,
    0,
    0,
    0,
    0,
    0,
    0,
    0,
    0,
    0,
    0,
    0,
    0,
    0,
    0,
    0,
    0,
    0,
    0,
    0,
    0,
    0
  ],
  "pouches": [
    0,
    0,
    0,
    0
  ]
}