{
  "bank": [
    {
      "id": 2444,
      "amount": 2
    },
    {
      "id": 557,
      "amount": 250
    },
    {
      "id": 558,
      "amount": 250
    },
    {
      "id": 563,
      "amount": 50
    },
    {
      "id": 561,
      "amount": 30
    },
    {
      "id": 562,
      "amount": 4452
    },
    {
      "id": 7946,
      "amount": 442
    },
    {
      "id": 1323,
      "amount": 1
    },
    {
      "id": 1191,
      "amount": 1
    },
    {
      "id": 2434,
      "amount": 280
    },
    {
      "id": 229,
      "amount": 5
    },
    {
      "id": 13307,
      "amount": 8727
    },
    {
      "id": 4587,
      "amount": 1
    },
    {
      "id": 2366,
      "amount": 2
    },
    {
      "id": 985,
      "amount": 2
    },
    {
      "id": 12197,
      "amount": 1
    },
    {
      "id": 199,
      "amount": 28
    },
    {
      "id": 211,
      "amount": 5
    },
    {
      "id": 1163,
      "amount": 8
    },
    {
      "id": 1025,
      "amount": 3
    },
    {
      "id": 371,
      "amount": 32
    },
    {
      "id": 1617,
      "amount": 84
    },
    {
      "id": 13118,
      "amount": 1
    },
    {
      "id": 2649,
      "amount": 4
    },
    {
      "id": 10372,
      "amount": 1
    },
    {
      "id": 13117,
      "amount": 1
    },
    {
      "id": 4740,
      "amount": 1128
    },
    {
      "id": 10378,
      "amount": 1
    },
    {
      "id": 10390,
      "amount": 2
    },
    {
      "id": 1623,
      "amount": 124
    },
    {
      "id": 9185,
      "amount": 3
    },
    {
      "id": 1079,
      "amount": 6
    },
    {
      "id": 2669,
      "amount": 1
    },
    {
      "id": 4131,
      "amount": 5
    },
    {
      "id": 205,
      "amount": 100
    },
    {
      "id": 2645,
      "amount": 4
    },
    {
      "id": 2651,
      "amount": 5
    },
    {
      "id": 391,
      "amount": 24
    },
    {
      "id": 1113,
      "amount": 2
    },
    {
      "id": 2661,
      "amount": 1
    },
    {
      "id": 2363,
      "amount": 12
    },
    {
      "id": 1127,
      "amount": 4
    },
    {
      "id": 10368,
      "amount": 1
    },
    {
      "id": 1201,
      "amount": 5
    },
    {
      "id": 209,
      "amount": 18
    },
    {
      "id": 2639,
      "amount": 1
    },
    {
      "id": 1621,
      "amount": 18
    },
    {
      "id": 1093,
      "amount": 4
    },
    {
      "id": 20166,
      "amount": 3
    },
    {
      "id": 12508,
      "amount": 2
    },
    {
      "id": 1149,
      "amount": 1
    },
    {
      "id": 1377,
      "amount": 1
    },
    {
      "id": 1333,
      "amount": 1
    },
    {
      "id": 12494,
      "amount": 1
    },
    {
      "id": 10380,
      "amount": 1
    },
    {
      "id": 2635,
      "amount": 4
    },
    {
      "id": 1187,
      "amount": 1
    },
    {
      "id": 10388,
      "amount": 1
    },
    {
      "id": 4012,
      "amount": 3
    },
    {
      "id": 217,
      "amount": 18
    },
    {
      "id": 2643,
      "amount": 6
    },
    {
      "id": 2550,
      "amount": 4
    },
    {
      "id": 13105,
      "amount": 2
    },
    {
      "id": 2641,
      "amount": 2
    },
    {
      "id": 12195,
      "amount": 1
    },
    {
      "id": 12086,
      "amount": 1
    },
    {
      "id": 2673,
      "amount": 1
    },
    {
      "id": 10382,
      "amount": 1
    },
    {
      "id": 385,
      "amount": 1
    },
    {
      "id": 10374,
      "amount": 1
    },
    {
      "id": 12512,
      "amount": 1
    },
    {
      "id": 2671,
      "amount": 2
    },
    {
      "id": 1319,
      "amount": 1
    },
    {
      "id": 10376,
      "amount": 1
    },
    {
      "id": 451,
      "amount": 9
    },
    {
      "id": 2655,
      "amount": 1
    },
    {
      "id": 7936,
      "amount": 7
    },
    {
      "id": 995,
      "amount": 125000
    },
    {
      "id": 143,
      "amount": 1
    },
    {
      "id": 1619,
      "amount": 22
    },
    {
      "id": 554,
      "amount": 3279
    },
    {
      "id": 556,
      "amount": 12349
    },
    {
      "id": 141,
      "amount": 1
    },
    {
      "id": 139,
      "amount": 1
    },
    {
      "id": 1249,
      "amount": 1
    },
    {
      "id": 11260,
      "amount": 465
    },
    {
      "id": 12789,
      "amount": 24
    },
    null,
    null,
    null,
    null,
    null,
    null,
    null,
    null,
    null,
    null,
    null,
    null,
    null,
    null,
    null,
    null,
    null,
    null,
    null,
    null,
    null,
    null,
    null,
    null,
    null,
    null,
    null,
    null,
    null,
    null,
    null,
    null,
    null,
    null,
    null,
    null,
    null,
    null,
    null,
    null,
    null,
    null,
    null,
    null,
    null,
    null,
    null,
    null,
    null,
    null,
    null,
    null,
    null,
    null,
    null,
    null,
    null,
    null,
    null,
    null,
    null,
    null,
    null,
    null,
    null,
    null,
    null,
    null,
    null,
    null,
    null,
    null,
    null,
    null,
    null,
    null,
    null,
    null,
    null,
    null,
    null,
    null,
    null,
    null,
    null,
    null,
    null,
    null,
    null,
    null,
    null,
    null,
    null,
    null,
    null,
    null,
    null,
    null,
    null,
    null,
    null,
    null,
    null,
    null,
    null,
    null,
    null,
    null,
    null,
    null,
    null,
    null,
    null,
    null,
    null,
    null,
    null,
    null,
    null,
    null,
    null,
    null,
    null,
    null,
    null,
    null,
    null,
    null,
    null,
    null,
    null,
    null,
    null,
    null,
    null,
    null,
    null,
    null,
    null,
    null,
    null,
    null,
    null,
    null,
    null,
    null,
    null,
    null,
    null,
    null,
    null,
    null,
    null,
    null,
    null,
    null,
    null,
    null,
    null,
    null,
    null,
    null,
    null,
    null,
    null,
    null,
    null,
    null,
    null,
    null,
    null,
    null,
    null,
    null,
    null,
    null,
    null,
    null,
    null,
    null,
    null,
    null,
    null,
    null,
    null,
    null,
    null,
    null,
    null,
    null,
    null,
    null,
    null,
    null,
    null,
    null,
    null,
    null,
    null,
    null,
    null,
    null,
    null,
    null,
    null,
    null,
    null,
    null,
    null,
    null,
    null,
    null,
    null,
    null,
    null,
    null,
    null,
    null,
    null,
    null,
    null,
    null,
    null,
    null,
    null,
    null,
    null,
    null,
    null,
    null,
    null,
    null,
    null,
    null,
    null,
    null,
    null,
    null,
    null,
    null,
    null,
    null,
    null,
    null,
    null,
    null,
    null,
    null,
    null,
    null,
    null,
    null,
    null,
    null,
    null,
    null,
    null,
    null,
    null,
    null,
    null,
    null,
    null,
    null,
    null,
    null,
    null,
    null,
    null,
    null,
    null,
    null,
    null,
    null,
    null,
    null,
    null,
    null,
    null,
    null,
    null,
    null,
    null,
    null,
    null,
    null,
    null,
    null,
    null,
    null,
    null,
    null,
    null,
    null,
    null,
    null,
    null,
    null,
    null,
    null,
    null,
    null,
    null,
    null,
    null,
    null,
    null,
    null,
    null,
    null,
    null,
    null,
    null,
    null,
    null,
    null,
    null,
    null,
    null,
    null,
    null,
    null,
    null,
    null,
    null,
    null,
    null,
    null,
    null,
    null,
    null,
    null,
    null,
    null,
    null,
    null,
    null,
    null,
    null,
    null,
    null,
    null,
    null,
    null,
    null,
    null,
    null,
    null,
    null,
    null,
    null,
    null,
    null,
    null,
    null,
    null,
    null,
    null,
    null,
    null,
    null,
    null,
    null,
    null,
    null,
    null,
    null,
    null,
    null,
    null,
    null,
    null,
    null,
    null,
    null,
    null,
    null,
    null,
    null,
    null,
    null,
    null,
    null,
    null,
    null,
    null,
    null,
    null,
    null,
    null,
    null,
    null,
    null,
    null,
    null,
    null,
    null,
    null,
    null,
    null,
    null,
    null,
    null,
    null,
    null,
    null,
    null,
    null,
    null,
    null,
    null,
    null,
    null,
    null,
    null,
    null,
    null,
    null,
    null,
    null,
    null,
    null,
    null,
    null,
    null,
    null,
    null,
    null,
    null,
    null,
    null,
    null,
    null,
    null,
    null,
    null,
    null,
    null,
    null,
    null,
    null,
    null,
    null,
    null,
    null,
    null,
    null,
    null,
    null,
    null,
    null,
    null,
    null,
    null,
    null,
    null,
    null,
    null,
    null,
    null,
    null,
    null,
    null,
    null,
    null,
    null,
    null,
    null,
    null,
    null,
    null,
    null,
    null,
    null,
    null,
    null,
    null,
    null,
    null,
    null,
    null,
    null,
    null,
    null,
    null,
    null,
    null,
    null,
    null,
    null,
    null,
    null,
    null,
    null,
    null,
    null,
    null,
    null,
    null,
    null,
    null,
    null,
    null,
    null,
    null,
    null,
    null,
    null,
    null,
    null,
    null,
    null,
    null,
    null,
    null,
    null,
    null,
    null,
    null,
    null,
    null,
    null,
    null,
    null,
    null,
    null,
    null,
    null,
    null,
    null,
    null,
    null,
    null,
    null,
    null,
    null,
    null,
    null,
    null,
    null,
    null,
    null,
    null,
    null,
    null,
    null,
    null,
    null,
    null,
    null,
    null,
    null,
    null,
    null,
    null,
    null,
    null,
    null,
    null,
    null,
    null,
    null,
    null,
    null,
    null,
    null,
    null,
    null,
    null,
    null,
    null,
    null,
    null,
    null,
    null,
    null,
    null,
    null,
    null,
    null,
    null,
    null,
    null,
    null,
    null,
    null,
    null,
    null,
    null,
    null,
    null,
    null,
    null,
    null,
    null,
    null,
    null,
    null,
    null,
    null,
    null,
    null,
    null,
    null,
    null,
    null,
    null,
    null,
    null,
    null,
    null,
    null,
    null,
    null,
    null,
    null,
    null,
    null,
    null,
    null,
    null,
    null,
    null,
    null,
    null,
    null,
    null,
    null,
    null,
    null,
    null,
    null,
    null,
    null,
    null,
    null,
    null,
    null,
    null,
    null,
    null,
    null,
    null,
    null,
    null,
    null,
    null,
    null,
    null,
    null,
    null,
    null,
    null,
    null,
    null,
    null,
    null,
    null,
    null,
    null,
    null,
    null,
    null
  ],
  "tabAmounts": [
    85,
    2,
    0,
    0,
    0,
    0,
    0,
    0,
    0,
    0
  ],
  "inventory": [
    {
      "id": 560,
      "amount": 3580
    },
    {
      "id": 565,
      "amount": 9185
    },
    {
      "id": 555,
      "amount": 8189
    },
    {
      "id": 141,
      "amount": 1
    },
    {
      "id": 2434,
      "amount": 1
    },
    {
      "id": 2434,
      "amount": 1
    },
    {
      "id": 139,
      "amount": 1
    },
    null,
    {
      "id": 990,
      "amount": 1
    },
    {
      "id": 13307,
      "amount": 646
    },
    null,
    null,
    {
      "id": 7946,
      "amount": 1
    },
    null,
    null,
    null,
    {
      "id": 7946,
      "amount": 1
    },
    {
      "id": 7946,
      "amount": 1
    },
    {
      "id": 7946,
      "amount": 1
    },
    {
      "id": 7946,
      "amount": 1
    },
    {
      "id": 7946,
      "amount": 1
    },
    {
      "id": 7946,
      "amount": 1
    },
    {
      "id": 7946,
      "amount": 1
    },
    {
      "id": 7946,
      "amount": 1
    },
    {
      "id": 7946,
      "amount": 1
    },
    {
      "id": 7946,
      "amount": 1
    },
    {
      "id": 7946,
      "amount": 1
    },
    {
      "id": 7946,
      "amount": 1
    }
  ],
  "equipment": [
    {
      "id": 4089,
      "amount": 1
    },
    {
      "id": 12197,
      "amount": 1
    },
    null,
    {
      "id": 4675,
      "amount": 1
    },
    {
      "id": 4091,
      "amount": 1
    },
    {
      "id": 12610,
      "amount": 1
    },
    null,
    {
      "id": 4093,
      "amount": 1
    },
    null,
    null,
    null,
    null,
    null,
    null
  ],
  "lootingBag": [],
  "shopItems": [
    null,
    null,
    null,
    null,
    null,
    null,
    null,
    null,
    null,
    null,
    null,
    null,
    null,
    null,
    null,
    null,
    null,
    null,
    null,
    null,
    null,
    null,
    null,
    null,
    null,
    null,
    null,
    null,
    null,
    null,
    null,
    null,
    null,
    null,
    null,
    null
  ],
  "shopPrices": [
    0,
    0,
    0,
    0,
    0,
    0,
    0,
    0,
    0,
    0,
    0,
    0,
    0,
    0,
    0,
    0,
    0,
    0,
    0,
    0,
    0,
    0,
    0,
    0,
    0,
    0,
    0,
    0,
    0,
    0,
    0,
    0,
    0,
    0,
    0,
    0
  ],
  "pouches": [
    0,
    0,
    0,
    0
  ]
}