{
  "bank": [
    {
      "id": 385,
      "amount": 79
    },
    {
      "id": 2436,
      "amount": 10
    },
    {
      "id": 2440,
      "amount": 10
    },
    {
      "id": 2442,
      "amount": 10
    },
    {
      "id": 2444,
      "amount": 10
    },
    {
      "id": 3040,
      "amount": 10
    },
    {
      "id": 3024,
      "amount": 9
    },
    {
      "id": 6603,
      "amount": 1
    },
    {
      "id": 9705,
      "amount": 1
    },
    {
      "id": 9706,
      "amount": 500
    },
    {
      "id": 10025,
      "amount": 1
    },
    {
      "id": 6528,
      "amount": 1
    },
    {
      "id": 217,
      "amount": 252
    },
    {
      "id": 2635,
      "amount": 12
    },
    {
      "id": 9185,
      "amount": 3
    },
    {
      "id": 12502,
      "amount": 4
    },
    {
      "id": 209,
      "amount": 423
    },
    {
      "id": 2645,
      "amount": 13
    },
    {
      "id": 2641,
      "amount": 6
    },
    {
      "id": 12512,
      "amount": 3
    },
    {
      "id": 199,
      "amount": 461
    },
    {
      "id": 10370,
      "amount": 1
    },
    {
      "id": 371,
      "amount": 152
    },
    {
      "id": 12494,
      "amount": 2
    },
    {
      "id": 1025,
      "amount": 11
    },
    {
      "id": 4012,
      "amount": 8
    },
    {
      "id": 2649,
      "amount": 8
    },
    {
      "id": 1623,
      "amount": 174
    },
    {
      "id": 12506,
      "amount": 3
    },
    {
      "id": 20166,
      "amount": 8
    },
    {
      "id": 211,
      "amount": 335
    },
    {
      "id": 2643,
      "amount": 5
    },
    {
      "id": 2550,
      "amount": 7
    },
    {
      "id": 12510,
      "amount": 1
    },
    {
      "id": 20134,
      "amount": 2
    },
    {
      "id": 10388,
      "amount": 2
    },
    {
      "id": 12498,
      "amount": 1
    },
    {
      "id": 10368,
      "amount": 3
    },
    {
      "id": 4131,
      "amount": 6
    },
    {
      "id": 20137,
      "amount": 1
    },
    {
      "id": 12508,
      "amount": 3
    },
    {
      "id": 215,
      "amount": 169
    },
    {
      "id": 1187,
      "amount": 2
    },
    {
      "id": 205,
      "amount": 436
    },
    {
      "id": 12086,
      "amount": 1
    },
    {
      "id": 1359,
      "amount": 1
    },
    {
      "id": 19712,
      "amount": 8
    },
    {
      "id": 19716,
      "amount": 11
    },
    {
      "id": 19714,
      "amount": 10
    },
    {
      "id": 13113,
      "amount": 3
    },
    {
      "id": 4740,
      "amount": 1605
    },
    {
      "id": 4587,
      "amount": 1
    },
    {
      "id": 12492,
      "amount": 2
    },
    {
      "id": 13322,
      "amount": 1
    },
    {
      "id": 10933,
      "amount": 5
    },
    {
      "id": 10939,
      "amount": 3
    },
    {
      "id": 10941,
      "amount": 1
    },
    {
      "id": 10940,
      "amount": 1
    },
    {
      "id": 13137,
      "amount": 1
    },
    {
      "id": 13104,
      "amount": 1
    },
    {
      "id": 13112,
      "amount": 1
    },
    {
      "id": 13117,
      "amount": 1
    },
    {
      "id": 13108,
      "amount": 1
    },
    {
      "id": 13121,
      "amount": 1
    },
    {
      "id": 13129,
      "amount": 1
    },
    {
      "id": 13133,
      "amount": 1
    },
    {
      "id": 13125,
      "amount": 1
    },
    {
      "id": 12013,
      "amount": 19
    },
    {
      "id": 12014,
      "amount": 17
    },
    {
      "id": 13321,
      "amount": 8
    },
    {
      "id": 12016,
      "amount": 30
    },
    {
      "id": 12015,
      "amount": 22
    },
    {
      "id": 7500,
      "amount": 5
    },
    {
      "id": 3026,
      "amount": 1
    },
    {
      "id": 11849,
      "amount": 7
    },
    {
      "id": 2679,
      "amount": 1
    },
    {
      "id": 213,
      "amount": 150
    },
    {
      "id": 201,
      "amount": 375
    },
    {
      "id": 203,
      "amount": 375
    },
    {
      "id": 207,
      "amount": 150
    },
    {
      "id": 219,
      "amount": 150
    },
    {
      "id": 391,
      "amount": 48
    },
    {
      "id": 10444,
      "amount": 3
    },
    {
      "id": 2651,
      "amount": 9
    },
    {
      "id": 1617,
      "amount": 98
    },
    {
      "id": 20140,
      "amount": 1
    },
    {
      "id": 12496,
      "amount": 3
    },
    {
      "id": 10376,
      "amount": 1
    },
    {
      "id": 2639,
      "amount": 13
    },
    {
      "id": 4675,
      "amount": 1
    },
    {
      "id": 20128,
      "amount": 1
    },
    {
      "id": 12193,
      "amount": 1
    },
    {
      "id": 12199,
      "amount": 1
    },
    {
      "id": 6527,
      "amount": 2
    },
    {
      "id": 1621,
      "amount": 42
    },
    {
      "id": 12195,
      "amount": 1
    },
    {
      "id": 12490,
      "amount": 3
    },
    {
      "id": 12610,
      "amount": 2
    },
    {
      "id": 12500,
      "amount": 1
    },
    {
      "id": 12197,
      "amount": 1
    },
    {
      "id": 1149,
      "amount": 1
    },
    {
      "id": 12612,
      "amount": 1
    },
    {
      "id": 12504,
      "amount": 2
    },
    {
      "id": 10380,
      "amount": 1
    },
    {
      "id": 20131,
      "amount": 1
    },
    {
      "id": 10374,
      "amount": 1
    },
    {
      "id": 1567,
      "amount": 1
    },
    {
      "id": 1275,
      "amount": 1
    },
    {
      "id": 11136,
      "amount": 1
    },
    {
      "id": 13307,
      "amount": 1000
    },
    {
      "id": 995,
      "amount": 250000
    },
    {
      "id": 5298,
      "amount": 10
    },
    null,
    null,
    null,
    null,
    null,
    null,
    null,
    null,
    null,
    null,
    null,
    null,
    null,
    null,
    null,
    null,
    null,
    null,
    null,
    null,
    null,
    null,
    null,
    null,
    null,
    null,
    null,
    null,
    null,
    null,
    null,
    null,
    null,
    null,
    null,
    null,
    null,
    null,
    null,
    null,
    null,
    null,
    null,
    null,
    null,
    null,
    null,
    null,
    null,
    null,
    null,
    null,
    null,
    null,
    null,
    null,
    null,
    null,
    null,
    null,
    null,
    null,
    null,
    null,
    null,
    null,
    null,
    null,
    null,
    null,
    null,
    null,
    null,
    null,
    null,
    null,
    null,
    null,
    null,
    null,
    null,
    null,
    null,
    null,
    null,
    null,
    null,
    null,
    null,
    null,
    null,
    null,
    null,
    null,
    null,
    null,
    null,
    null,
    null,
    null,
    null,
    null,
    null,
    null,
    null,
    null,
    null,
    null,
    null,
    null,
    null,
    null,
    null,
    null,
    null,
    null,
    null,
    null,
    null,
    null,
    null,
    null,
    null,
    null,
    null,
    null,
    null,
    null,
    null,
    null,
    null,
    null,
    null,
    null,
    null,
    null,
    null,
    null,
    null,
    null,
    null,
    null,
    null,
    null,
    null,
    null,
    null,
    null,
    null,
    null,
    null,
    null,
    null,
    null,
    null,
    null,
    null,
    null,
    null,
    null,
    null,
    null,
    null,
    null,
    null,
    null,
    null,
    null,
    null,
    null,
    null,
    null,
    null,
    null,
    null,
    null,
    null,
    null,
    null,
    null,
    null,
    null,
    null,
    null,
    null,
    null,
    null,
    null,
    null,
    null,
    null,
    null,
    null,
    null,
    null,
    null,
    null,
    null,
    null,
    null,
    null,
    null,
    null,
    null,
    null,
    null,
    null,
    null,
    null,
    null,
    null,
    null,
    null,
    null,
    null,
    null,
    null,
    null,
    null,
    null,
    null,
    null,
    null,
    null,
    null,
    null,
    null,
    null,
    null,
    null,
    null,
    null,
    null,
    null,
    null,
    null,
    null,
    null,
    null,
    null,
    null,
    null,
    null,
    null,
    null,
    null,
    null,
    null,
    null,
    null,
    null,
    null,
    null,
    null,
    null,
    null,
    null,
    null,
    null,
    null,
    null,
    null,
    null,
    null,
    null,
    null,
    null,
    null,
    null,
    null,
    null,
    null,
    null,
    null,
    null,
    null,
    null,
    null,
    null,
    null,
    null,
    null,
    null,
    null,
    null,
    null,
    null,
    null,
    null,
    null,
    null,
    null,
    null,
    null,
    null,
    null,
    null,
    null,
    null,
    null,
    null,
    null,
    null,
    null,
    null,
    null,
    null,
    null,
    null,
    null,
    null,
    null,
    null,
    null,
    null,
    null,
    null,
    null,
    null,
    null,
    null,
    null,
    null,
    null,
    null,
    null,
    null,
    null,
    null,
    null,
    null,
    null,
    null,
    null,
    null,
    null,
    null,
    null,
    null,
    null,
    null,
    null,
    null,
    null,
    null,
    null,
    null,
    null,
    null,
    null,
    null,
    null,
    null,
    null,
    null,
    null,
    null,
    null,
    null,
    null,
    null,
    null,
    null,
    null,
    null,
    null,
    null,
    null,
    null,
    null,
    null,
    null,
    null,
    null,
    null,
    null,
    null,
    null,
    null,
    null,
    null,
    null,
    null,
    null,
    null,
    null,
    null,
    null,
    null,
    null,
    null,
    null,
    null,
    null,
    null,
    null,
    null,
    null,
    null,
    null,
    null,
    null,
    null,
    null,
    null,
    null,
    null,
    null,
    null,
    null,
    null,
    null,
    null,
    null,
    null,
    null,
    null,
    null,
    null,
    null,
    null,
    null,
    null,
    null,
    null,
    null,
    null,
    null,
    null,
    null,
    null,
    null,
    null,
    null,
    null,
    null,
    null,
    null,
    null,
    null,
    null,
    null,
    null,
    null,
    null,
    null,
    null,
    null,
    null,
    null,
    null,
    null,
    null,
    null,
    null,
    null,
    null,
    null,
    null,
    null,
    null,
    null,
    null,
    null,
    null,
    null,
    null,
    null,
    null,
    null,
    null,
    null,
    null,
    null,
    null,
    null,
    null,
    null,
    null,
    null,
    null,
    null,
    null,
    null,
    null,
    null,
    null,
    null,
    null,
    null,
    null,
    null,
    null,
    null,
    null,
    null,
    null,
    null,
    null,
    null,
    null,
    null,
    null,
    null,
    null,
    null,
    null,
    null,
    null,
    null,
    null,
    null,
    null,
    null,
    null,
    null,
    null,
    null,
    null,
    null,
    null,
    null,
    null,
    null,
    null,
    null,
    null,
    null,
    null,
    null,
    null,
    null,
    null,
    null,
    null,
    null,
    null,
    null,
    null,
    null,
    null,
    null,
    null,
    null,
    null,
    null,
    null,
    null,
    null,
    null,
    null,
    null,
    null,
    null,
    null,
    null,
    null,
    null,
    null,
    null,
    null,
    null,
    null,
    null,
    null,
    null,
    null,
    null,
    null,
    null,
    null,
    null,
    null,
    null,
    null,
    null,
    null,
    null,
    null,
    null,
    null,
    null,
    null,
    null,
    null,
    null,
    null,
    null,
    null,
    null,
    null,
    null,
    null,
    null,
    null,
    null,
    null,
    null,
    null,
    null,
    null,
    null,
    null,
    null,
    null,
    null,
    null,
    null,
    null,
    null,
    null,
    null,
    null,
    null,
    null,
    null,
    null,
    null,
    null,
    null,
    null,
    null,
    null,
    null,
    null,
    null,
    null,
    null,
    null,
    null,
    null,
    null,
    null,
    null,
    null,
    null,
    null,
    null
  ],
  "tabAmounts": [
    112,
    0,
    0,
    0,
    0,
    0,
    0,
    0,
    0,
    0
  ],
  "inventory": [
    null,
    null,
    null,
    null,
    null,
    null,
    null,
    null,
    null,
    null,
    null,
    null,
    null,
    null,
    null,
    null,
    null,
    null,
    null,
    null,
    null,
    null,
    null,
    null,
    null,
    null,
    null,
    null
  ],
  "equipment": [
    null,
    null,
    null,
    {
      "id": 1359,
      "amount": 1
    },
    null,
    null,
    null,
    null,
    null,
    null,
    null,
    null,
    null,
    null
  ],
  "lootingBag": [],
  "shopItems": [
    null,
    null,
    null,
    null,
    null,
    null,
    null,
    null,
    null,
    null,
    null,
    null,
    null,
    null,
    null,
    null,
    null,
    null,
    null,
    null,
    null,
    null,
    null,
    null,
    null,
    null,
    null,
    null,
    null,
    null,
    null,
    null,
    null,
    null,
    null,
    null
  ],
  "shopPrices": [
    0,
    0,
    0,
    0,
    0,
    0,
    0,
    0,
    0,
    0,
    0,
    0,
    0,
    0,
    0,
    0,
    0,
    0,
    0,
    0,
    0,
    0,
    0,
    0,
    0,
    0,
    0,
    0,
    0,
    0,
    0,
    0,
    0,
    0,
    0,
    0
  ],
  "pouches": [
    0,
    0,
    0,
    0
  ]
}