{
  "bank": [
    {
      "id": 995,
      "amount": 941285
    },
    {
      "id": 385,
      "amount": 68
    },
    {
      "id": 1567,
      "amount": 1
    },
    {
      "id": 4587,
      "amount": 1
    },
    {
      "id": 1331,
      "amount": 1
    },
    {
      "id": 2805,
      "amount": 1
    },
    {
      "id": 10828,
      "amount": 1
    },
    {
      "id": 1127,
      "amount": 1
    },
    {
      "id": 1201,
      "amount": 1
    },
    {
      "id": 1079,
      "amount": 2
    },
    {
      "id": 554,
      "amount": 750
    },
    {
      "id": 555,
      "amount": 750
    },
    {
      "id": 556,
      "amount": 750
    },
    {
      "id": 557,
      "amount": 750
    },
    {
      "id": 558,
      "amount": 250
    },
    {
      "id": 562,
      "amount": 100
    },
    {
      "id": 563,
      "amount": 95
    },
    {
      "id": 561,
      "amount": 30
    },
    {
      "id": 7936,
      "amount": 16
    },
    {
      "id": 560,
      "amount": 500
    },
    {
      "id": 6603,
      "amount": 1
    },
    {
      "id": 1381,
      "amount": 1
    },
    {
      "id": 9706,
      "amount": 489
    },
    {
      "id": 884,
      "amount": 2010
    },
    {
      "id": 9142,
      "amount": 1000
    },
    {
      "id": 9185,
      "amount": 1
    },
    {
      "id": 861,
      "amount": 1
    },
    {
      "id": 2503,
      "amount": 1
    },
    {
      "id": 2497,
      "amount": 1
    },
    {
      "id": 2491,
      "amount": 1
    },
    {
      "id": 10499,
      "amount": 1
    },
    {
      "id": 2436,
      "amount": 10
    },
    {
      "id": 2440,
      "amount": 10
    },
    {
      "id": 2442,
      "amount": 10
    },
    {
      "id": 2444,
      "amount": 9
    },
    {
      "id": 3040,
      "amount": 10
    },
    {
      "id": 3024,
      "amount": 10
    },
    {
      "id": 169,
      "amount": 1
    },
    {
      "id": 209,
      "amount": 34
    },
    {
      "id": 211,
      "amount": 20
    },
    {
      "id": 213,
      "amount": 10
    },
    {
      "id": 215,
      "amount": 10
    },
    {
      "id": 217,
      "amount": 10
    },
    {
      "id": 219,
      "amount": 10
    },
    {
      "id": 249,
      "amount": 11
    },
    {
      "id": 251,
      "amount": 25
    },
    {
      "id": 253,
      "amount": 25
    },
    {
      "id": 255,
      "amount": 25
    },
    {
      "id": 257,
      "amount": 10
    },
    {
      "id": 225,
      "amount": 30
    },
    {
      "id": 223,
      "amount": 20
    },
    {
      "id": 1975,
      "amount": 10
    },
    {
      "id": 239,
      "amount": 20
    },
    {
      "id": 231,
      "amount": 20
    },
    {
      "id": 2970,
      "amount": 20
    },
    {
      "id": 221,
      "amount": 6
    },
    {
      "id": 233,
      "amount": 1
    },
    {
      "id": 227,
      "amount": 2497
    },
    {
      "id": 121,
      "amount": 14
    },
    {
      "id": 985,
      "amount": 1
    },
    {
      "id": 10444,
      "amount": 1
    },
    {
      "id": 2639,
      "amount": 1
    },
    {
      "id": 1025,
      "amount": 1
    },
    {
      "id": 451,
      "amount": 9
    },
    {
      "id": 2363,
      "amount": 4
    },
    {
      "id": 1631,
      "amount": 1
    },
    {
      "id": 13137,
      "amount": 1
    },
    {
      "id": 13104,
      "amount": 1
    },
    {
      "id": 13112,
      "amount": 1
    },
    {
      "id": 13117,
      "amount": 1
    },
    {
      "id": 13108,
      "amount": 1
    },
    {
      "id": 13129,
      "amount": 1
    },
    {
      "id": 11136,
      "amount": 1
    },
    {
      "id": 13133,
      "amount": 1
    },
    {
      "id": 13125,
      "amount": 1
    },
    {
      "id": 5553,
      "amount": 1
    },
    {
      "id": 5555,
      "amount": 1
    },
    {
      "id": 13307,
      "amount": 500
    },
    null,
    null,
    null,
    null,
    null,
    null,
    null,
    null,
    null,
    null,
    null,
    null,
    null,
    null,
    null,
    null,
    null,
    null,
    null,
    null,
    null,
    null,
    null,
    null,
    null,
    null,
    null,
    null,
    null,
    null,
    null,
    null,
    null,
    null,
    null,
    null,
    null,
    null,
    null,
    null,
    null,
    null,
    null,
    null,
    null,
    null,
    null,
    null,
    null,
    null,
    null,
    null,
    null,
    null,
    null,
    null,
    null,
    null,
    null,
    null,
    null,
    null,
    null,
    null,
    null,
    null,
    null,
    null,
    null,
    null,
    null,
    null,
    null,
    null,
    null,
    null,
    null,
    null,
    null,
    null,
    null,
    null,
    null,
    null,
    null,
    null,
    null,
    null,
    null,
    null,
    null,
    null,
    null,
    null,
    null,
    null,
    null,
    null,
    null,
    null,
    null,
    null,
    null,
    null,
    null,
    null,
    null,
    null,
    null,
    null,
    null,
    null,
    null,
    null,
    null,
    null,
    null,
    null,
    null,
    null,
    null,
    null,
    null,
    null,
    null,
    null,
    null,
    null,
    null,
    null,
    null,
    null,
    null,
    null,
    null,
    null,
    null,
    null,
    null,
    null,
    null,
    null,
    null,
    null,
    null,
    null,
    null,
    null,
    null,
    null,
    null,
    null,
    null,
    null,
    null,
    null,
    null,
    null,
    null,
    null,
    null,
    null,
    null,
    null,
    null,
    null,
    null,
    null,
    null,
    null,
    null,
    null,
    null,
    null,
    null,
    null,
    null,
    null,
    null,
    null,
    null,
    null,
    null,
    null,
    null,
    null,
    null,
    null,
    null,
    null,
    null,
    null,
    null,
    null,
    null,
    null,
    null,
    null,
    null,
    null,
    null,
    null,
    null,
    null,
    null,
    null,
    null,
    null,
    null,
    null,
    null,
    null,
    null,
    null,
    null,
    null,
    null,
    null,
    null,
    null,
    null,
    null,
    null,
    null,
    null,
    null,
    null,
    null,
    null,
    null,
    null,
    null,
    null,
    null,
    null,
    null,
    null,
    null,
    null,
    null,
    null,
    null,
    null,
    null,
    null,
    null,
    null,
    null,
    null,
    null,
    null,
    null,
    null,
    null,
    null,
    null,
    null,
    null,
    null,
    null,
    null,
    null,
    null,
    null,
    null,
    null,
    null,
    null,
    null,
    null,
    null,
    null
  ],
  "tabAmounts": [
    10,
    12,
    9,
    28,
    4,
    3,
    11,
    0,
    0,
    0
  ],
  "inventory": [
    null,
    null,
    null,
    null,
    null,
    null,
    null,
    null,
    null,
    null,
    null,
    null,
    null,
    null,
    null,
    null,
    null,
    null,
    null,
    null,
    null,
    null,
    null,
    null,
    null,
    null,
    null,
    null
  ],
  "equipment": [
    {
      "id": 5554,
      "amount": 1
    },
    {
      "id": 13121,
      "amount": 1
    },
    null,
    null,
    {
      "id": 5553,
      "amount": 1
    },
    null,
    null,
    {
      "id": 5555,
      "amount": 1
    },
    null,
    null,
    null,
    null,
    null,
    null
  ],
  "lootingBag": [],
  "shopItems": [
    null,
    null,
    null,
    null,
    null,
    null,
    null,
    null,
    null,
    null,
    null,
    null,
    null,
    null,
    null,
    null,
    null,
    null,
    null,
    null,
    null,
    null,
    null,
    null,
    null,
    null,
    null,
    null,
    null,
    null,
    null,
    null,
    null,
    null,
    null,
    null
  ],
  "shopPrices": [
    0,
    0,
    0,
    0,
    0,
    0,
    0,
    0,
    0,
    0,
    0,
    0,
    0,
    0,
    0,
    0,
    0,
    0,
    0,
    0,
    0,
    0,
    0,
    0,
    0,
    0,
    0,
    0,
    0,
    0,
    0,
    0,
    0,
    0,
    0,
    0
  ],
  "pouches": [
    0,
    0,
    0,
    0
  ]
}