{
  "bank": [
    {
      "id": 565,
      "amount": 267480
    },
    {
      "id": 1777,
      "amount": 10734
    },
    {
      "id": 314,
      "amount": 2500
    },
    {
      "id": 1436,
      "amount": 86863
    },
    {
      "id": 1057,
      "amount": 1
    },
    {
      "id": 7936,
      "amount": 1026
    },
    {
      "id": 20134,
      "amount": 11
    },
    {
      "id": 20166,
      "amount": 48
    },
    {
      "id": 7944,
      "amount": 258
    },
    {
      "id": 385,
      "amount": 8607
    },
    {
      "id": 371,
      "amount": 3185
    },
    {
      "id": 211,
      "amount": 210
    },
    {
      "id": 2550,
      "amount": 50
    },
    {
      "id": 10386,
      "amount": 5
    },
    {
      "id": 12506,
      "amount": 11
    },
    {
      "id": 10376,
      "amount": 10
    },
    {
      "id": 12197,
      "amount": 8
    },
    {
      "id": 12502,
      "amount": 8
    },
    {
      "id": 1623,
      "amount": 579
    },
    {
      "id": 10382,
      "amount": 13
    },
    {
      "id": 10380,
      "amount": 13
    },
    {
      "id": 10828,
      "amount": 5
    },
    {
      "id": 10370,
      "amount": 9
    },
    {
      "id": 4751,
      "amount": 4
    },
    {
      "id": 209,
      "amount": 271
    },
    {
      "id": 12504,
      "amount": 10
    },
    {
      "id": 20140,
      "amount": 10
    },
    {
      "id": 12500,
      "amount": 10
    },
    {
      "id": 12193,
      "amount": 4
    },
    {
      "id": 12199,
      "amount": 10
    },
    {
      "id": 10384,
      "amount": 12
    },
    {
      "id": 4714,
      "amount": 1
    },
    {
      "id": 10450,
      "amount": 9
    },
    {
      "id": 13105,
      "amount": 8
    },
    {
      "id": 4757,
      "amount": 2
    },
    {
      "id": 20128,
      "amount": 8
    },
    {
      "id": 12195,
      "amount": 7
    },
    {
      "id": 10388,
      "amount": 6
    },
    {
      "id": 12496,
      "amount": 9
    },
    {
      "id": 6527,
      "amount": 7
    },
    {
      "id": 4587,
      "amount": 1
    },
    {
      "id": 12510,
      "amount": 10
    },
    {
      "id": 10378,
      "amount": 8
    },
    {
      "id": 6528,
      "amount": 6
    },
    {
      "id": 12498,
      "amount": 4
    },
    {
      "id": 12508,
      "amount": 6
    },
    {
      "id": 4753,
      "amount": 2
    },
    {
      "id": 20002,
      "amount": 9
    },
    {
      "id": 12203,
      "amount": 6
    },
    {
      "id": 13130,
      "amount": 13
    },
    {
      "id": 12608,
      "amount": 6
    },
    {
      "id": 13113,
      "amount": 17
    },
    {
      "id": 4745,
      "amount": 2
    },
    {
      "id": 10390,
      "amount": 11
    },
    {
      "id": 12492,
      "amount": 4
    },
    {
      "id": 13118,
      "amount": 12
    },
    {
      "id": 4755,
      "amount": 7
    },
    {
      "id": 4675,
      "amount": 4
    },
    {
      "id": 1149,
      "amount": 7
    },
    {
      "id": 10444,
      "amount": 11
    },
    {
      "id": 13117,
      "amount": 9
    },
    {
      "id": 12829,
      "amount": 2
    },
    {
      "id": 10368,
      "amount": 2
    },
    {
      "id": 10372,
      "amount": 12
    },
    {
      "id": 4728,
      "amount": 1
    },
    {
      "id": 4759,
      "amount": 4
    },
    {
      "id": 4712,
      "amount": 2
    },
    {
      "id": 12512,
      "amount": 10
    },
    {
      "id": 12526,
      "amount": 1
    },
    {
      "id": 20131,
      "amount": 7
    },
    {
      "id": 20161,
      "amount": 5
    },
    {
      "id": 5514,
      "amount": 1
    },
    {
      "id": 269,
      "amount": 10000
    },
    {
      "id": 227,
      "amount": 26560
    },
    {
      "id": 1127,
      "amount": 105
    },
    {
      "id": 2363,
      "amount": 1151
    },
    {
      "id": 451,
      "amount": 18221
    },
    {
      "id": 453,
      "amount": 64181
    },
    {
      "id": 449,
      "amount": 15227
    },
    {
      "id": 247,
      "amount": 9969
    },
    {
      "id": 1055,
      "amount": 1
    },
    {
      "id": 2452,
      "amount": 10
    },
    {
      "id": 2428,
      "amount": 1253
    },
    {
      "id": 113,
      "amount": 1249
    },
    {
      "id": 2432,
      "amount": 1488
    },
    {
      "id": 2448,
      "amount": 1500
    },
    {
      "id": 2446,
      "amount": 999
    },
    {
      "id": 2434,
      "amount": 666
    },
    {
      "id": 3040,
      "amount": 600
    },
    {
      "id": 391,
      "amount": 1842
    },
    {
      "id": 5556,
      "amount": 10
    },
    {
      "id": 5557,
      "amount": 9
    },
    {
      "id": 5553,
      "amount": 20
    },
    {
      "id": 5554,
      "amount": 18
    },
    {
      "id": 5555,
      "amount": 13
    },
    {
      "id": 9185,
      "amount": 2
    },
    {
      "id": 12610,
      "amount": 6
    },
    {
      "id": 1617,
      "amount": 407
    },
    {
      "id": 1601,
      "amount": 324
    },
    {
      "id": 1401,
      "amount": 1
    },
    {
      "id": 2641,
      "amount": 37
    },
    {
      "id": 20663,
      "amount": 7
    },
    {
      "id": 6529,
      "amount": 16064
    },
    {
      "id": 13124,
      "amount": 1
    },
    {
      "id": 141,
      "amount": 10
    },
    {
      "id": 115,
      "amount": 3
    },
    {
      "id": 121,
      "amount": 2
    },
    {
      "id": 123,
      "amount": 8
    },
    {
      "id": 117,
      "amount": 8
    },
    {
      "id": 561,
      "amount": 97
    },
    {
      "id": 1249,
      "amount": 1
    },
    {
      "id": 7986,
      "amount": 21
    },
    {
      "id": 1515,
      "amount": 450
    },
    {
      "id": 987,
      "amount": 3
    },
    {
      "id": 444,
      "amount": 195
    },
    {
      "id": 556,
      "amount": 1212
    },
    {
      "id": 892,
      "amount": 42
    },
    {
      "id": 11237,
      "amount": 8
    },
    {
      "id": 1731,
      "amount": 4
    },
    {
      "id": 9144,
      "amount": 7513
    },
    {
      "id": 2649,
      "amount": 33
    },
    {
      "id": 2643,
      "amount": 38
    },
    {
      "id": 2645,
      "amount": 30
    },
    {
      "id": 2635,
      "amount": 33
    },
    {
      "id": 2639,
      "amount": 36
    },
    {
      "id": 1359,
      "amount": 10
    },
    {
      "id": 12490,
      "amount": 8
    },
    {
      "id": 2481,
      "amount": 2
    },
    {
      "id": 233,
      "amount": 1
    },
    {
      "id": 5343,
      "amount": 1
    },
    {
      "id": 5325,
      "amount": 1
    },
    {
      "id": 952,
      "amount": 2
    },
    {
      "id": 5341,
      "amount": 1
    },
    {
      "id": 6313,
      "amount": 1
    },
    {
      "id": 2454,
      "amount": 1
    },
    {
      "id": 139,
      "amount": 9
    },
    {
      "id": 5000,
      "amount": 1
    },
    {
      "id": 5008,
      "amount": 2
    },
    {
      "id": 157,
      "amount": 1
    },
    {
      "id": 1513,
      "amount": 2652
    },
    {
      "id": 19669,
      "amount": 9591
    },
    {
      "id": 10933,
      "amount": 5
    },
    {
      "id": 10939,
      "amount": 10
    },
    {
      "id": 1025,
      "amount": 36
    },
    {
      "id": 20143,
      "amount": 6
    },
    {
      "id": 13121,
      "amount": 1
    },
    {
      "id": 5509,
      "amount": 1
    },
    {
      "id": 1540,
      "amount": 1
    },
    {
      "id": 1779,
      "amount": 1522
    },
    {
      "id": 12056,
      "amount": 4
    },
    {
      "id": 265,
      "amount": 18
    },
    {
      "id": 555,
      "amount": 399
    },
    {
      "id": 557,
      "amount": 110
    },
    {
      "id": 558,
      "amount": 250
    },
    {
      "id": 563,
      "amount": 413
    },
    {
      "id": 562,
      "amount": 2700
    },
    {
      "id": 566,
      "amount": 1000
    },
    {
      "id": 3157,
      "amount": 1
    },
    {
      "id": 5510,
      "amount": 1
    },
    {
      "id": 1621,
      "amount": 4755
    },
    {
      "id": 4747,
      "amount": 5
    },
    {
      "id": 125,
      "amount": 6
    },
    {
      "id": 303,
      "amount": 1
    },
    {
      "id": 13108,
      "amount": 1
    },
    {
      "id": 5075,
      "amount": 17
    },
    {
      "id": 2678,
      "amount": 10
    },
    {
      "id": 2714,
      "amount": 24
    },
    {
      "id": 845,
      "amount": 1
    },
    {
      "id": 12532,
      "amount": 2
    },
    {
      "id": 12317,
      "amount": 2
    },
    {
      "id": 10402,
      "amount": 1
    },
    {
      "id": 10468,
      "amount": 1
    },
    {
      "id": 1458,
      "amount": 3
    },
    {
      "id": 1456,
      "amount": 2
    },
    {
      "id": 12445,
      "amount": 1
    },
    {
      "id": 1446,
      "amount": 1
    },
    {
      "id": 12361,
      "amount": 2
    },
    {
      "id": 4708,
      "amount": 2
    },
    {
      "id": 12494,
      "amount": 8
    },
    {
      "id": 4749,
      "amount": 2
    },
    {
      "id": 19716,
      "amount": 3
    },
    {
      "id": 19714,
      "amount": 1
    },
    {
      "id": 19712,
      "amount": 1
    },
    {
      "id": 1735,
      "amount": 1
    },
    {
      "id": 564,
      "amount": 4
    },
    {
      "id": 1759,
      "amount": 25
    },
    {
      "id": 2651,
      "amount": 37
    },
    {
      "id": 4012,
      "amount": 29
    },
    {
      "id": 6571,
      "amount": 5
    },
    {
      "id": 5512,
      "amount": 1
    },
    {
      "id": 7398,
      "amount": 1
    },
    {
      "id": 7400,
      "amount": 4
    },
    {
      "id": 12530,
      "amount": 1
    },
    {
      "id": 2631,
      "amount": 2
    },
    {
      "id": 3829,
      "amount": 1
    },
    {
      "id": 3828,
      "amount": 1
    },
    {
      "id": 10366,
      "amount": 1
    },
    {
      "id": 13649,
      "amount": 123
    },
    {
      "id": 13648,
      "amount": 165
    },
    {
      "id": 13320,
      "amount": 6
    },
    {
      "id": 199,
      "amount": 540
    },
    {
      "id": 2803,
      "amount": 1
    },
    {
      "id": 215,
      "amount": 329
    },
    {
      "id": 10396,
      "amount": 1
    },
    {
      "id": 3838,
      "amount": 1
    },
    {
      "id": 3833,
      "amount": 1
    },
    {
      "id": 3836,
      "amount": 1
    },
    {
      "id": 3834,
      "amount": 1
    },
    {
      "id": 2633,
      "amount": 1
    },
    {
      "id": 10430,
      "amount": 1
    },
    {
      "id": 559,
      "amount": 18
    },
    {
      "id": 10456,
      "amount": 2
    },
    {
      "id": 7319,
      "amount": 1
    },
    {
      "id": 12315,
      "amount": 2
    },
    {
      "id": 12299,
      "amount": 1
    },
    {
      "id": 12086,
      "amount": 1
    },
    {
      "id": 1747,
      "amount": 124
    },
    {
      "id": 1271,
      "amount": 2
    },
    {
      "id": 12612,
      "amount": 9
    },
    {
      "id": 12789,
      "amount": 74
    },
    {
      "id": 12015,
      "amount": 15
    },
    {
      "id": 12016,
      "amount": 14
    },
    {
      "id": 12013,
      "amount": 19
    },
    {
      "id": 12014,
      "amount": 16
    },
    {
      "id": 7500,
      "amount": 5
    },
    {
      "id": 13321,
      "amount": 2
    },
    {
      "id": 229,
      "amount": 20
    },
    {
      "id": 6721,
      "amount": 14341
    },
    {
      "id": 12763,
      "amount": 2
    },
    {
      "id": 8850,
      "amount": 1
    },
    {
      "id": 133,
      "amount": 1
    },
    {
      "id": 12761,
      "amount": 1
    },
    {
      "id": 4151,
      "amount": 2
    },
    {
      "id": 13307,
      "amount": 462622
    },
    {
      "id": 272,
      "amount": 11
    },
    {
      "id": 7993,
      "amount": 1
    },
    {
      "id": 12026,
      "amount": 2
    },
    {
      "id": 7399,
      "amount": 1
    },
    {
      "id": 377,
      "amount": 250
    },
    {
      "id": 359,
      "amount": 50
    },
    {
      "id": 12528,
      "amount": 1
    },
    {
      "id": 7325,
      "amount": 1
    },
    {
      "id": 12309,
      "amount": 1
    },
    {
      "id": 1347,
      "amount": 2
    },
    {
      "id": 2890,
      "amount": 1
    },
    {
      "id": 12325,
      "amount": 1
    },
    {
      "id": 12524,
      "amount": 1
    },
    {
      "id": 1452,
      "amount": 1
    },
    {
      "id": 12522,
      "amount": 1
    },
    {
      "id": 12255,
      "amount": 1
    },
    {
      "id": 12341,
      "amount": 1
    },
    {
      "id": 11940,
      "amount": 16136
    },
    {
      "id": 20249,
      "amount": 1
    },
    {
      "id": 13129,
      "amount": 1
    },
    {
      "id": 301,
      "amount": 1
    },
    {
      "id": 13260,
      "amount": 2
    },
    {
      "id": 13258,
      "amount": 6
    },
    {
      "id": 12869,
      "amount": 1
    },
    {
      "id": 19683,
      "amount": 1
    },
    {
      "id": 19681,
      "amount": 1
    },
    {
      "id": 4724,
      "amount": 1
    },
    {
      "id": 4730,
      "amount": 1
    },
    {
      "id": 554,
      "amount": 12935
    },
    {
      "id": 1597,
      "amount": 1
    },
    {
      "id": 12757,
      "amount": 1
    },
    {
      "id": 4155,
      "amount": 1
    },
    {
      "id": 11283,
      "amount": 2
    },
    {
      "id": 9143,
      "amount": 6
    },
    {
      "id": 311,
      "amount": 1
    },
    {
      "id": 205,
      "amount": 849
    },
    {
      "id": 13261,
      "amount": 1
    },
    {
      "id": 13259,
      "amount": 1
    },
    {
      "id": 10374,
      "amount": 7
    },
    {
      "id": 20137,
      "amount": 6
    },
    {
      "id": 9191,
      "amount": 1572
    },
    {
      "id": 1755,
      "amount": 1
    },
    {
      "id": 2436,
      "amount": 5
    },
    {
      "id": 2444,
      "amount": 10
    },
    {
      "id": 2442,
      "amount": 7
    },
    {
      "id": 2440,
      "amount": 5
    },
    {
      "id": 9339,
      "amount": 410
    },
    {
      "id": 9242,
      "amount": 2670
    },
    {
      "id": 1619,
      "amount": 64
    },
    {
      "id": 2722,
      "amount": 21
    },
    {
      "id": 2723,
      "amount": 33
    },
    {
      "id": 12516,
      "amount": 1
    },
    {
      "id": 11840,
      "amount": 1
    },
    {
      "id": 11802,
      "amount": 1
    },
    {
      "id": 1615,
      "amount": 6
    },
    {
      "id": 1631,
      "amount": 5
    },
    {
      "id": 6729,
      "amount": 53
    },
    {
      "id": 536,
      "amount": 625
    },
    {
      "id": 534,
      "amount": 398
    },
    {
      "id": 11943,
      "amount": 13
    },
    {
      "id": 995,
      "amount": 8445001
    },
    {
      "id": 1187,
      "amount": 1
    },
    {
      "id": 12321,
      "amount": 1
    },
    {
      "id": 10282,
      "amount": 1
    },
    {
      "id": 946,
      "amount": 2
    },
    {
      "id": 70,
      "amount": 53
    },
    {
      "id": 859,
      "amount": 2
    },
    {
      "id": 267,
      "amount": 1
    },
    {
      "id": 13233,
      "amount": 1
    },
    {
      "id": 1361,
      "amount": 1
    },
    {
      "id": 4718,
      "amount": 1
    },
    {
      "id": 2379,
      "amount": 1
    },
    {
      "id": 373,
      "amount": 2
    },
    {
      "id": 397,
      "amount": 550
    },
    {
      "id": 7946,
      "amount": 1474
    },
    {
      "id": 11934,
      "amount": 8
    },
    {
      "id": 217,
      "amount": 481
    },
    {
      "id": 145,
      "amount": 1
    },
    {
      "id": 4716,
      "amount": 2
    },
    {
      "id": 1215,
      "amount": 1
    },
    {
      "id": 4720,
      "amount": 1
    },
    {
      "id": 11335,
      "amount": 1
    },
    {
      "id": 143,
      "amount": 1
    },
    {
      "id": 161,
      "amount": 1
    },
    {
      "id": 149,
      "amount": 1
    },
    {
      "id": 167,
      "amount": 1
    },
    {
      "id": 3026,
      "amount": 1
    },
    {
      "id": 3024,
      "amount": 2
    },
    {
      "id": 13329,
      "amount": 1
    },
    {
      "id": 12436,
      "amount": 1
    },
    {
      "id": 12006,
      "amount": 1
    },
    {
      "id": 19722,
      "amount": 1
    },
    {
      "id": 4722,
      "amount": 1
    },
    {
      "id": 7462,
      "amount": 1
    },
    {
      "id": 13239,
      "amount": 1
    },
    {
      "id": 2572,
      "amount": 2
    },
    {
      "id": 13137,
      "amount": 1
    },
    {
      "id": 13104,
      "amount": 1
    },
    {
      "id": 13112,
      "amount": 1
    },
    {
      "id": 13125,
      "amount": 1
    },
    {
      "id": 13133,
      "amount": 1
    },
    {
      "id": 11259,
      "amount": 1
    },
    {
      "id": 12653,
      "amount": 1
    },
    {
      "id": 10404,
      "amount": 1
    },
    {
      "id": 12428,
      "amount": 1
    },
    {
      "id": 10426,
      "amount": 1
    },
    {
      "id": 10940,
      "amount": 3
    },
    {
      "id": 10941,
      "amount": 4
    },
    {
      "id": 11936,
      "amount": 7079
    },
    {
      "id": 9341,
      "amount": 3102
    },
    {
      "id": 13322,
      "amount": 1
    },
    {
      "id": 11212,
      "amount": 1685
    },
    {
      "id": 20693,
      "amount": 1
    },
    {
      "id": 10008,
      "amount": 4500
    },
    {
      "id": 2347,
      "amount": 1
    },
    {
      "id": 12738,
      "amount": 1
    },
    {
      "id": 4138,
      "amount": 1
    },
    {
      "id": 590,
      "amount": 1
    },
    {
      "id": 20014,
      "amount": 1
    },
    {
      "id": 11136,
      "amount": 1
    },
    null,
    null,
    null,
    null,
    null,
    null,
    null,
    null,
    null,
    null,
    null,
    null,
    null,
    null,
    null,
    null,
    null,
    null,
    null,
    null,
    null,
    null,
    null,
    null,
    null,
    null,
    null,
    null,
    null,
    null,
    null,
    null,
    null,
    null,
    null,
    null,
    null,
    null,
    null,
    null,
    null,
    null,
    null,
    null,
    null,
    null,
    null,
    null,
    null,
    null,
    null,
    null,
    null,
    null,
    null,
    null,
    null,
    null,
    null,
    null,
    null,
    null,
    null,
    null,
    null,
    null,
    null,
    null,
    null,
    null,
    null,
    null,
    null,
    null,
    null,
    null,
    null,
    null,
    null,
    null,
    null,
    null,
    null,
    null,
    null,
    null,
    null,
    null,
    null,
    null,
    null,
    null,
    null,
    null,
    null,
    null,
    null,
    null,
    null,
    null,
    null,
    null,
    null,
    null,
    null,
    null,
    null,
    null,
    null,
    null,
    null,
    null,
    null,
    null,
    null,
    null,
    null,
    null,
    null,
    null,
    null,
    null,
    null,
    null,
    null,
    null,
    null,
    null,
    null,
    null,
    null,
    null,
    null,
    null,
    null,
    null,
    null,
    null,
    null,
    null,
    null,
    null,
    null,
    null,
    null,
    null,
    null,
    null,
    null,
    null,
    null,
    null,
    null,
    null,
    null,
    null,
    null,
    null,
    null,
    null,
    null,
    null,
    null,
    null,
    null,
    null,
    null,
    null,
    null,
    null,
    null,
    null,
    null,
    null,
    null,
    null,
    null,
    null,
    null,
    null,
    null,
    null,
    null,
    null,
    null,
    null,
    null,
    null,
    null,
    null,
    null,
    null,
    null,
    null,
    null,
    null,
    null,
    null,
    null,
    null,
    null,
    null,
    null,
    null,
    null,
    null,
    null,
    null,
    null,
    null,
    null,
    null,
    null,
    null,
    null,
    null,
    null,
    null,
    null,
    null,
    null,
    null,
    null,
    null,
    null,
    null,
    null,
    null,
    null,
    null,
    null,
    null,
    null,
    null,
    null,
    null,
    null,
    null,
    null,
    null,
    null,
    null,
    null,
    null,
    null,
    null,
    null,
    null,
    null,
    null,
    null,
    null,
    null,
    null,
    null,
    null,
    null,
    null,
    null,
    null,
    null,
    null,
    null,
    null,
    null,
    null,
    null,
    null,
    null,
    null,
    null,
    null,
    null,
    null,
    null,
    null,
    null,
    null,
    null,
    null,
    null,
    null,
    null,
    null,
    null,
    null,
    null,
    null,
    null,
    null,
    null,
    null,
    null,
    null,
    null,
    null,
    null,
    null,
    null,
    null,
    null,
    null,
    null,
    null,
    null,
    null,
    null,
    null,
    null,
    null,
    null,
    null,
    null,
    null,
    null,
    null,
    null,
    null,
    null,
    null,
    null,
    null,
    null,
    null,
    null,
    null,
    null,
    null,
    null,
    null,
    null,
    null,
    null,
    null,
    null,
    null,
    null,
    null,
    null,
    null,
    null,
    null,
    null,
    null,
    null,
    null,
    null,
    null,
    null,
    null,
    null,
    null,
    null,
    null,
    null,
    null,
    null,
    null,
    null,
    null,
    null,
    null,
    null,
    null,
    null,
    null,
    null,
    null,
    null,
    null,
    null,
    null,
    null,
    null,
    null,
    null,
    null,
    null,
    null,
    null,
    null,
    null,
    null,
    null,
    null,
    null,
    null,
    null,
    null,
    null,
    null,
    null,
    null,
    null,
    null,
    null
  ],
  "tabAmounts": [
    354,
    0,
    0,
    0,
    0,
    0,
    0,
    0,
    0,
    0
  ],
  "inventory": [
    null,
    null,
    null,
    null,
    null,
    null,
    null,
    null,
    null,
    null,
    null,
    null,
    null,
    null,
    null,
    null,
    null,
    null,
    null,
    null,
    null,
    null,
    null,
    null,
    null,
    null,
    null,
    null
  ],
  "equipment": [
    {
      "id": 5554,
      "amount": 1
    },
    null,
    null,
    null,
    {
      "id": 5553,
      "amount": 1
    },
    null,
    null,
    {
      "id": 5555,
      "amount": 1
    },
    null,
    {
      "id": 5556,
      "amount": 1
    },
    {
      "id": 5557,
      "amount": 1
    },
    null,
    null,
    null
  ],
  "lootingBag": [],
  "shopItems": [
    {
      "id": 9242,
      "amount": 4000
    },
    {
      "id": 20014,
      "amount": 1
    },
    null,
    null,
    null,
    null,
    null,
    null,
    null,
    null,
    null,
    null,
    null,
    null,
    null,
    null,
    null,
    null,
    null,
    null,
    null,
    null,
    null,
    null,
    null,
    null,
    null,
    null,
    null,
    null,
    null,
    null,
    null,
    null,
    null,
    null
  ],
  "shopPrices": [
    8500,
    180000000,
    0,
    0,
    0,
    0,
    0,
    0,
    0,
    0,
    0,
    0,
    0,
    0,
    0,
    0,
    0,
    0,
    0,
    0,
    0,
    0,
    0,
    0,
    0,
    0,
    0,
    0,
    0,
    0,
    0,
    0,
    0,
    0,
    0,
    0
  ],
  "pouches": [
    0,
    0,
    0,
    0
  ]
}