{
  "bank": [
    {
      "id": 590,
      "amount": 1
    },
    {
      "id": 1925,
      "amount": 1
    },
    {
      "id": 1931,
      "amount": 1
    },
    {
      "id": 2309,
      "amount": 1
    },
    {
      "id": 303,
      "amount": 2
    },
    {
      "id": 315,
      "amount": 72
    },
    {
      "id": 841,
      "amount": 1
    },
    {
      "id": 1171,
      "amount": 1
    },
    {
      "id": 1205,
      "amount": 1
    },
    {
      "id": 882,
      "amount": 25
    },
    {
      "id": 556,
      "amount": 109
    },
    {
      "id": 555,
      "amount": 6
    },
    {
      "id": 557,
      "amount": 4
    },
    {
      "id": 559,
      "amount": 2
    },
    {
      "id": 20703,
      "amount": 1
    },
    {
      "id": 13322,
      "amount": 1
    },
    {
      "id": 1436,
      "amount": 109
    },
    {
      "id": 5509,
      "amount": 1
    },
    {
      "id": 558,
      "amount": 550
    },
    {
      "id": 560,
      "amount": 140
    },
    {
      "id": 526,
      "amount": 1
    },
    {
      "id": 1517,
      "amount": 10
    },
    {
      "id": 995,
      "amount": 8213028
    },
    {
      "id": 6108,
      "amount": 1
    },
    {
      "id": 6107,
      "amount": 1
    },
    {
      "id": 6109,
      "amount": 1
    },
    {
      "id": 13307,
      "amount": 51721
    },
    {
      "id": 892,
      "amount": 42
    },
    {
      "id": 987,
      "amount": 1
    },
    {
      "id": 1277,
      "amount": 1
    },
    {
      "id": 886,
      "amount": 150
    },
    {
      "id": 311,
      "amount": 1
    },
    {
      "id": 319,
      "amount": 34
    },
    {
      "id": 301,
      "amount": 1
    },
    {
      "id": 379,
      "amount": 143
    },
    {
      "id": 12811,
      "amount": 1
    },
    {
      "id": 12812,
      "amount": 1
    },
    {
      "id": 6111,
      "amount": 1
    },
    {
      "id": 6106,
      "amount": 1
    },
    {
      "id": 12810,
      "amount": 1
    },
    {
      "id": 6110,
      "amount": 1
    },
    {
      "id": 1249,
      "amount": 2
    },
    {
      "id": 658,
      "amount": 1
    },
    {
      "id": 1161,
      "amount": 1
    },
    {
      "id": 952,
      "amount": 2
    },
    {
      "id": 6328,
      "amount": 1
    },
    {
      "id": 1073,
      "amount": 1
    },
    {
      "id": 1267,
      "amount": 1
    },
    {
      "id": 5074,
      "amount": 2
    },
    {
      "id": 19714,
      "amount": 7
    },
    {
      "id": 19716,
      "amount": 6
    },
    {
      "id": 19712,
      "amount": 8
    },
    {
      "id": 5073,
      "amount": 3
    },
    {
      "id": 52,
      "amount": 495
    },
    {
      "id": 9452,
      "amount": 1
    },
    {
      "id": 4585,
      "amount": 1
    },
    {
      "id": 217,
      "amount": 28
    },
    {
      "id": 12203,
      "amount": 1
    },
    {
      "id": 2550,
      "amount": 6
    },
    {
      "id": 2651,
      "amount": 2
    },
    {
      "id": 2363,
      "amount": 15
    },
    {
      "id": 451,
      "amount": 4
    },
    {
      "id": 1215,
      "amount": 1
    },
    {
      "id": 391,
      "amount": 144
    },
    {
      "id": 2649,
      "amount": 3
    },
    {
      "id": 2653,
      "amount": 2
    },
    {
      "id": 1079,
      "amount": 4
    },
    {
      "id": 2665,
      "amount": 2
    },
    {
      "id": 1621,
      "amount": 153
    },
    {
      "id": 1319,
      "amount": 1
    },
    {
      "id": 4712,
      "amount": 1
    },
    {
      "id": 12193,
      "amount": 1
    },
    {
      "id": 215,
      "amount": 10
    },
    {
      "id": 20166,
      "amount": 3
    },
    {
      "id": 4012,
      "amount": 4
    },
    {
      "id": 199,
      "amount": 10
    },
    {
      "id": 2639,
      "amount": 1
    },
    {
      "id": 1127,
      "amount": 4
    },
    {
      "id": 3755,
      "amount": 1
    },
    {
      "id": 1201,
      "amount": 4
    },
    {
      "id": 2673,
      "amount": 1
    },
    {
      "id": 10384,
      "amount": 1
    },
    {
      "id": 1617,
      "amount": 15
    },
    {
      "id": 385,
      "amount": 4
    },
    {
      "id": 2643,
      "amount": 2
    },
    {
      "id": 2635,
      "amount": 2
    },
    {
      "id": 2645,
      "amount": 3
    },
    {
      "id": 2641,
      "amount": 2
    },
    {
      "id": 12512,
      "amount": 1
    },
    {
      "id": 2669,
      "amount": 2
    },
    {
      "id": 12197,
      "amount": 1
    },
    {
      "id": 4131,
      "amount": 3
    },
    {
      "id": 1025,
      "amount": 1
    },
    {
      "id": 209,
      "amount": 16
    },
    {
      "id": 12789,
      "amount": 19
    },
    {
      "id": 4179,
      "amount": 6
    },
    {
      "id": 72,
      "amount": 403
    },
    {
      "id": 861,
      "amount": 56
    },
    {
      "id": 5341,
      "amount": 1
    },
    {
      "id": 5331,
      "amount": 1
    },
    {
      "id": 5343,
      "amount": 1
    },
    {
      "id": 5325,
      "amount": 1
    },
    {
      "id": 5318,
      "amount": 2
    },
    {
      "id": 859,
      "amount": 967
    },
    {
      "id": 4155,
      "amount": 1
    },
    {
      "id": 2661,
      "amount": 1
    },
    {
      "id": 3749,
      "amount": 1
    },
    {
      "id": 13113,
      "amount": 2
    },
    {
      "id": 4747,
      "amount": 1
    },
    {
      "id": 4740,
      "amount": 101
    },
    {
      "id": 1305,
      "amount": 1
    },
    {
      "id": 10370,
      "amount": 1
    },
    {
      "id": 20002,
      "amount": 1
    },
    {
      "id": 9185,
      "amount": 3
    },
    {
      "id": 12612,
      "amount": 1
    },
    {
      "id": 2663,
      "amount": 1
    },
    {
      "id": 12498,
      "amount": 1
    },
    {
      "id": 1163,
      "amount": 2
    },
    {
      "id": 10374,
      "amount": 1
    },
    {
      "id": 10941,
      "amount": 1
    },
    {
      "id": 10939,
      "amount": 1
    },
    {
      "id": 946,
      "amount": 1
    },
    {
      "id": 10940,
      "amount": 1
    },
    {
      "id": 10933,
      "amount": 1
    },
    {
      "id": 1359,
      "amount": 1
    },
    {
      "id": 9808,
      "amount": 1
    },
    {
      "id": 9809,
      "amount": 1
    },
    {
      "id": 1619,
      "amount": 31
    },
    {
      "id": 561,
      "amount": 144
    },
    {
      "id": 1387,
      "amount": 1
    },
    {
      "id": 444,
      "amount": 44
    },
    {
      "id": 447,
      "amount": 195
    },
    null,
    null,
    null,
    null,
    null,
    null,
    null,
    null,
    null,
    null,
    null,
    null,
    null,
    null,
    null,
    null,
    null,
    null,
    null,
    null,
    null,
    null,
    null,
    null,
    null,
    null,
    null,
    null,
    null,
    null,
    null,
    null,
    null,
    null,
    null,
    null,
    null,
    null,
    null,
    null,
    null,
    null,
    null,
    null,
    null,
    null,
    null,
    null,
    null,
    null,
    null,
    null,
    null,
    null,
    null,
    null,
    null,
    null,
    null,
    null,
    null,
    null,
    null,
    null,
    null,
    null,
    null,
    null,
    null,
    null,
    null,
    null,
    null,
    null,
    null,
    null,
    null,
    null,
    null,
    null,
    null,
    null,
    null,
    null,
    null,
    null,
    null,
    null,
    null,
    null,
    null,
    null,
    null,
    null,
    null,
    null,
    null,
    null,
    null,
    null,
    null,
    null,
    null,
    null,
    null,
    null,
    null,
    null,
    null,
    null,
    null,
    null,
    null,
    null,
    null,
    null,
    null,
    null,
    null,
    null,
    null,
    null,
    null,
    null,
    null,
    null,
    null,
    null,
    null,
    null,
    null,
    null,
    null,
    null,
    null,
    null,
    null,
    null,
    null,
    null,
    null,
    null,
    null,
    null,
    null,
    null,
    null,
    null,
    null,
    null,
    null,
    null,
    null,
    null,
    null,
    null,
    null,
    null,
    null,
    null,
    null,
    null,
    null,
    null,
    null,
    null,
    null,
    null,
    null,
    null,
    null,
    null,
    null,
    null,
    null,
    null,
    null,
    null,
    null,
    null,
    null,
    null,
    null,
    null,
    null,
    null,
    null,
    null,
    null,
    null,
    null,
    null,
    null,
    null,
    null,
    null,
    null,
    null,
    null,
    null,
    null,
    null,
    null,
    null,
    null,
    null,
    null,
    null,
    null,
    null,
    null,
    null,
    null,
    null,
    null,
    null,
    null,
    null
  ],
  "tabAmounts": [
    132,
    0,
    0,
    0,
    0,
    0,
    0,
    0,
    0,
    0
  ],
  "inventory": [
    {
      "id": 449,
      "amount": 1
    },
    {
      "id": 449,
      "amount": 1
    },
    {
      "id": 449,
      "amount": 1
    },
    {
      "id": 449,
      "amount": 1
    },
    {
      "id": 449,
      "amount": 1
    },
    {
      "id": 449,
      "amount": 1
    },
    {
      "id": 449,
      "amount": 1
    },
    {
      "id": 449,
      "amount": 1
    },
    {
      "id": 449,
      "amount": 1
    },
    {
      "id": 449,
      "amount": 1
    },
    {
      "id": 449,
      "amount": 1
    },
    {
      "id": 449,
      "amount": 1
    },
    {
      "id": 449,
      "amount": 1
    },
    {
      "id": 449,
      "amount": 1
    },
    {
      "id": 449,
      "amount": 1
    },
    {
      "id": 449,
      "amount": 1
    },
    {
      "id": 449,
      "amount": 1
    },
    {
      "id": 449,
      "amount": 1
    },
    {
      "id": 449,
      "amount": 1
    },
    {
      "id": 449,
      "amount": 1
    },
    {
      "id": 449,
      "amount": 1
    },
    {
      "id": 449,
      "amount": 1
    },
    {
      "id": 449,
      "amount": 1
    },
    {
      "id": 449,
      "amount": 1
    },
    null,
    null,
    null,
    null
  ],
  "equipment": [
    {
      "id": 9785,
      "amount": 1
    },
    {
      "id": 9784,
      "amount": 1
    },
    null,
    {
      "id": 1275,
      "amount": 1
    },
    null,
    null,
    null,
    null,
    null,
    null,
    null,
    null,
    null,
    null
  ],
  "lootingBag": [],
  "shopItems": [
    null,
    null,
    null,
    null,
    null,
    null,
    null,
    null,
    null,
    null,
    null,
    null,
    null,
    null,
    null,
    null,
    null,
    null,
    null,
    null,
    null,
    null,
    null,
    null,
    null,
    null,
    null,
    null,
    null,
    null,
    null,
    null,
    null,
    null,
    null,
    null
  ],
  "shopPrices": [
    0,
    0,
    0,
    0,
    0,
    0,
    0,
    0,
    0,
    0,
    0,
    0,
    0,
    0,
    0,
    0,
    0,
    0,
    0,
    0,
    0,
    0,
    0,
    0,
    0,
    0,
    0,
    0,
    0,
    0,
    0,
    0,
    0,
    0,
    0,
    0
  ],
  "pouches": [
    0,
    0,
    0,
    0
  ]
}