{
  "bank": [
    {
      "id": 995,
      "amount": 6253327
    },
    {
      "id": 385,
      "amount": 9
    },
    {
      "id": 2436,
      "amount": 10
    },
    {
      "id": 2440,
      "amount": 10
    },
    {
      "id": 2442,
      "amount": 9
    },
    {
      "id": 2444,
      "amount": 9
    },
    {
      "id": 3040,
      "amount": 10
    },
    {
      "id": 3024,
      "amount": 13
    },
    {
      "id": 6603,
      "amount": 1
    },
    {
      "id": 1560,
      "amount": 1
    },
    {
      "id": 13117,
      "amount": 1
    },
    {
      "id": 554,
      "amount": 328
    },
    {
      "id": 555,
      "amount": 725
    },
    {
      "id": 556,
      "amount": 325
    },
    {
      "id": 557,
      "amount": 170
    },
    {
      "id": 558,
      "amount": 812
    },
    {
      "id": 563,
      "amount": 12
    },
    {
      "id": 561,
      "amount": 435
    },
    {
      "id": 562,
      "amount": 99
    },
    {
      "id": 13133,
      "amount": 1
    },
    {
      "id": 13108,
      "amount": 1
    },
    {
      "id": 13137,
      "amount": 1
    },
    {
      "id": 13104,
      "amount": 1
    },
    {
      "id": 13112,
      "amount": 1
    },
    {
      "id": 13129,
      "amount": 1
    },
    {
      "id": 11136,
      "amount": 1
    },
    {
      "id": 13125,
      "amount": 1
    },
    {
      "id": 13121,
      "amount": 1
    },
    {
      "id": 1741,
      "amount": 83
    },
    {
      "id": 1349,
      "amount": 2
    },
    {
      "id": 1059,
      "amount": 15
    },
    {
      "id": 1733,
      "amount": 1
    },
    {
      "id": 1734,
      "amount": 483
    },
    {
      "id": 11849,
      "amount": 7
    },
    {
      "id": 985,
      "amount": 8
    },
    {
      "id": 2491,
      "amount": 1
    },
    {
      "id": 2497,
      "amount": 1
    },
    {
      "id": 952,
      "amount": 3
    },
    {
      "id": 9782,
      "amount": 1
    },
    {
      "id": 169,
      "amount": 1
    },
    {
      "id": 163,
      "amount": 1
    },
    {
      "id": 536,
      "amount": 48
    },
    {
      "id": 6333,
      "amount": 4
    },
    {
      "id": 139,
      "amount": 17
    },
    {
      "id": 7936,
      "amount": 218
    },
    {
      "id": 9705,
      "amount": 1
    },
    {
      "id": 9706,
      "amount": 433
    },
    {
      "id": 4155,
      "amount": 1
    },
    {
      "id": 5341,
      "amount": 1
    },
    {
      "id": 5331,
      "amount": 1
    },
    {
      "id": 5343,
      "amount": 1
    },
    {
      "id": 5325,
      "amount": 1
    },
    {
      "id": 5321,
      "amount": 1000
    },
    {
      "id": 5296,
      "amount": 970
    },
    {
      "id": 391,
      "amount": 72
    },
    {
      "id": 371,
      "amount": 241
    },
    {
      "id": 830,
      "amount": 15
    },
    {
      "id": 6705,
      "amount": 1
    },
    {
      "id": 686,
      "amount": 1
    },
    {
      "id": 12004,
      "amount": 1
    },
    {
      "id": 19582,
      "amount": 15
    },
    {
      "id": 229,
      "amount": 12
    },
    {
      "id": 141,
      "amount": 1
    },
    {
      "id": 868,
      "amount": 358
    },
    {
      "id": 12938,
      "amount": 18
    },
    {
      "id": 143,
      "amount": 3
    },
    {
      "id": 530,
      "amount": 5
    },
    {
      "id": 165,
      "amount": 1
    },
    {
      "id": 565,
      "amount": 165
    },
    {
      "id": 560,
      "amount": 122
    },
    {
      "id": 3026,
      "amount": 2
    },
    {
      "id": 3028,
      "amount": 1
    },
    {
      "id": 3030,
      "amount": 1
    },
    {
      "id": 1747,
      "amount": 78
    },
    {
      "id": 5541,
      "amount": 6
    },
    {
      "id": 9957,
      "amount": 1
    },
    {
      "id": 9142,
      "amount": 6120
    },
    {
      "id": 2415,
      "amount": 1
    },
    {
      "id": 10939,
      "amount": 1
    },
    {
      "id": 2503,
      "amount": 1
    },
    {
      "id": 1438,
      "amount": 1
    },
    {
      "id": 9338,
      "amount": 380
    },
    {
      "id": 9241,
      "amount": 1
    },
    {
      "id": 1777,
      "amount": 4
    },
    {
      "id": 1436,
      "amount": 1000
    },
    {
      "id": 851,
      "amount": 17
    },
    {
      "id": 1357,
      "amount": 1
    },
    {
      "id": 946,
      "amount": 1
    },
    {
      "id": 62,
      "amount": 26
    },
    {
      "id": 1755,
      "amount": 1
    },
    {
      "id": 9192,
      "amount": 8
    },
    {
      "id": 9144,
      "amount": 108
    },
    {
      "id": 9143,
      "amount": 60
    },
    {
      "id": 9340,
      "amount": 460
    },
    {
      "id": 1454,
      "amount": 1
    },
    {
      "id": 9342,
      "amount": 10
    },
    {
      "id": 1275,
      "amount": 2
    },
    {
      "id": 9243,
      "amount": 35
    },
    {
      "id": 1381,
      "amount": 1
    },
    {
      "id": 11936,
      "amount": 16
    },
    {
      "id": 11940,
      "amount": 375
    },
    {
      "id": 1615,
      "amount": 22
    },
    {
      "id": 1700,
      "amount": 12
    },
    {
      "id": 11212,
      "amount": 885
    },
    {
      "id": 5316,
      "amount": 2
    },
    {
      "id": 2631,
      "amount": 1
    },
    {
      "id": 3832,
      "amount": 1
    },
    {
      "id": 10316,
      "amount": 1
    },
    {
      "id": 7218,
      "amount": 51
    },
    {
      "id": 1704,
      "amount": 7
    },
    {
      "id": 10312,
      "amount": 1
    },
    {
      "id": 1215,
      "amount": 4
    },
    {
      "id": 11230,
      "amount": 723
    },
    {
      "id": 11232,
      "amount": 887
    },
    {
      "id": 12271,
      "amount": 1
    },
    {
      "id": 534,
      "amount": 23
    },
    {
      "id": 12215,
      "amount": 1
    },
    {
      "id": 10422,
      "amount": 1
    },
    {
      "id": 2647,
      "amount": 1
    },
    {
      "id": 12807,
      "amount": 1
    },
    {
      "id": 11259,
      "amount": 1
    },
    {
      "id": 1333,
      "amount": 1
    },
    {
      "id": 1163,
      "amount": 3
    },
    {
      "id": 1093,
      "amount": 1
    },
    {
      "id": 6527,
      "amount": 1
    },
    {
      "id": 9185,
      "amount": 1
    },
    {
      "id": 6570,
      "amount": 1
    },
    {
      "id": 4740,
      "amount": 90
    },
    {
      "id": 6529,
      "amount": 16064
    },
    {
      "id": 1605,
      "amount": 1
    },
    {
      "id": 215,
      "amount": 74
    },
    {
      "id": 217,
      "amount": 54
    },
    {
      "id": 219,
      "amount": 10
    },
    {
      "id": 209,
      "amount": 76
    },
    {
      "id": 1623,
      "amount": 128
    },
    {
      "id": 1619,
      "amount": 235
    },
    {
      "id": 1625,
      "amount": 342
    },
    {
      "id": 1601,
      "amount": 14
    },
    {
      "id": 249,
      "amount": 103
    },
    {
      "id": 6693,
      "amount": 2000
    },
    {
      "id": 221,
      "amount": 3000
    },
    {
      "id": 251,
      "amount": 25
    },
    {
      "id": 253,
      "amount": 28
    },
    {
      "id": 203,
      "amount": 1
    },
    {
      "id": 255,
      "amount": 59
    },
    {
      "id": 2998,
      "amount": 322
    },
    {
      "id": 261,
      "amount": 30
    },
    {
      "id": 213,
      "amount": 10
    },
    {
      "id": 211,
      "amount": 27
    },
    {
      "id": 205,
      "amount": 35
    },
    {
      "id": 199,
      "amount": 95
    },
    {
      "id": 1617,
      "amount": 315
    },
    {
      "id": 231,
      "amount": 989
    },
    {
      "id": 243,
      "amount": 1000
    },
    {
      "id": 225,
      "amount": 1000
    },
    {
      "id": 239,
      "amount": 1000
    },
    {
      "id": 233,
      "amount": 1
    },
    {
      "id": 314,
      "amount": 24328
    },
    {
      "id": 227,
      "amount": 3960
    },
    {
      "id": 207,
      "amount": 20
    },
    {
      "id": 3000,
      "amount": 2
    },
    {
      "id": 269,
      "amount": 6
    },
    {
      "id": 1621,
      "amount": 24569
    },
    {
      "id": 1607,
      "amount": 27
    },
    {
      "id": 45,
      "amount": 324
    },
    {
      "id": 1645,
      "amount": 1
    },
    {
      "id": 2651,
      "amount": 8
    },
    {
      "id": 4012,
      "amount": 11
    },
    {
      "id": 10382,
      "amount": 4
    },
    {
      "id": 2635,
      "amount": 8
    },
    {
      "id": 12512,
      "amount": 2
    },
    {
      "id": 12494,
      "amount": 3
    },
    {
      "id": 2639,
      "amount": 5
    },
    {
      "id": 10450,
      "amount": 3
    },
    {
      "id": 1025,
      "amount": 9
    },
    {
      "id": 10380,
      "amount": 2
    },
    {
      "id": 20166,
      "amount": 10
    },
    {
      "id": 1297,
      "amount": 2
    },
    {
      "id": 1195,
      "amount": 1
    },
    {
      "id": 1061,
      "amount": 1
    },
    {
      "id": 10376,
      "amount": 1
    },
    {
      "id": 10368,
      "amount": 2
    },
    {
      "id": 12506,
      "amount": 2
    },
    {
      "id": 12612,
      "amount": 1
    },
    {
      "id": 12610,
      "amount": 2
    },
    {
      "id": 12608,
      "amount": 1
    },
    {
      "id": 2641,
      "amount": 12
    },
    {
      "id": 3753,
      "amount": 1
    },
    {
      "id": 10390,
      "amount": 1
    },
    {
      "id": 2645,
      "amount": 6
    },
    {
      "id": 1089,
      "amount": 1
    },
    {
      "id": 12203,
      "amount": 1
    },
    {
      "id": 13130,
      "amount": 1
    },
    {
      "id": 2550,
      "amount": 11
    },
    {
      "id": 12502,
      "amount": 2
    },
    {
      "id": 4151,
      "amount": 1
    },
    {
      "id": 2649,
      "amount": 6
    },
    {
      "id": 12504,
      "amount": 4
    },
    {
      "id": 20131,
      "amount": 1
    },
    {
      "id": 12500,
      "amount": 3
    },
    {
      "id": 20140,
      "amount": 1
    },
    {
      "id": 20137,
      "amount": 1
    },
    {
      "id": 13105,
      "amount": 1
    },
    {
      "id": 5557,
      "amount": 2
    },
    {
      "id": 12193,
      "amount": 1
    },
    {
      "id": 10384,
      "amount": 1
    },
    {
      "id": 2643,
      "amount": 8
    },
    {
      "id": 12526,
      "amount": 1
    },
    {
      "id": 20128,
      "amount": 1
    },
    {
      "id": 12199,
      "amount": 2
    },
    {
      "id": 10386,
      "amount": 1
    },
    {
      "id": 20208,
      "amount": 1
    },
    {
      "id": 10388,
      "amount": 1
    },
    {
      "id": 12195,
      "amount": 2
    },
    {
      "id": 1075,
      "amount": 1
    },
    {
      "id": 1133,
      "amount": 1
    },
    {
      "id": 10023,
      "amount": 1
    },
    {
      "id": 1183,
      "amount": 1
    },
    {
      "id": 1111,
      "amount": 1
    },
    {
      "id": 10298,
      "amount": 1
    },
    {
      "id": 12305,
      "amount": 1
    },
    {
      "id": 2681,
      "amount": 4
    },
    {
      "id": 2684,
      "amount": 1
    },
    {
      "id": 2679,
      "amount": 2
    },
    {
      "id": 2677,
      "amount": 5
    },
    {
      "id": 2722,
      "amount": 1
    },
    {
      "id": 12934,
      "amount": 614
    },
    {
      "id": 13307,
      "amount": 64034
    },
    {
      "id": 5698,
      "amount": 1
    },
    {
      "id": 9193,
      "amount": 204
    },
    {
      "id": 5300,
      "amount": 24
    },
    {
      "id": 5547,
      "amount": 3
    },
    {
      "id": 9341,
      "amount": 60
    },
    {
      "id": 11237,
      "amount": 2229
    },
    {
      "id": 56,
      "amount": 25
    },
    {
      "id": 4732,
      "amount": 1
    },
    {
      "id": 4093,
      "amount": 2
    },
    {
      "id": 4089,
      "amount": 1
    },
    {
      "id": 4091,
      "amount": 1
    },
    {
      "id": 4097,
      "amount": 1
    },
    null,
    null,
    null,
    null,
    null,
    null,
    null,
    null,
    null,
    null,
    null,
    null,
    null,
    null,
    null,
    null,
    null,
    null,
    null,
    null,
    null,
    null,
    null,
    null,
    null,
    null,
    null,
    null,
    null,
    null,
    null,
    null,
    null,
    null,
    null,
    null,
    null,
    null,
    null,
    null,
    null,
    null,
    null,
    null,
    null,
    null,
    null,
    null,
    null,
    null,
    null,
    null,
    null,
    null,
    null,
    null,
    null,
    null,
    null,
    null,
    null,
    null,
    null,
    null,
    null,
    null,
    null,
    null,
    null,
    null,
    null,
    null,
    null,
    null,
    null,
    null,
    null,
    null,
    null,
    null,
    null,
    null,
    null,
    null,
    null,
    null,
    null,
    null,
    null,
    null,
    null,
    null,
    null,
    null,
    null,
    null,
    null,
    null,
    null,
    null,
    null,
    null,
    null,
    null,
    null,
    null,
    null,
    null,
    null,
    null
  ],
  "tabAmounts": [
    129,
    37,
    55,
    5,
    14,
    0,
    0,
    0,
    0,
    0
  ],
  "inventory": [
    null,
    null,
    null,
    null,
    null,
    null,
    null,
    null,
    null,
    null,
    null,
    null,
    null,
    null,
    null,
    null,
    null,
    null,
    null,
    null,
    null,
    null,
    null,
    null,
    null,
    null,
    null,
    null
  ],
  "equipment": [
    {
      "id": 4732,
      "amount": 1
    },
    {
      "id": 9780,
      "amount": 1
    },
    null,
    {
      "id": 9185,
      "amount": 1
    },
    {
      "id": 10378,
      "amount": 1
    },
    {
      "id": 1540,
      "amount": 1
    },
    null,
    {
      "id": 10372,
      "amount": 1
    },
    null,
    {
      "id": 5556,
      "amount": 1
    },
    null,
    null,
    null,
    {
      "id": 9241,
      "amount": 864
    }
  ],
  "lootingBag": [],
  "shopItems": [
    null,
    null,
    null,
    null,
    null,
    null,
    null,
    null,
    null,
    null,
    null,
    null,
    null,
    null,
    null,
    null,
    null,
    null,
    null,
    null,
    null,
    null,
    null,
    null,
    null,
    null,
    null,
    null,
    null,
    null,
    null,
    null,
    null,
    null,
    null,
    null
  ],
  "shopPrices": [
    0,
    0,
    0,
    0,
    0,
    0,
    0,
    0,
    0,
    0,
    0,
    0,
    0,
    0,
    0,
    0,
    0,
    0,
    0,
    0,
    0,
    0,
    0,
    0,
    0,
    0,
    0,
    0,
    0,
    0,
    0,
    0,
    0,
    0,
    0,
    0
  ],
  "pouches": [
    0,
    0,
    0,
    0
  ]
}