{
  "bank": [
    {
      "id": 995,
      "amount": 2503552
    },
    {
      "id": 385,
      "amount": 58
    },
    {
      "id": 2436,
      "amount": 10
    },
    {
      "id": 2440,
      "amount": 10
    },
    {
      "id": 2442,
      "amount": 10
    },
    {
      "id": 2444,
      "amount": 1
    },
    {
      "id": 3040,
      "amount": 10
    },
    {
      "id": 3024,
      "amount": 5
    },
    {
      "id": 6603,
      "amount": 1
    },
    {
      "id": 1562,
      "amount": 1
    },
    {
      "id": 13117,
      "amount": 1
    },
    {
      "id": 554,
      "amount": 250
    },
    {
      "id": 13104,
      "amount": 1
    },
    {
      "id": 13112,
      "amount": 1
    },
    {
      "id": 13129,
      "amount": 1
    },
    {
      "id": 13108,
      "amount": 1
    },
    {
      "id": 11136,
      "amount": 1
    },
    {
      "id": 13137,
      "amount": 1
    },
    {
      "id": 555,
      "amount": 250
    },
    {
      "id": 556,
      "amount": 250
    },
    {
      "id": 557,
      "amount": 250
    },
    {
      "id": 558,
      "amount": 250
    },
    {
      "id": 563,
      "amount": 50
    },
    {
      "id": 561,
      "amount": 30
    },
    {
      "id": 562,
      "amount": 100
    },
    {
      "id": 1625,
      "amount": 32
    },
    {
      "id": 13307,
      "amount": 33027
    },
    {
      "id": 1627,
      "amount": 10
    },
    {
      "id": 9706,
      "amount": 420
    },
    {
      "id": 532,
      "amount": 12
    },
    {
      "id": 1331,
      "amount": 1
    },
    {
      "id": 9705,
      "amount": 1
    },
    {
      "id": 12871,
      "amount": 1
    },
    {
      "id": 13121,
      "amount": 1
    },
    {
      "id": 2653,
      "amount": 1
    },
    {
      "id": 811,
      "amount": 62
    },
    {
      "id": 45,
      "amount": 78
    },
    {
      "id": 5294,
      "amount": 9
    },
    {
      "id": 9242,
      "amount": 8
    },
    {
      "id": 1621,
      "amount": 3
    },
    {
      "id": 2651,
      "amount": 1
    },
    {
      "id": 1617,
      "amount": 14
    },
    {
      "id": 2643,
      "amount": 1
    },
    {
      "id": 205,
      "amount": 20
    },
    {
      "id": 3753,
      "amount": 1
    },
    {
      "id": 1079,
      "amount": 1
    },
    {
      "id": 211,
      "amount": 5
    },
    {
      "id": 1201,
      "amount": 1
    },
    {
      "id": 1093,
      "amount": 2
    },
    {
      "id": 2635,
      "amount": 4
    },
    {
      "id": 12197,
      "amount": 1
    },
    {
      "id": 2655,
      "amount": 2
    },
    {
      "id": 4740,
      "amount": 376
    },
    {
      "id": 4012,
      "amount": 3
    },
    {
      "id": 1305,
      "amount": 1
    },
    {
      "id": 2639,
      "amount": 1
    },
    {
      "id": 1113,
      "amount": 2
    },
    {
      "id": 2550,
      "amount": 1
    },
    {
      "id": 209,
      "amount": 9
    },
    {
      "id": 13387,
      "amount": 1
    },
    {
      "id": 451,
      "amount": 9
    },
    {
      "id": 1025,
      "amount": 1
    },
    {
      "id": 1619,
      "amount": 19
    },
    {
      "id": 12612,
      "amount": 1
    },
    {
      "id": 6528,
      "amount": 1
    },
    {
      "id": 10390,
      "amount": 1
    },
    {
      "id": 1127,
      "amount": 1
    },
    {
      "id": 13118,
      "amount": 1
    },
    {
      "id": 2489,
      "amount": 1
    },
    {
      "id": 2491,
      "amount": 1
    },
    {
      "id": 12193,
      "amount": 1
    },
    {
      "id": 255,
      "amount": 9
    },
    {
      "id": 7936,
      "amount": 378
    },
    {
      "id": 440,
      "amount": 84
    },
    {
      "id": 1623,
      "amount": 6
    },
    {
      "id": 4131,
      "amount": 1
    },
    {
      "id": 2501,
      "amount": 1
    },
    {
      "id": 1303,
      "amount": 2
    },
    {
      "id": 13389,
      "amount": 1
    },
    {
      "id": 2495,
      "amount": 1
    },
    {
      "id": 453,
      "amount": 30
    },
    {
      "id": 3026,
      "amount": 2
    },
    {
      "id": 985,
      "amount": 1
    },
    {
      "id": 11664,
      "amount": 1
    },
    null,
    null,
    null,
    null,
    null,
    null,
    null,
    null,
    null,
    null,
    null,
    null,
    null,
    null,
    null,
    null,
    null,
    null,
    null,
    null,
    null,
    null,
    null,
    null,
    null,
    null,
    null,
    null,
    null,
    null,
    null,
    null,
    null,
    null,
    null,
    null,
    null,
    null,
    null,
    null,
    null,
    null,
    null,
    null,
    null,
    null,
    null,
    null,
    null,
    null,
    null,
    null,
    null,
    null,
    null,
    null,
    null,
    null,
    null,
    null,
    null,
    null,
    null,
    null,
    null,
    null,
    null,
    null,
    null,
    null,
    null,
    null,
    null,
    null,
    null,
    null,
    null,
    null,
    null,
    null,
    null,
    null,
    null,
    null,
    null,
    null,
    null,
    null,
    null,
    null,
    null,
    null,
    null,
    null,
    null,
    null,
    null,
    null,
    null,
    null,
    null,
    null,
    null,
    null,
    null,
    null,
    null,
    null,
    null,
    null,
    null,
    null,
    null,
    null,
    null,
    null,
    null,
    null,
    null,
    null,
    null,
    null,
    null,
    null,
    null,
    null,
    null,
    null,
    null,
    null,
    null,
    null,
    null,
    null,
    null,
    null,
    null,
    null,
    null,
    null,
    null,
    null,
    null,
    null,
    null,
    null,
    null,
    null,
    null,
    null,
    null,
    null,
    null,
    null,
    null,
    null,
    null,
    null,
    null,
    null,
    null,
    null,
    null,
    null,
    null,
    null,
    null,
    null,
    null,
    null,
    null,
    null,
    null,
    null,
    null,
    null,
    null,
    null,
    null,
    null,
    null,
    null,
    null,
    null,
    null,
    null,
    null,
    null,
    null,
    null,
    null,
    null,
    null,
    null,
    null,
    null,
    null,
    null,
    null,
    null,
    null,
    null,
    null,
    null,
    null,
    null,
    null,
    null,
    null,
    null,
    null,
    null,
    null,
    null,
    null,
    null,
    null,
    null,
    null,
    null,
    null,
    null,
    null,
    null,
    null,
    null,
    null,
    null,
    null,
    null,
    null,
    null,
    null,
    null,
    null,
    null,
    null,
    null,
    null,
    null,
    null,
    null,
    null,
    null,
    null,
    null,
    null,
    null,
    null,
    null,
    null,
    null,
    null,
    null,
    null,
    null,
    null,
    null,
    null,
    null,
    null,
    null,
    null,
    null,
    null,
    null
  ],
  "tabAmounts": [
    84,
    0,
    0,
    0,
    0,
    0,
    0,
    0,
    0,
    0
  ],
  "inventory": [
    {
      "id": 13307,
      "amount": 2465
    },
    {
      "id": 532,
      "amount": 1
    },
    {
      "id": 995,
      "amount": 106463
    },
    {
      "id": 811,
      "amount": 16
    },
    {
      "id": 1619,
      "amount": 1
    },
    {
      "id": 1619,
      "amount": 1
    },
    {
      "id": 1619,
      "amount": 1
    },
    {
      "id": 7937,
      "amount": 137
    },
    {
      "id": 532,
      "amount": 1
    },
    {
      "id": 1621,
      "amount": 1
    },
    {
      "id": 1621,
      "amount": 1
    },
    {
      "id": 1621,
      "amount": 1
    },
    {
      "id": 532,
      "amount": 1
    },
    {
      "id": 1331,
      "amount": 1
    },
    {
      "id": 532,
      "amount": 1
    },
    {
      "id": 1621,
      "amount": 1
    },
    {
      "id": 532,
      "amount": 1
    },
    {
      "id": 1628,
      "amount": 4
    },
    {
      "id": 532,
      "amount": 1
    },
    null,
    null,
    null,
    null,
    null,
    null,
    null,
    null,
    null
  ],
  "equipment": [
    {
      "id": 12512,
      "amount": 1
    },
    {
      "id": 10499,
      "amount": 1
    },
    {
      "id": 13133,
      "amount": 1
    },
    {
      "id": 811,
      "amount": 2318
    },
    {
      "id": 2503,
      "amount": 1
    },
    null,
    null,
    {
      "id": 2497,
      "amount": 1
    },
    null,
    {
      "id": 10384,
      "amount": 1
    },
    null,
    null,
    {
      "id": 13125,
      "amount": 1
    },
    null
  ],
  "lootingBag": [],
  "shopItems": [
    null,
    null,
    null,
    null,
    null,
    null,
    null,
    null,
    null,
    null,
    null,
    null,
    null,
    null,
    null,
    null,
    null,
    null,
    null,
    null,
    null,
    null,
    null,
    null,
    null,
    null,
    null,
    null,
    null,
    null,
    null,
    null,
    null,
    null,
    null,
    null
  ],
  "shopPrices": [
    0,
    0,
    0,
    0,
    0,
    0,
    0,
    0,
    0,
    0,
    0,
    0,
    0,
    0,
    0,
    0,
    0,
    0,
    0,
    0,
    0,
    0,
    0,
    0,
    0,
    0,
    0,
    0,
    0,
    0,
    0,
    0,
    0,
    0,
    0,
    0
  ],
  "pouches": [
    0,
    0,
    0,
    0
  ]
}