{
  "bank": [
    {
      "id": 385,
      "amount": 62
    },
    {
      "id": 2436,
      "amount": 118
    },
    {
      "id": 2440,
      "amount": 104
    },
    {
      "id": 2442,
      "amount": 15
    },
    {
      "id": 2444,
      "amount": 10
    },
    {
      "id": 3040,
      "amount": 10
    },
    {
      "id": 3024,
      "amount": 10
    },
    {
      "id": 9705,
      "amount": 1
    },
    {
      "id": 9706,
      "amount": 500
    },
    {
      "id": 10025,
      "amount": 1
    },
    {
      "id": 6828,
      "amount": 1
    },
    {
      "id": 449,
      "amount": 334
    },
    {
      "id": 453,
      "amount": 280
    },
    {
      "id": 2639,
      "amount": 2
    },
    {
      "id": 10370,
      "amount": 3
    },
    {
      "id": 383,
      "amount": 1529
    },
    {
      "id": 13649,
      "amount": 10
    },
    {
      "id": 13648,
      "amount": 10
    },
    {
      "id": 359,
      "amount": 150
    },
    {
      "id": 371,
      "amount": 158
    },
    {
      "id": 13650,
      "amount": 3
    },
    {
      "id": 13307,
      "amount": 156421
    },
    {
      "id": 377,
      "amount": 50
    },
    {
      "id": 11934,
      "amount": 75
    },
    {
      "id": 389,
      "amount": 50
    },
    {
      "id": 311,
      "amount": 1
    },
    {
      "id": 13258,
      "amount": 1
    },
    {
      "id": 1777,
      "amount": 1000
    },
    {
      "id": 12512,
      "amount": 1
    },
    {
      "id": 451,
      "amount": 3027
    },
    {
      "id": 391,
      "amount": 1
    },
    {
      "id": 199,
      "amount": 382
    },
    {
      "id": 12193,
      "amount": 1
    },
    {
      "id": 2635,
      "amount": 6
    },
    {
      "id": 211,
      "amount": 396
    },
    {
      "id": 1621,
      "amount": 104
    },
    {
      "id": 4740,
      "amount": 1086
    },
    {
      "id": 12494,
      "amount": 2
    },
    {
      "id": 2651,
      "amount": 6
    },
    {
      "id": 1617,
      "amount": 60
    },
    {
      "id": 10368,
      "amount": 1
    },
    {
      "id": 12490,
      "amount": 2
    },
    {
      "id": 2641,
      "amount": 7
    },
    {
      "id": 9185,
      "amount": 2
    },
    {
      "id": 2645,
      "amount": 5
    },
    {
      "id": 215,
      "amount": 222
    },
    {
      "id": 20166,
      "amount": 5
    },
    {
      "id": 205,
      "amount": 608
    },
    {
      "id": 217,
      "amount": 249
    },
    {
      "id": 209,
      "amount": 499
    },
    {
      "id": 2661,
      "amount": 1
    },
    {
      "id": 1623,
      "amount": 28
    },
    {
      "id": 1025,
      "amount": 5
    },
    {
      "id": 2649,
      "amount": 6
    },
    {
      "id": 2643,
      "amount": 4
    },
    {
      "id": 12608,
      "amount": 1
    },
    {
      "id": 10374,
      "amount": 2
    },
    {
      "id": 2363,
      "amount": 34
    },
    {
      "id": 12199,
      "amount": 2
    },
    {
      "id": 4759,
      "amount": 1
    },
    {
      "id": 4012,
      "amount": 5
    },
    {
      "id": 2550,
      "amount": 4
    },
    {
      "id": 2655,
      "amount": 1
    },
    {
      "id": 4738,
      "amount": 1
    },
    {
      "id": 1619,
      "amount": 44
    },
    {
      "id": 1149,
      "amount": 2
    },
    {
      "id": 10382,
      "amount": 2
    },
    {
      "id": 6571,
      "amount": 3
    },
    {
      "id": 10390,
      "amount": 1
    },
    {
      "id": 4718,
      "amount": 1
    },
    {
      "id": 2657,
      "amount": 1
    },
    {
      "id": 4675,
      "amount": 1
    },
    {
      "id": 1187,
      "amount": 2
    },
    {
      "id": 1053,
      "amount": 5
    },
    {
      "id": 272,
      "amount": 1
    },
    {
      "id": 4757,
      "amount": 1
    },
    {
      "id": 9800,
      "amount": 1
    },
    {
      "id": 9799,
      "amount": 1
    },
    {
      "id": 12757,
      "amount": 1
    },
    {
      "id": 10828,
      "amount": 1
    },
    {
      "id": 1079,
      "amount": 1
    },
    {
      "id": 9758,
      "amount": 1
    },
    {
      "id": 12768,
      "amount": 3
    },
    {
      "id": 892,
      "amount": 1089
    },
    {
      "id": 2434,
      "amount": 320
    },
    {
      "id": 442,
      "amount": 300
    },
    {
      "id": 13117,
      "amount": 2
    },
    {
      "id": 12766,
      "amount": 2
    },
    {
      "id": 12934,
      "amount": 95000
    },
    {
      "id": 1057,
      "amount": 2
    },
    {
      "id": 12004,
      "amount": 10
    },
    {
      "id": 12422,
      "amount": 1
    },
    {
      "id": 2577,
      "amount": 4
    },
    {
      "id": 985,
      "amount": 1
    },
    {
      "id": 229,
      "amount": 29
    },
    {
      "id": 1215,
      "amount": 9
    },
    {
      "id": 13130,
      "amount": 1
    },
    {
      "id": 1249,
      "amount": 1
    },
    {
      "id": 829,
      "amount": 20
    },
    {
      "id": 4587,
      "amount": 1
    },
    {
      "id": 3753,
      "amount": 1
    },
    {
      "id": 13113,
      "amount": 1
    },
    {
      "id": 1055,
      "amount": 6
    },
    {
      "id": 12351,
      "amount": 2
    },
    {
      "id": 11838,
      "amount": 8
    },
    {
      "id": 2663,
      "amount": 1
    },
    {
      "id": 12498,
      "amount": 2
    },
    {
      "id": 12397,
      "amount": 1
    },
    {
      "id": 10010,
      "amount": 2
    },
    {
      "id": 561,
      "amount": 1
    },
    {
      "id": 1436,
      "amount": 579
    },
    {
      "id": 5509,
      "amount": 1
    },
    {
      "id": 556,
      "amount": 298
    },
    {
      "id": 562,
      "amount": 136
    },
    {
      "id": 5510,
      "amount": 1
    },
    {
      "id": 5514,
      "amount": 1
    },
    {
      "id": 5512,
      "amount": 1
    },
    {
      "id": 12393,
      "amount": 1
    },
    {
      "id": 12395,
      "amount": 1
    },
    {
      "id": 12391,
      "amount": 1
    },
    {
      "id": 12373,
      "amount": 1
    },
    {
      "id": 12761,
      "amount": 1
    },
    {
      "id": 10380,
      "amount": 1
    },
    {
      "id": 4155,
      "amount": 1
    },
    {
      "id": 4908,
      "amount": 1
    },
    {
      "id": 4998,
      "amount": 1
    },
    {
      "id": 3051,
      "amount": 150
    },
    {
      "id": 1113,
      "amount": 1
    },
    {
      "id": 555,
      "amount": 4115
    },
    {
      "id": 560,
      "amount": 1
    },
    {
      "id": 565,
      "amount": 1
    },
    {
      "id": 10344,
      "amount": 1
    },
    {
      "id": 12389,
      "amount": 1
    },
    {
      "id": 3485,
      "amount": 1
    },
    {
      "id": 3488,
      "amount": 2
    },
    {
      "id": 4103,
      "amount": 1
    },
    {
      "id": 4099,
      "amount": 1
    },
    {
      "id": 4107,
      "amount": 1
    },
    {
      "id": 4101,
      "amount": 2
    },
    {
      "id": 10350,
      "amount": 1
    },
    {
      "id": 11335,
      "amount": 1
    },
    {
      "id": 10334,
      "amount": 1
    },
    {
      "id": 1093,
      "amount": 1
    },
    {
      "id": 4179,
      "amount": 1
    },
    {
      "id": 13197,
      "amount": 1
    },
    {
      "id": 9452,
      "amount": 27
    },
    {
      "id": 946,
      "amount": 1
    },
    {
      "id": 1357,
      "amount": 1
    },
    {
      "id": 440,
      "amount": 55
    },
    {
      "id": 1267,
      "amount": 1
    },
    {
      "id": 2665,
      "amount": 1
    },
    {
      "id": 2653,
      "amount": 1
    },
    {
      "id": 2671,
      "amount": 1
    },
    {
      "id": 1185,
      "amount": 1
    },
    {
      "id": 10288,
      "amount": 1
    },
    {
      "id": 12867,
      "amount": 1
    },
    {
      "id": 12869,
      "amount": 1
    },
    {
      "id": 165,
      "amount": 5
    },
    {
      "id": 4902,
      "amount": 1
    },
    {
      "id": 11936,
      "amount": 26
    },
    {
      "id": 7336,
      "amount": 1
    },
    {
      "id": 1213,
      "amount": 2
    },
    {
      "id": 3476,
      "amount": 2
    },
    {
      "id": 1147,
      "amount": 1
    },
    {
      "id": 4091,
      "amount": 1
    },
    {
      "id": 10294,
      "amount": 1
    },
    {
      "id": 157,
      "amount": 5
    },
    {
      "id": 113,
      "amount": 500
    },
    {
      "id": 207,
      "amount": 106
    },
    {
      "id": 201,
      "amount": 475
    },
    {
      "id": 203,
      "amount": 475
    },
    {
      "id": 213,
      "amount": 190
    },
    {
      "id": 219,
      "amount": 190
    },
    {
      "id": 249,
      "amount": 140
    },
    {
      "id": 257,
      "amount": 42
    },
    {
      "id": 231,
      "amount": 458
    },
    {
      "id": 223,
      "amount": 500
    },
    {
      "id": 227,
      "amount": 958
    },
    {
      "id": 143,
      "amount": 1
    },
    {
      "id": 7986,
      "amount": 1
    },
    {
      "id": 7936,
      "amount": 54
    },
    {
      "id": 1275,
      "amount": 1
    },
    {
      "id": 10083,
      "amount": 1
    },
    {
      "id": 993,
      "amount": 9
    },
    {
      "id": 987,
      "amount": 1
    },
    {
      "id": 1747,
      "amount": 42
    },
    {
      "id": 564,
      "amount": 202
    },
    {
      "id": 20240,
      "amount": 1
    },
    {
      "id": 10470,
      "amount": 1
    },
    {
      "id": 2675,
      "amount": 1
    },
    {
      "id": 2678,
      "amount": 1
    },
    {
      "id": 2803,
      "amount": 1
    },
    {
      "id": 1347,
      "amount": 1
    },
    {
      "id": 1731,
      "amount": 1
    },
    {
      "id": 1643,
      "amount": 1
    },
    {
      "id": 1635,
      "amount": 1
    },
    {
      "id": 2493,
      "amount": 1
    },
    {
      "id": 1319,
      "amount": 1
    },
    {
      "id": 139,
      "amount": 5
    },
    {
      "id": 9342,
      "amount": 2
    },
    {
      "id": 9194,
      "amount": 12
    },
    {
      "id": 805,
      "amount": 150
    },
    {
      "id": 1704,
      "amount": 1
    },
    {
      "id": 13325,
      "amount": 1
    },
    {
      "id": 2890,
      "amount": 1
    },
    {
      "id": 12006,
      "amount": 1
    },
    {
      "id": 12510,
      "amount": 1
    },
    {
      "id": 12086,
      "amount": 1
    },
    {
      "id": 995,
      "amount": 133928459
    },
    {
      "id": 1127,
      "amount": 1
    },
    {
      "id": 11235,
      "amount": 1
    },
    {
      "id": 2497,
      "amount": 1
    },
    {
      "id": 2503,
      "amount": 1
    },
    {
      "id": 2581,
      "amount": 1
    },
    {
      "id": 2491,
      "amount": 1
    },
    {
      "id": 10499,
      "amount": 1
    },
    {
      "id": 12785,
      "amount": 1
    },
    {
      "id": 11978,
      "amount": 8
    },
    {
      "id": 4084,
      "amount": 1
    },
    {
      "id": 20131,
      "amount": 1
    },
    {
      "id": 20137,
      "amount": 1
    },
    {
      "id": 20128,
      "amount": 1
    },
    {
      "id": 2347,
      "amount": 1
    },
    {
      "id": 1305,
      "amount": 3
    },
    {
      "id": 20784,
      "amount": 1
    },
    null,
    null,
    null,
    null,
    null,
    null,
    null,
    null,
    null,
    null,
    null,
    null,
    null,
    null,
    null,
    null,
    null,
    null,
    null,
    null,
    null,
    null,
    null,
    null,
    null,
    null,
    null,
    null,
    null,
    null,
    null,
    null,
    null,
    null,
    null,
    null,
    null,
    null,
    null,
    null,
    null,
    null,
    null,
    null,
    null,
    null,
    null,
    null,
    null,
    null,
    null,
    null,
    null,
    null,
    null,
    null,
    null,
    null,
    null,
    null,
    null,
    null,
    null,
    null,
    null,
    null,
    null,
    null,
    null,
    null,
    null,
    null,
    null,
    null,
    null,
    null,
    null,
    null,
    null,
    null,
    null,
    null,
    null,
    null,
    null,
    null,
    null,
    null,
    null,
    null,
    null,
    null,
    null,
    null,
    null,
    null,
    null,
    null,
    null,
    null,
    null,
    null,
    null,
    null,
    null,
    null,
    null,
    null,
    null,
    null,
    null,
    null,
    null,
    null,
    null,
    null,
    null,
    null,
    null,
    null,
    null,
    null,
    null,
    null,
    null
  ],
  "tabAmounts": [
    225,
    0,
    0,
    0,
    0,
    0,
    0,
    0,
    0,
    0
  ],
  "inventory": [
    null,
    null,
    null,
    null,
    null,
    null,
    null,
    null,
    null,
    null,
    null,
    null,
    null,
    null,
    null,
    null,
    null,
    null,
    null,
    null,
    null,
    null,
    null,
    null,
    null,
    null,
    null,
    null
  ],
  "equipment": [
    {
      "id": 12013,
      "amount": 1
    },
    {
      "id": 9757,
      "amount": 1
    },
    null,
    {
      "id": 1275,
      "amount": 1
    },
    null,
    null,
    null,
    {
      "id": 12015,
      "amount": 1
    },
    null,
    null,
    {
      "id": 12016,
      "amount": 1
    },
    null,
    null,
    null
  ],
  "lootingBag": [],
  "shopItems": [
    {
      "id": 20166,
      "amount": 1
    },
    {
      "id": 6603,
      "amount": 1
    },
    {
      "id": 12768,
      "amount": 1
    },
    null,
    null,
    null,
    null,
    null,
    null,
    null,
    null,
    null,
    null,
    null,
    null,
    null,
    null,
    null,
    null,
    null,
    null,
    null,
    null,
    null,
    null,
    null,
    null,
    null,
    null,
    null,
    null,
    null,
    null,
    null,
    null,
    null
  ],
  "shopPrices": [
    2147483647,
    1500000000,
    20000000,
    0,
    0,
    0,
    0,
    0,
    0,
    0,
    0,
    0,
    0,
    0,
    0,
    0,
    0,
    0,
    0,
    0,
    0,
    0,
    0,
    0,
    0,
    0,
    0,
    0,
    0,
    0,
    0,
    0,
    0,
    0,
    0,
    0
  ],
  "pouches": [
    0,
    0,
    0,
    0
  ]
}