{
  "bank": [
    {
      "id": 995,
      "amount": 236792244
    },
    {
      "id": 13307,
      "amount": 355535
    },
    {
      "id": 12768,
      "amount": 9
    },
    {
      "id": 12766,
      "amount": 5
    },
    {
      "id": 12060,
      "amount": 1
    },
    {
      "id": 1055,
      "amount": 4
    },
    {
      "id": 1057,
      "amount": 2
    },
    {
      "id": 1053,
      "amount": 2
    },
    {
      "id": 11804,
      "amount": 3
    },
    {
      "id": 11802,
      "amount": 2
    },
    {
      "id": 11838,
      "amount": 4
    },
    {
      "id": 12086,
      "amount": 1
    },
    {
      "id": 12031,
      "amount": 1
    },
    {
      "id": 12026,
      "amount": 1
    },
    {
      "id": 12030,
      "amount": 1
    },
    {
      "id": 12056,
      "amount": 2
    },
    {
      "id": 10288,
      "amount": 1
    },
    {
      "id": 10292,
      "amount": 2
    },
    {
      "id": 10286,
      "amount": 1
    },
    {
      "id": 10290,
      "amount": 1
    },
    {
      "id": 12763,
      "amount": 3
    },
    {
      "id": 12761,
      "amount": 2
    },
    {
      "id": 12757,
      "amount": 3
    },
    {
      "id": 12759,
      "amount": 3
    },
    {
      "id": 4753,
      "amount": 1
    },
    {
      "id": 217,
      "amount": 49
    },
    {
      "id": 2577,
      "amount": 3
    },
    {
      "id": 4745,
      "amount": 1
    },
    {
      "id": 19481,
      "amount": 1
    },
    {
      "id": 12873,
      "amount": 2
    },
    {
      "id": 12877,
      "amount": 1
    },
    {
      "id": 12869,
      "amount": 1
    },
    {
      "id": 4757,
      "amount": 2
    },
    {
      "id": 9244,
      "amount": 17500
    },
    {
      "id": 4131,
      "amount": 7
    },
    {
      "id": 4749,
      "amount": 1
    },
    {
      "id": 1147,
      "amount": 1
    },
    {
      "id": 7336,
      "amount": 1
    },
    {
      "id": 13066,
      "amount": 1
    },
    {
      "id": 12865,
      "amount": 2
    },
    {
      "id": 4759,
      "amount": 3
    },
    {
      "id": 4738,
      "amount": 1
    },
    {
      "id": 4730,
      "amount": 1
    },
    {
      "id": 4751,
      "amount": 3
    },
    {
      "id": 1163,
      "amount": 12
    },
    {
      "id": 1127,
      "amount": 15
    },
    {
      "id": 1093,
      "amount": 10
    },
    {
      "id": 3476,
      "amount": 1
    },
    {
      "id": 4755,
      "amount": 1
    },
    {
      "id": 3024,
      "amount": 5
    },
    {
      "id": 5004,
      "amount": 1
    },
    {
      "id": 4747,
      "amount": 1
    },
    {
      "id": 2665,
      "amount": 1
    },
    {
      "id": 2661,
      "amount": 1
    },
    {
      "id": 1079,
      "amount": 12
    },
    {
      "id": 1113,
      "amount": 18
    },
    {
      "id": 3481,
      "amount": 1
    },
    {
      "id": 3485,
      "amount": 2
    },
    {
      "id": 3488,
      "amount": 1
    },
    {
      "id": 21000,
      "amount": 1
    },
    {
      "id": 2673,
      "amount": 1
    },
    {
      "id": 2669,
      "amount": 2
    },
    {
      "id": 2653,
      "amount": 2
    },
    {
      "id": 1201,
      "amount": 10
    },
    {
      "id": 12391,
      "amount": 3
    },
    {
      "id": 3483,
      "amount": 3
    },
    {
      "id": 6687,
      "amount": 5
    },
    {
      "id": 560,
      "amount": 350
    },
    {
      "id": 4105,
      "amount": 1
    },
    {
      "id": 1645,
      "amount": 1
    },
    {
      "id": 1185,
      "amount": 1
    },
    {
      "id": 1213,
      "amount": 1
    },
    {
      "id": 10352,
      "amount": 1
    },
    {
      "id": 12422,
      "amount": 1
    },
    {
      "id": 4091,
      "amount": 1
    },
    {
      "id": 561,
      "amount": 1000
    },
    {
      "id": 11936,
      "amount": 25
    },
    {
      "id": 19484,
      "amount": 2500
    },
    {
      "id": 892,
      "amount": 500
    },
    {
      "id": 451,
      "amount": 9040
    },
    {
      "id": 20128,
      "amount": 2
    },
    {
      "id": 20131,
      "amount": 1
    },
    {
      "id": 20134,
      "amount": 1
    },
    {
      "id": 20140,
      "amount": 1
    },
    {
      "id": 12934,
      "amount": 205000
    },
    {
      "id": 2651,
      "amount": 10
    },
    {
      "id": 10602,
      "amount": 1
    },
    {
      "id": 5008,
      "amount": 1
    },
    {
      "id": 10551,
      "amount": 1
    },
    {
      "id": 5001,
      "amount": 1
    },
    {
      "id": 11905,
      "amount": 1
    },
    {
      "id": 536,
      "amount": 65
    },
    {
      "id": 2649,
      "amount": 10
    },
    {
      "id": 12612,
      "amount": 2
    },
    {
      "id": 2639,
      "amount": 12
    },
    {
      "id": 12608,
      "amount": 1
    },
    {
      "id": 385,
      "amount": 9
    },
    {
      "id": 1617,
      "amount": 120
    },
    {
      "id": 2363,
      "amount": 11
    },
    {
      "id": 4012,
      "amount": 10
    },
    {
      "id": 2550,
      "amount": 13
    },
    {
      "id": 12510,
      "amount": 2
    },
    {
      "id": 1025,
      "amount": 9
    },
    {
      "id": 4587,
      "amount": 2
    },
    {
      "id": 20137,
      "amount": 2
    },
    {
      "id": 1621,
      "amount": 153
    },
    {
      "id": 4675,
      "amount": 2
    },
    {
      "id": 1377,
      "amount": 1
    },
    {
      "id": 209,
      "amount": 30
    },
    {
      "id": 205,
      "amount": 153
    },
    {
      "id": 12829,
      "amount": 1
    },
    {
      "id": 2635,
      "amount": 11
    },
    {
      "id": 3755,
      "amount": 2
    },
    {
      "id": 12506,
      "amount": 1
    },
    {
      "id": 10370,
      "amount": 2
    },
    {
      "id": 199,
      "amount": 130
    },
    {
      "id": 13113,
      "amount": 1
    },
    {
      "id": 20166,
      "amount": 14
    },
    {
      "id": 1319,
      "amount": 4
    },
    {
      "id": 11283,
      "amount": 1
    },
    {
      "id": 7354,
      "amount": 1
    },
    {
      "id": 2641,
      "amount": 4
    },
    {
      "id": 10386,
      "amount": 1
    },
    {
      "id": 2645,
      "amount": 13
    },
    {
      "id": 12490,
      "amount": 3
    },
    {
      "id": 2440,
      "amount": 10
    },
    {
      "id": 1513,
      "amount": 2500
    },
    {
      "id": 10388,
      "amount": 3
    },
    {
      "id": 12603,
      "amount": 3
    },
    {
      "id": 9185,
      "amount": 6
    },
    {
      "id": 10444,
      "amount": 1
    },
    {
      "id": 6528,
      "amount": 2
    },
    {
      "id": 11230,
      "amount": 3000
    },
    {
      "id": 391,
      "amount": 227
    },
    {
      "id": 6527,
      "amount": 1
    },
    {
      "id": 10376,
      "amount": 1
    },
    {
      "id": 12193,
      "amount": 2
    },
    {
      "id": 13130,
      "amount": 1
    },
    {
      "id": 1149,
      "amount": 2
    },
    {
      "id": 12195,
      "amount": 2
    },
    {
      "id": 20002,
      "amount": 1
    },
    {
      "id": 13117,
      "amount": 1
    },
    {
      "id": 4740,
      "amount": 1944
    },
    {
      "id": 6571,
      "amount": 5
    },
    {
      "id": 12494,
      "amount": 2
    },
    {
      "id": 2643,
      "amount": 4
    },
    {
      "id": 12508,
      "amount": 2
    },
    {
      "id": 12610,
      "amount": 2
    },
    {
      "id": 19685,
      "amount": 5
    },
    {
      "id": 1619,
      "amount": 72
    },
    {
      "id": 371,
      "amount": 494
    },
    {
      "id": 11943,
      "amount": 31
    },
    {
      "id": 2436,
      "amount": 5
    },
    {
      "id": 1631,
      "amount": 2
    },
    {
      "id": 1434,
      "amount": 2
    },
    {
      "id": 10374,
      "amount": 1
    },
    {
      "id": 157,
      "amount": 5
    },
    {
      "id": 12504,
      "amount": 1
    },
    {
      "id": 20161,
      "amount": 2
    },
    {
      "id": 1623,
      "amount": 8
    },
    {
      "id": 2442,
      "amount": 5
    },
    {
      "id": 13118,
      "amount": 1
    },
    {
      "id": 1215,
      "amount": 1
    },
    {
      "id": 3749,
      "amount": 2
    },
    {
      "id": 10378,
      "amount": 3
    },
    {
      "id": 2497,
      "amount": 1
    },
    {
      "id": 12512,
      "amount": 2
    },
    {
      "id": 12526,
      "amount": 1
    },
    {
      "id": 4111,
      "amount": 1
    },
    {
      "id": 3026,
      "amount": 5
    },
    {
      "id": 12492,
      "amount": 1
    },
    {
      "id": 1712,
      "amount": 2
    },
    {
      "id": 12500,
      "amount": 1
    },
    {
      "id": 10384,
      "amount": 1
    },
    {
      "id": 10380,
      "amount": 1
    },
    {
      "id": 12004,
      "amount": 2
    },
    {
      "id": 11934,
      "amount": 59
    },
    {
      "id": 12006,
      "amount": 8
    },
    {
      "id": 10828,
      "amount": 1
    },
    null,
    null,
    null,
    null,
    null,
    null,
    null,
    null,
    null,
    null,
    null,
    null,
    null,
    null,
    null,
    null,
    null,
    null,
    null,
    null,
    null,
    null,
    null,
    null,
    null,
    null,
    null,
    null,
    null,
    null,
    null,
    null,
    null,
    null,
    null,
    null,
    null,
    null,
    null,
    null,
    null,
    null,
    null,
    null,
    null,
    null,
    null,
    null,
    null,
    null,
    null,
    null,
    null,
    null,
    null,
    null,
    null,
    null,
    null,
    null,
    null,
    null,
    null,
    null,
    null,
    null,
    null,
    null,
    null,
    null,
    null,
    null,
    null,
    null,
    null,
    null,
    null,
    null,
    null,
    null,
    null,
    null,
    null,
    null,
    null,
    null,
    null,
    null,
    null,
    null,
    null,
    null,
    null,
    null,
    null,
    null,
    null,
    null,
    null,
    null,
    null,
    null,
    null,
    null,
    null,
    null,
    null,
    null,
    null,
    null,
    null,
    null,
    null,
    null,
    null,
    null,
    null,
    null,
    null,
    null,
    null,
    null,
    null,
    null,
    null,
    null,
    null,
    null,
    null,
    null,
    null,
    null,
    null,
    null,
    null,
    null,
    null,
    null,
    null,
    null,
    null,
    null,
    null,
    null,
    null,
    null,
    null,
    null,
    null,
    null,
    null,
    null,
    null,
    null,
    null,
    null,
    null,
    null,
    null,
    null,
    null,
    null,
    null,
    null,
    null,
    null,
    null,
    null,
    null,
    null,
    null
  ],
  "tabAmounts": [
    179,
    0,
    0,
    0,
    0,
    0,
    0,
    0,
    0,
    0
  ],
  "inventory": [
    null,
    null,
    null,
    null,
    null,
    null,
    null,
    null,
    null,
    null,
    null,
    null,
    null,
    null,
    null,
    null,
    null,
    null,
    null,
    null,
    null,
    null,
    null,
    null,
    null,
    null,
    null,
    null
  ],
  "equipment": [
    null,
    null,
    null,
    null,
    null,
    null,
    null,
    null,
    null,
    null,
    null,
    null,
    null,
    null
  ],
  "shopItems": [
    null,
    null,
    null,
    null,
    null,
    null,
    null,
    null,
    null,
    null,
    null,
    null,
    null,
    null,
    null,
    null,
    null,
    null,
    null,
    null,
    null,
    null,
    null,
    null,
    null,
    null,
    null,
    null,
    null,
    null,
    null,
    null,
    null,
    null,
    null,
    null
  ],
  "shopPrices": [
    0,
    0,
    0,
    0,
    0,
    0,
    0,
    0,
    0,
    0,
    0,
    0,
    0,
    0,
    0,
    0,
    0,
    0,
    0,
    0,
    0,
    0,
    0,
    0,
    0,
    0,
    0,
    0,
    0,
    0,
    0,
    0,
    0,
    0,
    0,
    0
  ],
  "pouches": [
    0,
    0,
    0,
    0
  ]
}