{
  "bank": [
    {
      "id": 2436,
      "amount": 8
    },
    {
      "id": 2440,
      "amount": 8
    },
    {
      "id": 2442,
      "amount": 8
    },
    {
      "id": 2444,
      "amount": 9
    },
    {
      "id": 3040,
      "amount": 10
    },
    {
      "id": 3024,
      "amount": 10
    },
    {
      "id": 6603,
      "amount": 1
    },
    {
      "id": 13137,
      "amount": 1
    },
    {
      "id": 13104,
      "amount": 1
    },
    {
      "id": 13112,
      "amount": 1
    },
    {
      "id": 13125,
      "amount": 1
    },
    {
      "id": 563,
      "amount": 250
    },
    {
      "id": 13117,
      "amount": 3
    },
    {
      "id": 13307,
      "amount": 159992
    },
    {
      "id": 9705,
      "amount": 1
    },
    {
      "id": 2651,
      "amount": 4
    },
    {
      "id": 9185,
      "amount": 2
    },
    {
      "id": 2641,
      "amount": 2
    },
    {
      "id": 2550,
      "amount": 4
    },
    {
      "id": 5553,
      "amount": 1
    },
    {
      "id": 5556,
      "amount": 1
    },
    {
      "id": 2639,
      "amount": 2
    },
    {
      "id": 1025,
      "amount": 2
    },
    {
      "id": 985,
      "amount": 2
    },
    {
      "id": 7946,
      "amount": 106
    },
    {
      "id": 2434,
      "amount": 122
    },
    {
      "id": 11136,
      "amount": 1
    },
    {
      "id": 13133,
      "amount": 1
    },
    {
      "id": 229,
      "amount": 40
    },
    {
      "id": 451,
      "amount": 15
    },
    {
      "id": 526,
      "amount": 5
    },
    {
      "id": 20131,
      "amount": 2
    },
    {
      "id": 6528,
      "amount": 2
    },
    {
      "id": 4155,
      "amount": 1
    },
    {
      "id": 1517,
      "amount": 35
    },
    {
      "id": 12867,
      "amount": 1
    },
    {
      "id": 6524,
      "amount": 1
    },
    {
      "id": 255,
      "amount": 7
    },
    {
      "id": 19679,
      "amount": 1
    },
    {
      "id": 4740,
      "amount": 580
    },
    {
      "id": 13121,
      "amount": 1
    },
    {
      "id": 147,
      "amount": 1
    },
    {
      "id": 159,
      "amount": 1
    },
    {
      "id": 165,
      "amount": 1
    },
    {
      "id": 6529,
      "amount": 16064
    },
    {
      "id": 6575,
      "amount": 1
    },
    {
      "id": 2996,
      "amount": 49
    },
    {
      "id": 11849,
      "amount": 8
    },
    {
      "id": 379,
      "amount": 11
    },
    {
      "id": 2355,
      "amount": 3
    },
    {
      "id": 2353,
      "amount": 3
    },
    {
      "id": 1779,
      "amount": 27
    },
    {
      "id": 6055,
      "amount": 2
    },
    {
      "id": 5343,
      "amount": 1
    },
    {
      "id": 5296,
      "amount": 10
    },
    {
      "id": 5318,
      "amount": 11
    },
    {
      "id": 5331,
      "amount": 1
    },
    {
      "id": 5325,
      "amount": 1
    },
    {
      "id": 5291,
      "amount": 10
    },
    {
      "id": 5341,
      "amount": 1
    },
    {
      "id": 215,
      "amount": 9
    },
    {
      "id": 217,
      "amount": 12
    },
    {
      "id": 221,
      "amount": 186
    },
    {
      "id": 231,
      "amount": 11
    },
    {
      "id": 243,
      "amount": 96
    },
    {
      "id": 5302,
      "amount": 15
    },
    {
      "id": 227,
      "amount": 191
    },
    {
      "id": 91,
      "amount": 106
    },
    {
      "id": 241,
      "amount": 54
    },
    {
      "id": 233,
      "amount": 1
    },
    {
      "id": 121,
      "amount": 14
    },
    {
      "id": 139,
      "amount": 166
    },
    {
      "id": 2452,
      "amount": 24
    },
    {
      "id": 12934,
      "amount": 46072
    },
    {
      "id": 385,
      "amount": 670
    },
    {
      "id": 1623,
      "amount": 19
    },
    {
      "id": 12610,
      "amount": 2
    },
    {
      "id": 141,
      "amount": 8
    },
    {
      "id": 145,
      "amount": 1
    },
    {
      "id": 10551,
      "amount": 1
    },
    {
      "id": 2359,
      "amount": 30
    },
    {
      "id": 5304,
      "amount": 4
    },
    {
      "id": 1617,
      "amount": 121
    },
    {
      "id": 7936,
      "amount": 2444
    },
    {
      "id": 13233,
      "amount": 1
    },
    {
      "id": 9758,
      "amount": 1
    },
    {
      "id": 592,
      "amount": 4
    },
    {
      "id": 453,
      "amount": 53
    },
    {
      "id": 12695,
      "amount": 3
    },
    {
      "id": 10378,
      "amount": 1
    },
    {
      "id": 10380,
      "amount": 1
    },
    {
      "id": 13129,
      "amount": 1
    },
    {
      "id": 6328,
      "amount": 1
    },
    {
      "id": 11820,
      "amount": 1
    },
    {
      "id": 12757,
      "amount": 1
    },
    {
      "id": 868,
      "amount": 2
    },
    {
      "id": 4675,
      "amount": 1
    },
    {
      "id": 12500,
      "amount": 1
    },
    {
      "id": 1201,
      "amount": 2
    },
    {
      "id": 371,
      "amount": 25
    },
    {
      "id": 1619,
      "amount": 31
    },
    {
      "id": 20002,
      "amount": 2
    },
    {
      "id": 211,
      "amount": 9
    },
    {
      "id": 205,
      "amount": 11
    },
    {
      "id": 6527,
      "amount": 1
    },
    {
      "id": 12494,
      "amount": 1
    },
    {
      "id": 10374,
      "amount": 1
    },
    {
      "id": 1621,
      "amount": 6
    },
    {
      "id": 556,
      "amount": 1450
    },
    {
      "id": 558,
      "amount": 942
    },
    {
      "id": 562,
      "amount": 1287
    },
    {
      "id": 560,
      "amount": 1600
    },
    {
      "id": 4107,
      "amount": 1
    },
    {
      "id": 442,
      "amount": 17
    },
    {
      "id": 20140,
      "amount": 1
    },
    {
      "id": 7400,
      "amount": 1
    },
    {
      "id": 7398,
      "amount": 1
    },
    {
      "id": 20730,
      "amount": 1
    },
    {
      "id": 9341,
      "amount": 5
    },
    {
      "id": 557,
      "amount": 311
    },
    {
      "id": 564,
      "amount": 190
    },
    {
      "id": 566,
      "amount": 440
    },
    {
      "id": 9075,
      "amount": 200
    },
    {
      "id": 555,
      "amount": 1250
    },
    {
      "id": 11230,
      "amount": 899
    },
    {
      "id": 12940,
      "amount": 1
    },
    {
      "id": 9757,
      "amount": 1
    },
    {
      "id": 9144,
      "amount": 395
    },
    {
      "id": 2448,
      "amount": 10
    },
    {
      "id": 829,
      "amount": 20
    },
    {
      "id": 169,
      "amount": 1
    },
    {
      "id": 1513,
      "amount": 100
    },
    {
      "id": 2366,
      "amount": 1
    },
    {
      "id": 7416,
      "amount": 1
    },
    {
      "id": 7418,
      "amount": 2
    },
    {
      "id": 6135,
      "amount": 1
    },
    {
      "id": 3757,
      "amount": 2
    },
    {
      "id": 554,
      "amount": 1497
    },
    {
      "id": 561,
      "amount": 369
    },
    {
      "id": 1515,
      "amount": 994
    },
    {
      "id": 6729,
      "amount": 15
    },
    {
      "id": 3755,
      "amount": 1
    },
    {
      "id": 1247,
      "amount": 3
    },
    {
      "id": 3748,
      "amount": 1
    },
    {
      "id": 1149,
      "amount": 2
    },
    {
      "id": 1627,
      "amount": 14
    },
    {
      "id": 1625,
      "amount": 27
    },
    {
      "id": 45,
      "amount": 62
    },
    {
      "id": 20128,
      "amount": 2
    },
    {
      "id": 20050,
      "amount": 1
    },
    {
      "id": 9244,
      "amount": 566
    },
    {
      "id": 3101,
      "amount": 1
    },
    {
      "id": 12807,
      "amount": 1
    },
    {
      "id": 1731,
      "amount": 2
    },
    {
      "id": 13237,
      "amount": 1
    },
    {
      "id": 19547,
      "amount": 1
    },
    {
      "id": 4738,
      "amount": 1
    },
    {
      "id": 2581,
      "amount": 1
    },
    {
      "id": 6733,
      "amount": 1
    },
    {
      "id": 10499,
      "amount": 1
    },
    {
      "id": 4736,
      "amount": 1
    },
    {
      "id": 4087,
      "amount": 1
    },
    {
      "id": 1187,
      "amount": 1
    },
    {
      "id": 1438,
      "amount": 1
    },
    {
      "id": 1147,
      "amount": 1
    },
    {
      "id": 952,
      "amount": 1
    },
    {
      "id": 995,
      "amount": 6533556
    },
    {
      "id": 1696,
      "amount": 1
    },
    {
      "id": 845,
      "amount": 1
    },
    {
      "id": 1067,
      "amount": 1
    },
    {
      "id": 12299,
      "amount": 1
    },
    {
      "id": 1347,
      "amount": 1
    },
    {
      "id": 2493,
      "amount": 1
    },
    {
      "id": 2890,
      "amount": 1
    },
    {
      "id": 10382,
      "amount": 1
    },
    {
      "id": 7374,
      "amount": 1
    },
    {
      "id": 2675,
      "amount": 1
    },
    {
      "id": 12524,
      "amount": 1
    },
    {
      "id": 10452,
      "amount": 1
    },
    {
      "id": 7319,
      "amount": 1
    },
    {
      "id": 1061,
      "amount": 1
    },
    {
      "id": 10284,
      "amount": 1
    },
    {
      "id": 1303,
      "amount": 2
    },
    {
      "id": 2643,
      "amount": 3
    },
    {
      "id": 2649,
      "amount": 2
    },
    {
      "id": 12490,
      "amount": 1
    },
    {
      "id": 391,
      "amount": 29
    },
    {
      "id": 1093,
      "amount": 1
    },
    {
      "id": 1127,
      "amount": 1
    },
    {
      "id": 199,
      "amount": 12
    },
    {
      "id": 143,
      "amount": 1
    },
    {
      "id": 2454,
      "amount": 1
    },
    {
      "id": 1635,
      "amount": 1
    },
    {
      "id": 1540,
      "amount": 1
    },
    null,
    null,
    null,
    null,
    null,
    null,
    null,
    null,
    null,
    null,
    null,
    null,
    null,
    null,
    null,
    null,
    null,
    null,
    null,
    null,
    null,
    null,
    null,
    null,
    null,
    null,
    null,
    null,
    null,
    null,
    null,
    null,
    null,
    null,
    null,
    null,
    null,
    null,
    null,
    null,
    null,
    null,
    null,
    null,
    null,
    null,
    null,
    null,
    null,
    null,
    null,
    null,
    null,
    null,
    null,
    null,
    null,
    null,
    null,
    null,
    null,
    null,
    null,
    null,
    null,
    null,
    null,
    null,
    null,
    null,
    null,
    null,
    null,
    null,
    null,
    null,
    null,
    null,
    null,
    null,
    null,
    null,
    null,
    null,
    null,
    null,
    null,
    null,
    null,
    null,
    null,
    null,
    null,
    null,
    null,
    null,
    null,
    null,
    null,
    null,
    null,
    null,
    null,
    null,
    null,
    null,
    null,
    null,
    null,
    null,
    null,
    null,
    null,
    null,
    null,
    null,
    null,
    null,
    null,
    null,
    null,
    null,
    null,
    null,
    null,
    null,
    null,
    null,
    null,
    null,
    null,
    null,
    null,
    null,
    null,
    null,
    null,
    null,
    null,
    null,
    null,
    null,
    null,
    null,
    null,
    null,
    null,
    null,
    null,
    null,
    null,
    null,
    null,
    null,
    null,
    null
  ],
  "tabAmounts": [
    194,
    0,
    0,
    0,
    0,
    0,
    0,
    0,
    0,
    0
  ],
  "inventory": [
    {
      "id": 12699,
      "amount": 1
    },
    {
      "id": 139,
      "amount": 1
    },
    {
      "id": 2434,
      "amount": 1
    },
    {
      "id": 2434,
      "amount": 1
    },
    {
      "id": 2434,
      "amount": 1
    },
    {
      "id": 139,
      "amount": 1
    },
    {
      "id": 2434,
      "amount": 1
    },
    {
      "id": 2434,
      "amount": 1
    },
    {
      "id": 6570,
      "amount": 1
    },
    {
      "id": 6529,
      "amount": 16064
    },
    null,
    null,
    {
      "id": 391,
      "amount": 1
    },
    null,
    {
      "id": 391,
      "amount": 1
    },
    {
      "id": 391,
      "amount": 1
    },
    {
      "id": 391,
      "amount": 1
    },
    {
      "id": 391,
      "amount": 1
    },
    {
      "id": 391,
      "amount": 1
    },
    {
      "id": 391,
      "amount": 1
    },
    {
      "id": 391,
      "amount": 1
    },
    {
      "id": 391,
      "amount": 1
    },
    {
      "id": 391,
      "amount": 1
    },
    {
      "id": 391,
      "amount": 1
    },
    {
      "id": 391,
      "amount": 1
    },
    {
      "id": 391,
      "amount": 1
    },
    {
      "id": 391,
      "amount": 1
    },
    {
      "id": 391,
      "amount": 1
    }
  ],
  "equipment": [
    {
      "id": 10828,
      "amount": 1
    },
    {
      "id": 6570,
      "amount": 1
    },
    {
      "id": 19553,
      "amount": 1
    },
    {
      "id": 12006,
      "amount": 1
    },
    {
      "id": 10551,
      "amount": 1
    },
    {
      "id": 19722,
      "amount": 1
    },
    null,
    {
      "id": 4759,
      "amount": 1
    },
    null,
    {
      "id": 7462,
      "amount": 1
    },
    {
      "id": 11840,
      "amount": 1
    },
    null,
    {
      "id": 2572,
      "amount": 1
    },
    null
  ],
  "lootingBag": [],
  "shopItems": [
    {
      "id": 17014,
      "amount": 2
    },
    {
      "id": 3140,
      "amount": 1
    },
    {
      "id": 10388,
      "amount": 1
    },
    {
      "id": 10380,
      "amount": 1
    },
    {
      "id": 12492,
      "amount": 1
    },
    {
      "id": 10374,
      "amount": 1
    },
    {
      "id": 6585,
      "amount": 2
    },
    null,
    null,
    null,
    null,
    null,
    null,
    null,
    null,
    null,
    null,
    null,
    null,
    null,
    null,
    null,
    null,
    null,
    null,
    null,
    null,
    null,
    null,
    null,
    null,
    null,
    null,
    null,
    null,
    null
  ],
  "shopPrices": [
    15000000,
    5000000,
    2000000,
    2000000,
    2000000,
    2000000,
    10000000,
    0,
    0,
    0,
    0,
    0,
    0,
    0,
    0,
    0,
    0,
    0,
    0,
    0,
    0,
    0,
    0,
    0,
    0,
    0,
    0,
    0,
    0,
    0,
    0,
    0,
    0,
    0,
    0,
    0
  ],
  "pouches": [
    0,
    0,
    0,
    0
  ]
}