{
  "bank": [
    {
      "id": 2436,
      "amount": 9
    },
    {
      "id": 2440,
      "amount": 9
    },
    {
      "id": 2442,
      "amount": 9
    },
    {
      "id": 3040,
      "amount": 10
    },
    {
      "id": 6603,
      "amount": 1
    },
    {
      "id": 554,
      "amount": 550
    },
    {
      "id": 555,
      "amount": 257
    },
    {
      "id": 556,
      "amount": 250
    },
    {
      "id": 557,
      "amount": 250
    },
    {
      "id": 558,
      "amount": 250
    },
    {
      "id": 563,
      "amount": 457
    },
    {
      "id": 561,
      "amount": 60
    },
    {
      "id": 562,
      "amount": 100
    },
    {
      "id": 409,
      "amount": 3
    },
    {
      "id": 11136,
      "amount": 1
    },
    {
      "id": 13112,
      "amount": 1
    },
    {
      "id": 13104,
      "amount": 1
    },
    {
      "id": 1621,
      "amount": 8
    },
    {
      "id": 145,
      "amount": 1
    },
    {
      "id": 163,
      "amount": 1
    },
    {
      "id": 157,
      "amount": 1
    },
    {
      "id": 985,
      "amount": 6
    },
    {
      "id": 9706,
      "amount": 500
    },
    {
      "id": 863,
      "amount": 948
    },
    {
      "id": 1623,
      "amount": 31
    },
    {
      "id": 1265,
      "amount": 1
    },
    {
      "id": 13108,
      "amount": 1
    },
    {
      "id": 861,
      "amount": 1
    },
    {
      "id": 9144,
      "amount": 13
    },
    {
      "id": 1267,
      "amount": 1
    },
    {
      "id": 7936,
      "amount": 179
    },
    {
      "id": 442,
      "amount": 200
    },
    {
      "id": 1625,
      "amount": 5
    },
    {
      "id": 1633,
      "amount": 7
    },
    {
      "id": 6313,
      "amount": 1
    },
    {
      "id": 45,
      "amount": 127
    },
    {
      "id": 1627,
      "amount": 6
    },
    {
      "id": 9143,
      "amount": 795
    },
    {
      "id": 1753,
      "amount": 1
    },
    {
      "id": 1779,
      "amount": 115
    },
    {
      "id": 12934,
      "amount": 2906
    },
    {
      "id": 2434,
      "amount": 17
    },
    {
      "id": 373,
      "amount": 83
    },
    {
      "id": 13121,
      "amount": 1
    },
    {
      "id": 2446,
      "amount": 10
    },
    {
      "id": 205,
      "amount": 101
    },
    {
      "id": 13125,
      "amount": 1
    },
    {
      "id": 7418,
      "amount": 3
    },
    {
      "id": 3030,
      "amount": 3
    },
    {
      "id": 1359,
      "amount": 1
    },
    {
      "id": 12299,
      "amount": 1
    },
    {
      "id": 7354,
      "amount": 1
    },
    {
      "id": 1149,
      "amount": 1
    },
    {
      "id": 20134,
      "amount": 1
    },
    {
      "id": 2649,
      "amount": 1
    },
    {
      "id": 13307,
      "amount": 42391
    },
    {
      "id": 13137,
      "amount": 1
    },
    {
      "id": 7416,
      "amount": 2
    },
    {
      "id": 2493,
      "amount": 1
    },
    {
      "id": 2890,
      "amount": 1
    },
    {
      "id": 1347,
      "amount": 1
    },
    {
      "id": 229,
      "amount": 13
    },
    {
      "id": 9244,
      "amount": 2
    },
    {
      "id": 12757,
      "amount": 1
    },
    {
      "id": 9243,
      "amount": 2
    },
    {
      "id": 9242,
      "amount": 3
    },
    {
      "id": 2641,
      "amount": 1
    },
    {
      "id": 2655,
      "amount": 1
    },
    {
      "id": 2635,
      "amount": 3
    },
    {
      "id": 1093,
      "amount": 3
    },
    {
      "id": 4012,
      "amount": 2
    },
    {
      "id": 1025,
      "amount": 2
    },
    {
      "id": 1619,
      "amount": 11
    },
    {
      "id": 211,
      "amount": 10
    },
    {
      "id": 1127,
      "amount": 1
    },
    {
      "id": 1617,
      "amount": 43
    },
    {
      "id": 199,
      "amount": 7
    },
    {
      "id": 217,
      "amount": 6
    },
    {
      "id": 1079,
      "amount": 2
    },
    {
      "id": 209,
      "amount": 18
    },
    {
      "id": 3749,
      "amount": 1
    },
    {
      "id": 453,
      "amount": 22
    },
    {
      "id": 440,
      "amount": 59
    },
    {
      "id": 1303,
      "amount": 1
    },
    {
      "id": 13389,
      "amount": 1
    },
    {
      "id": 560,
      "amount": 100
    },
    {
      "id": 143,
      "amount": 7
    },
    {
      "id": 1883,
      "amount": 3
    },
    {
      "id": 139,
      "amount": 4
    },
    {
      "id": 6155,
      "amount": 1
    },
    {
      "id": 6289,
      "amount": 35
    },
    {
      "id": 141,
      "amount": 12
    },
    {
      "id": 10499,
      "amount": 1
    },
    {
      "id": 19685,
      "amount": 1
    },
    {
      "id": 2665,
      "amount": 1
    },
    {
      "id": 3024,
      "amount": 1
    },
    {
      "id": 1985,
      "amount": 2
    },
    {
      "id": 1743,
      "amount": 1
    },
    {
      "id": 11260,
      "amount": 5
    },
    {
      "id": 1438,
      "amount": 1
    },
    {
      "id": 20143,
      "amount": 1
    },
    {
      "id": 1755,
      "amount": 1
    },
    {
      "id": 2347,
      "amount": 1
    },
    {
      "id": 10010,
      "amount": 1
    },
    {
      "id": 245,
      "amount": 10
    },
    {
      "id": 4698,
      "amount": 30
    },
    {
      "id": 1513,
      "amount": 200
    },
    {
      "id": 868,
      "amount": 2
    },
    {
      "id": 10382,
      "amount": 1
    },
    {
      "id": 2491,
      "amount": 1
    },
    {
      "id": 2503,
      "amount": 1
    },
    {
      "id": 2497,
      "amount": 1
    },
    {
      "id": 3026,
      "amount": 3
    },
    {
      "id": 3028,
      "amount": 3
    },
    {
      "id": 4587,
      "amount": 1
    },
    {
      "id": 9705,
      "amount": 1
    },
    {
      "id": 1333,
      "amount": 1
    },
    {
      "id": 5002,
      "amount": 1
    },
    {
      "id": 13117,
      "amount": 1
    },
    {
      "id": 2550,
      "amount": 10
    },
    {
      "id": 3842,
      "amount": 1
    },
    {
      "id": 526,
      "amount": 2
    },
    {
      "id": 249,
      "amount": 2
    },
    {
      "id": 444,
      "amount": 1
    },
    {
      "id": 263,
      "amount": 1
    },
    {
      "id": 1462,
      "amount": 1
    },
    {
      "id": 536,
      "amount": 1
    },
    {
      "id": 2673,
      "amount": 1
    },
    {
      "id": 2669,
      "amount": 1
    },
    {
      "id": 12612,
      "amount": 1
    },
    {
      "id": 7946,
      "amount": 429
    },
    {
      "id": 251,
      "amount": 1
    },
    {
      "id": 2353,
      "amount": 3
    },
    {
      "id": 995,
      "amount": 274564
    },
    {
      "id": 811,
      "amount": 1
    },
    {
      "id": 9185,
      "amount": 1
    },
    null,
    null,
    null,
    null,
    null,
    null,
    null,
    null,
    null,
    null,
    null,
    null,
    null,
    null,
    null,
    null,
    null,
    null,
    null,
    null,
    null,
    null,
    null,
    null,
    null,
    null,
    null,
    null,
    null,
    null,
    null,
    null,
    null,
    null,
    null,
    null,
    null,
    null,
    null,
    null,
    null,
    null,
    null,
    null,
    null,
    null,
    null,
    null,
    null,
    null,
    null,
    null,
    null,
    null,
    null,
    null,
    null,
    null,
    null,
    null,
    null,
    null,
    null,
    null,
    null,
    null,
    null,
    null,
    null,
    null,
    null,
    null,
    null,
    null,
    null,
    null,
    null,
    null,
    null,
    null,
    null,
    null,
    null,
    null,
    null,
    null,
    null,
    null,
    null,
    null,
    null,
    null,
    null,
    null,
    null,
    null,
    null,
    null,
    null,
    null,
    null,
    null,
    null,
    null,
    null,
    null,
    null,
    null,
    null,
    null,
    null,
    null,
    null,
    null,
    null,
    null,
    null,
    null,
    null,
    null,
    null,
    null,
    null,
    null,
    null,
    null,
    null,
    null,
    null,
    null,
    null,
    null,
    null,
    null,
    null,
    null,
    null,
    null,
    null,
    null,
    null,
    null,
    null,
    null,
    null,
    null,
    null,
    null,
    null,
    null,
    null,
    null,
    null,
    null,
    null,
    null,
    null,
    null,
    null,
    null,
    null,
    null,
    null,
    null,
    null,
    null,
    null,
    null,
    null,
    null,
    null,
    null,
    null,
    null,
    null,
    null,
    null,
    null,
    null,
    null,
    null,
    null,
    null,
    null,
    null,
    null,
    null,
    null,
    null,
    null,
    null,
    null,
    null,
    null,
    null,
    null,
    null,
    null,
    null,
    null,
    null,
    null,
    null,
    null,
    null,
    null,
    null,
    null,
    null,
    null,
    null,
    null,
    null,
    null
  ],
  "tabAmounts": [
    136,
    0,
    0,
    0,
    0,
    0,
    0,
    0,
    0,
    0
  ],
  "inventory": [
    {
      "id": 139,
      "amount": 1
    },
    {
      "id": 139,
      "amount": 1
    },
    {
      "id": 141,
      "amount": 1
    },
    {
      "id": 139,
      "amount": 1
    },
    {
      "id": 143,
      "amount": 1
    },
    null,
    {
      "id": 2550,
      "amount": 1
    },
    {
      "id": 2550,
      "amount": 1
    },
    null,
    null,
    null,
    null,
    null,
    null,
    null,
    null,
    null,
    {
      "id": 7946,
      "amount": 1
    },
    null,
    {
      "id": 7946,
      "amount": 1
    },
    {
      "id": 7946,
      "amount": 1
    },
    {
      "id": 7946,
      "amount": 1
    },
    {
      "id": 7946,
      "amount": 1
    },
    {
      "id": 7946,
      "amount": 1
    },
    {
      "id": 7946,
      "amount": 1
    },
    {
      "id": 7946,
      "amount": 1
    },
    {
      "id": 7946,
      "amount": 1
    },
    {
      "id": 7946,
      "amount": 1
    }
  ],
  "equipment": [
    {
      "id": 10382,
      "amount": 1
    },
    {
      "id": 10499,
      "amount": 1
    },
    {
      "id": 13133,
      "amount": 1
    },
    {
      "id": 811,
      "amount": 2541
    },
    {
      "id": 10378,
      "amount": 1
    },
    {
      "id": 11283,
      "amount": 1
    },
    null,
    {
      "id": 10380,
      "amount": 1
    },
    null,
    {
      "id": 10376,
      "amount": 1
    },
    {
      "id": 13129,
      "amount": 1
    },
    null,
    {
      "id": 2550,
      "amount": 1
    },
    {
      "id": 9144,
      "amount": 959
    }
  ],
  "lootingBag": [],
  "shopItems": [
    null,
    null,
    null,
    null,
    null,
    null,
    null,
    null,
    null,
    null,
    null,
    null,
    null,
    null,
    null,
    null,
    null,
    null,
    null,
    null,
    null,
    null,
    null,
    null,
    null,
    null,
    null,
    null,
    null,
    null,
    null,
    null,
    null,
    null,
    null,
    null
  ],
  "shopPrices": [
    0,
    0,
    0,
    0,
    0,
    0,
    0,
    0,
    0,
    0,
    0,
    0,
    0,
    0,
    0,
    0,
    0,
    0,
    0,
    0,
    0,
    0,
    0,
    0,
    0,
    0,
    0,
    0,
    0,
    0,
    0,
    0,
    0,
    0,
    0,
    0
  ],
  "pouches": [
    0,
    0,
    0,
    0
  ]
}