{
  "bank": [
    {
      "id": 385,
      "amount": 14
    },
    {
      "id": 2436,
      "amount": 10
    },
    {
      "id": 2440,
      "amount": 10
    },
    {
      "id": 2442,
      "amount": 10
    },
    {
      "id": 2444,
      "amount": 1
    },
    {
      "id": 3040,
      "amount": 10
    },
    {
      "id": 20703,
      "amount": 1
    },
    {
      "id": 13125,
      "amount": 1
    },
    {
      "id": 554,
      "amount": 550
    },
    {
      "id": 555,
      "amount": 250
    },
    {
      "id": 556,
      "amount": 250
    },
    {
      "id": 557,
      "amount": 250
    },
    {
      "id": 558,
      "amount": 250
    },
    {
      "id": 563,
      "amount": 50
    },
    {
      "id": 561,
      "amount": 30
    },
    {
      "id": 562,
      "amount": 100
    },
    {
      "id": 13137,
      "amount": 1
    },
    {
      "id": 7060,
      "amount": 288
    },
    {
      "id": 2366,
      "amount": 1
    },
    {
      "id": 843,
      "amount": 1
    },
    {
      "id": 884,
      "amount": 491
    },
    {
      "id": 1621,
      "amount": 2
    },
    {
      "id": 1623,
      "amount": 1
    },
    {
      "id": 9706,
      "amount": 500
    },
    {
      "id": 841,
      "amount": 1
    },
    {
      "id": 9705,
      "amount": 1
    },
    {
      "id": 13117,
      "amount": 1
    },
    {
      "id": 811,
      "amount": 24
    },
    {
      "id": 13307,
      "amount": 38812
    },
    {
      "id": 3053,
      "amount": 5
    },
    {
      "id": 2503,
      "amount": 2
    },
    {
      "id": 3024,
      "amount": 8
    },
    {
      "id": 1079,
      "amount": 1
    },
    {
      "id": 19484,
      "amount": 87
    },
    {
      "id": 560,
      "amount": 545
    },
    {
      "id": 985,
      "amount": 5
    },
    {
      "id": 6289,
      "amount": 140
    },
    {
      "id": 12934,
      "amount": 4523
    },
    {
      "id": 12938,
      "amount": 40
    },
    {
      "id": 536,
      "amount": 14
    },
    {
      "id": 1513,
      "amount": 100
    },
    {
      "id": 9193,
      "amount": 12
    },
    {
      "id": 229,
      "amount": 2
    },
    {
      "id": 1987,
      "amount": 500
    },
    {
      "id": 1779,
      "amount": 694
    },
    {
      "id": 6685,
      "amount": 10
    },
    {
      "id": 1163,
      "amount": 1
    },
    {
      "id": 1617,
      "amount": 30
    },
    {
      "id": 2641,
      "amount": 1
    },
    {
      "id": 1201,
      "amount": 2
    },
    {
      "id": 13130,
      "amount": 1
    },
    {
      "id": 2643,
      "amount": 1
    },
    {
      "id": 1319,
      "amount": 1
    },
    {
      "id": 1025,
      "amount": 1
    },
    {
      "id": 1149,
      "amount": 1
    },
    {
      "id": 9243,
      "amount": 399
    },
    {
      "id": 2491,
      "amount": 1
    },
    {
      "id": 6720,
      "amount": 1
    },
    {
      "id": 4166,
      "amount": 1
    },
    {
      "id": 4551,
      "amount": 1
    },
    {
      "id": 4168,
      "amount": 1
    },
    {
      "id": 169,
      "amount": 2
    },
    {
      "id": 171,
      "amount": 2
    },
    {
      "id": 13108,
      "amount": 1
    },
    {
      "id": 2363,
      "amount": 1
    },
    {
      "id": 3026,
      "amount": 2
    },
    {
      "id": 173,
      "amount": 1
    },
    {
      "id": 1127,
      "amount": 1
    },
    {
      "id": 566,
      "amount": 200
    },
    {
      "id": 453,
      "amount": 306
    },
    {
      "id": 9242,
      "amount": 12
    },
    {
      "id": 987,
      "amount": 1
    },
    {
      "id": 3749,
      "amount": 1
    },
    {
      "id": 2497,
      "amount": 1
    },
    {
      "id": 6603,
      "amount": 1
    },
    {
      "id": 13133,
      "amount": 1
    },
    {
      "id": 10499,
      "amount": 1
    },
    {
      "id": 6328,
      "amount": 1
    },
    {
      "id": 7462,
      "amount": 1
    },
    {
      "id": 9185,
      "amount": 1
    },
    {
      "id": 1731,
      "amount": 1
    },
    {
      "id": 995,
      "amount": 619581
    },
    null,
    null,
    null,
    null,
    null,
    null,
    null,
    null,
    null,
    null,
    null,
    null,
    null,
    null,
    null,
    null,
    null,
    null,
    null,
    null,
    null,
    null,
    null,
    null,
    null,
    null,
    null,
    null,
    null,
    null,
    null,
    null,
    null,
    null,
    null,
    null,
    null,
    null,
    null,
    null,
    null,
    null,
    null,
    null,
    null,
    null,
    null,
    null,
    null,
    null,
    null,
    null,
    null,
    null,
    null,
    null,
    null,
    null,
    null,
    null,
    null,
    null,
    null,
    null,
    null,
    null,
    null,
    null,
    null,
    null,
    null,
    null,
    null,
    null,
    null,
    null,
    null,
    null,
    null,
    null,
    null,
    null,
    null,
    null,
    null,
    null,
    null,
    null,
    null,
    null,
    null,
    null,
    null,
    null,
    null,
    null,
    null,
    null,
    null,
    null,
    null,
    null,
    null,
    null,
    null,
    null,
    null,
    null,
    null,
    null,
    null,
    null,
    null,
    null,
    null,
    null,
    null,
    null,
    null,
    null,
    null,
    null,
    null,
    null,
    null,
    null,
    null,
    null,
    null,
    null,
    null,
    null,
    null,
    null,
    null,
    null,
    null,
    null,
    null,
    null,
    null,
    null,
    null,
    null,
    null,
    null,
    null,
    null,
    null,
    null,
    null,
    null,
    null,
    null,
    null,
    null,
    null,
    null,
    null,
    null,
    null,
    null,
    null,
    null,
    null,
    null,
    null,
    null,
    null,
    null,
    null,
    null,
    null,
    null,
    null,
    null,
    null,
    null,
    null,
    null,
    null,
    null,
    null,
    null,
    null,
    null,
    null,
    null,
    null,
    null,
    null,
    null,
    null,
    null,
    null,
    null,
    null,
    null,
    null,
    null,
    null,
    null,
    null,
    null,
    null,
    null,
    null,
    null,
    null,
    null,
    null,
    null,
    null,
    null,
    null,
    null,
    null,
    null,
    null,
    null,
    null,
    null,
    null,
    null,
    null,
    null,
    null,
    null,
    null,
    null,
    null,
    null,
    null,
    null,
    null,
    null,
    null,
    null,
    null,
    null,
    null,
    null,
    null,
    null,
    null,
    null,
    null,
    null,
    null,
    null,
    null,
    null,
    null,
    null,
    null,
    null,
    null,
    null,
    null,
    null,
    null,
    null,
    null,
    null,
    null,
    null,
    null,
    null
  ],
  "tabAmounts": [
    82,
    0,
    0,
    0,
    0,
    0,
    0,
    0,
    0,
    0
  ],
  "inventory": [
    {
      "id": 12774,
      "amount": 1
    },
    null,
    null,
    null,
    null,
    null,
    null,
    null,
    null,
    null,
    null,
    null,
    null,
    null,
    null,
    null,
    null,
    null,
    null,
    null,
    null,
    null,
    null,
    null,
    null,
    null,
    null,
    null
  ],
  "equipment": [
    {
      "id": 12026,
      "amount": 1
    },
    {
      "id": 13121,
      "amount": 1
    },
    {
      "id": 1704,
      "amount": 1
    },
    null,
    {
      "id": 13104,
      "amount": 1
    },
    null,
    null,
    {
      "id": 13112,
      "amount": 1
    },
    null,
    {
      "id": 11136,
      "amount": 1
    },
    {
      "id": 13129,
      "amount": 1
    },
    null,
    null,
    {
      "id": 9242,
      "amount": 390
    }
  ],
  "shopItems": [
    null,
    null,
    null,
    null,
    null,
    null,
    null,
    null,
    null,
    null,
    null,
    null,
    null,
    null,
    null,
    null,
    null,
    null,
    null,
    null,
    null,
    null,
    null,
    null,
    null,
    null,
    null,
    null,
    null,
    null,
    null,
    null,
    null,
    null,
    null,
    null
  ],
  "shopPrices": [
    0,
    0,
    0,
    0,
    0,
    0,
    0,
    0,
    0,
    0,
    0,
    0,
    0,
    0,
    0,
    0,
    0,
    0,
    0,
    0,
    0,
    0,
    0,
    0,
    0,
    0,
    0,
    0,
    0,
    0,
    0,
    0,
    0,
    0,
    0,
    0
  ],
  "pouches": [
    0,
    0,
    0,
    0
  ]
}