{
  "bank": [
    {
      "id": 2436,
      "amount": 2
    },
    {
      "id": 2440,
      "amount": 2
    },
    {
      "id": 2442,
      "amount": 5
    },
    {
      "id": 2444,
      "amount": 3
    },
    {
      "id": 3040,
      "amount": 10
    },
    {
      "id": 6603,
      "amount": 1
    },
    {
      "id": 1569,
      "amount": 1
    },
    {
      "id": 1387,
      "amount": 1
    },
    {
      "id": 13117,
      "amount": 2
    },
    {
      "id": 229,
      "amount": 23
    },
    {
      "id": 1159,
      "amount": 1
    },
    {
      "id": 1121,
      "amount": 1
    },
    {
      "id": 1071,
      "amount": 1
    },
    {
      "id": 1197,
      "amount": 1
    },
    {
      "id": 1331,
      "amount": 1
    },
    {
      "id": 1329,
      "amount": 1
    },
    {
      "id": 11849,
      "amount": 8
    },
    {
      "id": 1749,
      "amount": 1
    },
    {
      "id": 1333,
      "amount": 1
    },
    {
      "id": 167,
      "amount": 1
    },
    {
      "id": 161,
      "amount": 3
    },
    {
      "id": 149,
      "amount": 3
    },
    {
      "id": 1149,
      "amount": 2
    },
    {
      "id": 1129,
      "amount": 1
    },
    {
      "id": 1095,
      "amount": 1
    },
    {
      "id": 843,
      "amount": 1
    },
    {
      "id": 9705,
      "amount": 1
    },
    {
      "id": 9706,
      "amount": 495
    },
    {
      "id": 853,
      "amount": 1
    },
    {
      "id": 1079,
      "amount": 2
    },
    {
      "id": 1127,
      "amount": 5
    },
    {
      "id": 1305,
      "amount": 2
    },
    {
      "id": 2677,
      "amount": 1
    },
    {
      "id": 147,
      "amount": 1
    },
    {
      "id": 159,
      "amount": 1
    },
    {
      "id": 165,
      "amount": 2
    },
    {
      "id": 1133,
      "amount": 1
    },
    {
      "id": 1097,
      "amount": 1
    },
    {
      "id": 11118,
      "amount": 1
    },
    {
      "id": 2493,
      "amount": 2
    },
    {
      "id": 985,
      "amount": 5
    },
    {
      "id": 1249,
      "amount": 1
    },
    {
      "id": 1185,
      "amount": 1
    },
    {
      "id": 2487,
      "amount": 1
    },
    {
      "id": 2499,
      "amount": 1
    },
    {
      "id": 20166,
      "amount": 2
    },
    {
      "id": 868,
      "amount": 678
    },
    {
      "id": 13121,
      "amount": 1
    },
    {
      "id": 2495,
      "amount": 1
    },
    {
      "id": 173,
      "amount": 9
    },
    {
      "id": 2489,
      "amount": 1
    },
    {
      "id": 217,
      "amount": 6
    },
    {
      "id": 2501,
      "amount": 1
    },
    {
      "id": 1113,
      "amount": 2
    },
    {
      "id": 1163,
      "amount": 5
    },
    {
      "id": 12510,
      "amount": 1
    },
    {
      "id": 1623,
      "amount": 1033
    },
    {
      "id": 1619,
      "amount": 11
    },
    {
      "id": 12199,
      "amount": 1
    },
    {
      "id": 1641,
      "amount": 1
    },
    {
      "id": 20736,
      "amount": 1
    },
    {
      "id": 2996,
      "amount": 5
    },
    {
      "id": 554,
      "amount": 870
    },
    {
      "id": 555,
      "amount": 947
    },
    {
      "id": 556,
      "amount": 234
    },
    {
      "id": 557,
      "amount": 850
    },
    {
      "id": 558,
      "amount": 240
    },
    {
      "id": 562,
      "amount": 16
    },
    {
      "id": 561,
      "amount": 500
    },
    {
      "id": 560,
      "amount": 855
    },
    {
      "id": 565,
      "amount": 2484
    },
    {
      "id": 563,
      "amount": 50
    },
    {
      "id": 1381,
      "amount": 1
    },
    {
      "id": 1615,
      "amount": 1
    },
    {
      "id": 886,
      "amount": 409
    },
    {
      "id": 6109,
      "amount": 1
    },
    {
      "id": 2415,
      "amount": 1
    },
    {
      "id": 6107,
      "amount": 1
    },
    {
      "id": 6108,
      "amount": 1
    },
    {
      "id": 1201,
      "amount": 2
    },
    {
      "id": 7936,
      "amount": 69
    },
    {
      "id": 20161,
      "amount": 1
    },
    {
      "id": 2491,
      "amount": 2
    },
    {
      "id": 10382,
      "amount": 2
    },
    {
      "id": 4740,
      "amount": 376
    },
    {
      "id": 1725,
      "amount": 1
    },
    {
      "id": 2,
      "amount": 150
    },
    {
      "id": 1621,
      "amount": 4297
    },
    {
      "id": 1247,
      "amount": 1
    },
    {
      "id": 1731,
      "amount": 1
    },
    {
      "id": 442,
      "amount": 40
    },
    {
      "id": 12512,
      "amount": 1
    },
    {
      "id": 2503,
      "amount": 3
    },
    {
      "id": 2497,
      "amount": 3
    },
    {
      "id": 169,
      "amount": 5
    },
    {
      "id": 3028,
      "amount": 1
    },
    {
      "id": 2434,
      "amount": 35
    },
    {
      "id": 9185,
      "amount": 4
    },
    {
      "id": 12492,
      "amount": 1
    },
    {
      "id": 12494,
      "amount": 2
    },
    {
      "id": 307,
      "amount": 1
    },
    {
      "id": 313,
      "amount": 457
    },
    {
      "id": 303,
      "amount": 3
    },
    {
      "id": 305,
      "amount": 1
    },
    {
      "id": 309,
      "amount": 1
    },
    {
      "id": 314,
      "amount": 5344
    },
    {
      "id": 301,
      "amount": 1
    },
    {
      "id": 10294,
      "amount": 1
    },
    {
      "id": 1303,
      "amount": 1
    },
    {
      "id": 2631,
      "amount": 1
    },
    {
      "id": 3478,
      "amount": 1
    },
    {
      "id": 7360,
      "amount": 1
    },
    {
      "id": 2651,
      "amount": 1
    },
    {
      "id": 3479,
      "amount": 1
    },
    {
      "id": 7336,
      "amount": 1
    },
    {
      "id": 1432,
      "amount": 1
    },
    {
      "id": 1430,
      "amount": 2
    },
    {
      "id": 10290,
      "amount": 1
    },
    {
      "id": 12391,
      "amount": 1
    },
    {
      "id": 2890,
      "amount": 2
    },
    {
      "id": 1347,
      "amount": 3
    },
    {
      "id": 10368,
      "amount": 2
    },
    {
      "id": 1319,
      "amount": 1
    },
    {
      "id": 1289,
      "amount": 1
    },
    {
      "id": 311,
      "amount": 1
    },
    {
      "id": 13648,
      "amount": 21
    },
    {
      "id": 13649,
      "amount": 11
    },
    {
      "id": 1135,
      "amount": 1
    },
    {
      "id": 857,
      "amount": 2
    },
    {
      "id": 10442,
      "amount": 1
    },
    {
      "id": 2723,
      "amount": 1
    },
    {
      "id": 2722,
      "amount": 1
    },
    {
      "id": 3030,
      "amount": 3
    },
    {
      "id": 10292,
      "amount": 2
    },
    {
      "id": 1073,
      "amount": 1
    },
    {
      "id": 10288,
      "amount": 1
    },
    {
      "id": 1213,
      "amount": 1
    },
    {
      "id": 13650,
      "amount": 1
    },
    {
      "id": 3840,
      "amount": 1
    },
    {
      "id": 7384,
      "amount": 1
    },
    {
      "id": 6529,
      "amount": 16064
    },
    {
      "id": 141,
      "amount": 2
    },
    {
      "id": 139,
      "amount": 2
    },
    {
      "id": 4131,
      "amount": 2
    },
    {
      "id": 4587,
      "amount": 1
    },
    {
      "id": 9191,
      "amount": 300
    },
    {
      "id": 13307,
      "amount": 92685
    },
    {
      "id": 534,
      "amount": 2
    },
    {
      "id": 2667,
      "amount": 1
    },
    {
      "id": 2639,
      "amount": 1
    },
    {
      "id": 2663,
      "amount": 1
    },
    {
      "id": 143,
      "amount": 6
    },
    {
      "id": 1625,
      "amount": 3
    },
    {
      "id": 2682,
      "amount": 1
    },
    {
      "id": 536,
      "amount": 4
    },
    {
      "id": 13108,
      "amount": 1
    },
    {
      "id": 13137,
      "amount": 1
    },
    {
      "id": 13104,
      "amount": 1
    },
    {
      "id": 13112,
      "amount": 1
    },
    {
      "id": 13133,
      "amount": 1
    },
    {
      "id": 11136,
      "amount": 1
    },
    {
      "id": 13129,
      "amount": 1
    },
    {
      "id": 13125,
      "amount": 1
    },
    {
      "id": 13320,
      "amount": 1
    },
    {
      "id": 13261,
      "amount": 1
    },
    {
      "id": 13259,
      "amount": 1
    },
    {
      "id": 5011,
      "amount": 1
    },
    {
      "id": 9243,
      "amount": 2
    },
    {
      "id": 20140,
      "amount": 1
    },
    {
      "id": 451,
      "amount": 10
    },
    {
      "id": 2643,
      "amount": 1
    },
    {
      "id": 1025,
      "amount": 1
    },
    {
      "id": 331,
      "amount": 5
    },
    {
      "id": 205,
      "amount": 1486
    },
    {
      "id": 1712,
      "amount": 1
    },
    {
      "id": 2635,
      "amount": 1
    },
    {
      "id": 12496,
      "amount": 1
    },
    {
      "id": 10380,
      "amount": 1
    },
    {
      "id": 12829,
      "amount": 1
    },
    {
      "id": 259,
      "amount": 1
    },
    {
      "id": 4105,
      "amount": 1
    },
    {
      "id": 2679,
      "amount": 1
    },
    {
      "id": 2661,
      "amount": 1
    },
    {
      "id": 3751,
      "amount": 1
    },
    {
      "id": 2665,
      "amount": 1
    },
    {
      "id": 9431,
      "amount": 1
    },
    {
      "id": 1540,
      "amount": 1
    },
    {
      "id": 10551,
      "amount": 1
    },
    {
      "id": 10828,
      "amount": 1
    },
    {
      "id": 11941,
      "amount": 1
    },
    {
      "id": 987,
      "amount": 1
    },
    {
      "id": 7944,
      "amount": 1623
    },
    {
      "id": 377,
      "amount": 600
    },
    {
      "id": 359,
      "amount": 81
    },
    {
      "id": 371,
      "amount": 99
    },
    {
      "id": 395,
      "amount": 150
    },
    {
      "id": 383,
      "amount": 30
    },
    {
      "id": 345,
      "amount": 15
    },
    {
      "id": 389,
      "amount": 100
    },
    {
      "id": 7946,
      "amount": 26
    },
    {
      "id": 315,
      "amount": 13
    },
    {
      "id": 323,
      "amount": 1
    },
    {
      "id": 325,
      "amount": 28
    },
    {
      "id": 333,
      "amount": 67
    },
    {
      "id": 329,
      "amount": 17
    },
    {
      "id": 361,
      "amount": 28
    },
    {
      "id": 379,
      "amount": 236
    },
    {
      "id": 373,
      "amount": 309
    },
    {
      "id": 19679,
      "amount": 1
    },
    {
      "id": 19681,
      "amount": 1
    },
    {
      "id": 145,
      "amount": 1
    },
    {
      "id": 157,
      "amount": 1
    },
    {
      "id": 163,
      "amount": 1
    },
    {
      "id": 1215,
      "amount": 1
    },
    {
      "id": 4757,
      "amount": 1
    },
    {
      "id": 4751,
      "amount": 1
    },
    {
      "id": 7462,
      "amount": 1
    },
    {
      "id": 4745,
      "amount": 1
    },
    {
      "id": 12006,
      "amount": 1
    },
    {
      "id": 10390,
      "amount": 1
    },
    {
      "id": 11840,
      "amount": 1
    },
    {
      "id": 6570,
      "amount": 1
    },
    {
      "id": 10887,
      "amount": 1
    },
    {
      "id": 8921,
      "amount": 1
    },
    {
      "id": 6528,
      "amount": 1
    },
    {
      "id": 995,
      "amount": 80990
    },
    null,
    null,
    null,
    null,
    null,
    null,
    null,
    null,
    null,
    null,
    null,
    null,
    null,
    null,
    null,
    null,
    null,
    null,
    null,
    null,
    null,
    null,
    null,
    null,
    null,
    null,
    null,
    null,
    null,
    null,
    null,
    null,
    null,
    null,
    null,
    null,
    null,
    null,
    null,
    null,
    null,
    null,
    null,
    null,
    null,
    null,
    null,
    null,
    null,
    null,
    null,
    null,
    null,
    null,
    null,
    null,
    null,
    null,
    null,
    null,
    null,
    null,
    null,
    null,
    null,
    null,
    null,
    null,
    null,
    null,
    null,
    null,
    null,
    null,
    null,
    null,
    null,
    null,
    null,
    null,
    null,
    null,
    null,
    null,
    null,
    null,
    null,
    null,
    null,
    null,
    null,
    null,
    null,
    null,
    null,
    null,
    null,
    null,
    null,
    null,
    null,
    null,
    null,
    null,
    null,
    null,
    null,
    null,
    null,
    null,
    null,
    null,
    null,
    null,
    null,
    null,
    null,
    null,
    null,
    null,
    null,
    null,
    null,
    null
  ],
  "tabAmounts": [
    226,
    0,
    0,
    0,
    0,
    0,
    0,
    0,
    0,
    0
  ],
  "inventory": [
    {
      "id": 173,
      "amount": 1
    },
    {
      "id": 141,
      "amount": 1
    },
    {
      "id": 2434,
      "amount": 1
    },
    {
      "id": 2434,
      "amount": 1
    },
    {
      "id": 995,
      "amount": 24633
    },
    {
      "id": 13307,
      "amount": 1031
    },
    {
      "id": 9242,
      "amount": 1
    },
    {
      "id": 7946,
      "amount": 1
    },
    {
      "id": 7946,
      "amount": 1
    },
    {
      "id": 7946,
      "amount": 1
    },
    {
      "id": 7946,
      "amount": 1
    },
    {
      "id": 7946,
      "amount": 1
    },
    {
      "id": 7946,
      "amount": 1
    },
    {
      "id": 7946,
      "amount": 1
    },
    {
      "id": 7946,
      "amount": 1
    },
    {
      "id": 7946,
      "amount": 1
    },
    {
      "id": 7946,
      "amount": 1
    },
    {
      "id": 7946,
      "amount": 1
    },
    {
      "id": 7946,
      "amount": 1
    },
    {
      "id": 7946,
      "amount": 1
    },
    {
      "id": 7946,
      "amount": 1
    },
    {
      "id": 7946,
      "amount": 1
    },
    {
      "id": 7946,
      "amount": 1
    },
    {
      "id": 7946,
      "amount": 1
    },
    {
      "id": 7946,
      "amount": 1
    },
    {
      "id": 7946,
      "amount": 1
    },
    {
      "id": 7946,
      "amount": 1
    },
    {
      "id": 7946,
      "amount": 1
    }
  ],
  "equipment": [
    {
      "id": 12512,
      "amount": 1
    },
    {
      "id": 10499,
      "amount": 1
    },
    {
      "id": 6585,
      "amount": 1
    },
    {
      "id": 9185,
      "amount": 1
    },
    {
      "id": 12508,
      "amount": 1
    },
    {
      "id": 12954,
      "amount": 1
    },
    null,
    {
      "id": 12510,
      "amount": 1
    },
    null,
    {
      "id": 12498,
      "amount": 1
    },
    {
      "id": 6328,
      "amount": 1
    },
    null,
    null,
    {
      "id": 9242,
      "amount": 136
    }
  ],
  "lootingBag": [
    {
      "id": 7946,
      "amount": 1
    },
    {
      "id": 7946,
      "amount": 1
    },
    {
      "id": 7946,
      "amount": 1
    },
    {
      "id": 7946,
      "amount": 1
    },
    {
      "id": 7946,
      "amount": 1
    },
    {
      "id": 7946,
      "amount": 1
    },
    {
      "id": 7946,
      "amount": 1
    },
    {
      "id": 7946,
      "amount": 1
    },
    {
      "id": 7946,
      "amount": 1
    },
    {
      "id": 7946,
      "amount": 1
    },
    {
      "id": 7946,
      "amount": 1
    },
    {
      "id": 7946,
      "amount": 1
    },
    {
      "id": 7946,
      "amount": 1
    },
    {
      "id": 7946,
      "amount": 1
    },
    {
      "id": 7946,
      "amount": 1
    },
    {
      "id": 7946,
      "amount": 1
    },
    {
      "id": 7946,
      "amount": 1
    }
  ],
  "shopItems": [
    {
      "id": 19544,
      "amount": 1
    },
    null,
    null,
    null,
    null,
    null,
    null,
    null,
    null,
    null,
    null,
    null,
    null,
    null,
    null,
    null,
    null,
    null,
    null,
    null,
    null,
    null,
    null,
    null,
    null,
    null,
    null,
    null,
    null,
    null,
    null,
    null,
    null,
    null,
    null,
    null
  ],
  "shopPrices": [
    25000000,
    0,
    0,
    0,
    0,
    0,
    0,
    0,
    0,
    0,
    0,
    0,
    0,
    0,
    0,
    0,
    0,
    0,
    0,
    0,
    0,
    0,
    0,
    0,
    0,
    0,
    0,
    0,
    0,
    0,
    0,
    0,
    0,
    0,
    0,
    0
  ],
  "pouches": [
    0,
    0,
    0,
    0
  ]
}