{
  "bank": [
    {
      "id": 385,
      "amount": 150
    },
    {
      "id": 2436,
      "amount": 10
    },
    {
      "id": 2440,
      "amount": 10
    },
    {
      "id": 2442,
      "amount": 10
    },
    {
      "id": 2444,
      "amount": 20
    },
    {
      "id": 3040,
      "amount": 10
    },
    {
      "id": 3024,
      "amount": 10
    },
    {
      "id": 6603,
      "amount": 1
    },
    {
      "id": 9705,
      "amount": 1
    },
    {
      "id": 9706,
      "amount": 500
    },
    {
      "id": 10025,
      "amount": 1
    },
    {
      "id": 1569,
      "amount": 1
    },
    {
      "id": 199,
      "amount": 131
    },
    {
      "id": 201,
      "amount": 125
    },
    {
      "id": 203,
      "amount": 125
    },
    {
      "id": 205,
      "amount": 111
    },
    {
      "id": 207,
      "amount": 41
    },
    {
      "id": 209,
      "amount": 125
    },
    {
      "id": 211,
      "amount": 58
    },
    {
      "id": 219,
      "amount": 30
    },
    {
      "id": 215,
      "amount": 8
    },
    {
      "id": 217,
      "amount": 50
    },
    {
      "id": 227,
      "amount": 83
    },
    {
      "id": 221,
      "amount": 86
    },
    {
      "id": 121,
      "amount": 14
    },
    {
      "id": 1975,
      "amount": 86
    },
    {
      "id": 3010,
      "amount": 14
    },
    {
      "id": 231,
      "amount": 22
    },
    {
      "id": 139,
      "amount": 28
    },
    {
      "id": 3018,
      "amount": 42
    },
    {
      "id": 157,
      "amount": 50
    },
    {
      "id": 2970,
      "amount": 8
    },
    {
      "id": 239,
      "amount": 58
    },
    {
      "id": 163,
      "amount": 42
    },
    {
      "id": 243,
      "amount": 23
    },
    {
      "id": 241,
      "amount": 7
    },
    {
      "id": 233,
      "amount": 1
    },
    {
      "id": 2454,
      "amount": 20
    },
    {
      "id": 6055,
      "amount": 1
    },
    {
      "id": 2998,
      "amount": 17
    },
    {
      "id": 257,
      "amount": 2
    },
    {
      "id": 5318,
      "amount": 2
    },
    {
      "id": 5291,
      "amount": 1
    },
    {
      "id": 5295,
      "amount": 8
    },
    {
      "id": 3049,
      "amount": 92
    },
    {
      "id": 5341,
      "amount": 1
    },
    {
      "id": 952,
      "amount": 1
    },
    {
      "id": 5325,
      "amount": 1
    },
    {
      "id": 5343,
      "amount": 1
    },
    {
      "id": 1621,
      "amount": 1230
    },
    {
      "id": 1623,
      "amount": 189
    },
    {
      "id": 1625,
      "amount": 17
    },
    {
      "id": 1627,
      "amount": 20
    },
    {
      "id": 1609,
      "amount": 13
    },
    {
      "id": 1607,
      "amount": 135
    },
    {
      "id": 1605,
      "amount": 270
    },
    {
      "id": 1755,
      "amount": 1
    },
    {
      "id": 11849,
      "amount": 6
    },
    {
      "id": 2996,
      "amount": 15
    },
    {
      "id": 995,
      "amount": 206562
    },
    {
      "id": 4740,
      "amount": 376
    },
    {
      "id": 2651,
      "amount": 1
    },
    {
      "id": 1093,
      "amount": 2
    },
    {
      "id": 13113,
      "amount": 1
    },
    {
      "id": 1305,
      "amount": 1
    },
    {
      "id": 4131,
      "amount": 1
    },
    {
      "id": 5557,
      "amount": 2
    },
    {
      "id": 1619,
      "amount": 11
    },
    {
      "id": 561,
      "amount": 1518
    },
    {
      "id": 1113,
      "amount": 1
    },
    {
      "id": 5553,
      "amount": 1
    },
    {
      "id": 5555,
      "amount": 1
    },
    null,
    null,
    null,
    null,
    null,
    null,
    null,
    null,
    null,
    null,
    null,
    null,
    null,
    null,
    null,
    null,
    null,
    null,
    null,
    null,
    null,
    null,
    null,
    null,
    null,
    null,
    null,
    null,
    null,
    null,
    null,
    null,
    null,
    null,
    null,
    null,
    null,
    null,
    null,
    null,
    null,
    null,
    null,
    null,
    null,
    null,
    null,
    null,
    null,
    null,
    null,
    null,
    null,
    null,
    null,
    null,
    null,
    null,
    null,
    null,
    null,
    null,
    null,
    null,
    null,
    null,
    null,
    null,
    null,
    null,
    null,
    null,
    null,
    null,
    null,
    null,
    null,
    null,
    null,
    null,
    null,
    null,
    null,
    null,
    null,
    null,
    null,
    null,
    null,
    null,
    null,
    null,
    null,
    null,
    null,
    null,
    null,
    null,
    null,
    null,
    null,
    null,
    null,
    null,
    null,
    null,
    null,
    null,
    null,
    null,
    null,
    null,
    null,
    null,
    null,
    null,
    null,
    null,
    null,
    null,
    null,
    null,
    null,
    null,
    null,
    null,
    null,
    null,
    null,
    null,
    null,
    null,
    null,
    null,
    null,
    null,
    null,
    null,
    null,
    null,
    null,
    null,
    null,
    null,
    null,
    null,
    null,
    null,
    null,
    null,
    null,
    null,
    null,
    null,
    null,
    null,
    null,
    null,
    null,
    null,
    null,
    null,
    null,
    null,
    null,
    null,
    null,
    null,
    null,
    null,
    null,
    null,
    null,
    null,
    null,
    null,
    null,
    null,
    null,
    null,
    null,
    null,
    null,
    null,
    null,
    null,
    null,
    null,
    null,
    null,
    null,
    null,
    null,
    null,
    null,
    null,
    null,
    null,
    null,
    null,
    null,
    null,
    null,
    null,
    null,
    null,
    null,
    null,
    null,
    null,
    null,
    null,
    null,
    null,
    null,
    null,
    null,
    null,
    null,
    null,
    null,
    null,
    null,
    null,
    null,
    null,
    null,
    null,
    null,
    null,
    null,
    null,
    null,
    null,
    null,
    null,
    null,
    null,
    null,
    null,
    null,
    null,
    null,
    null,
    null,
    null,
    null,
    null,
    null,
    null,
    null,
    null,
    null,
    null,
    null,
    null,
    null,
    null,
    null,
    null,
    null,
    null,
    null,
    null,
    null,
    null,
    null,
    null,
    null,
    null,
    null,
    null,
    null,
    null,
    null,
    null,
    null,
    null
  ],
  "tabAmounts": [
    72,
    0,
    0,
    0,
    0,
    0,
    0,
    0,
    0,
    0
  ],
  "inventory": [
    {
      "id": 946,
      "amount": 1
    },
    {
      "id": 1355,
      "amount": 1
    },
    {
      "id": 1357,
      "amount": 1
    },
    {
      "id": 52,
      "amount": 225
    },
    {
      "id": 1511,
      "amount": 1
    },
    {
      "id": 1511,
      "amount": 1
    },
    {
      "id": 1511,
      "amount": 1
    },
    null,
    null,
    null,
    null,
    null,
    null,
    null,
    null,
    null,
    null,
    null,
    null,
    null,
    null,
    null,
    null,
    null,
    null,
    null,
    null,
    null
  ],
  "equipment": [
    {
      "id": 13137,
      "amount": 1
    },
    {
      "id": 13121,
      "amount": 1
    },
    {
      "id": 13133,
      "amount": 1
    },
    {
      "id": 13108,
      "amount": 1
    },
    {
      "id": 13104,
      "amount": 1
    },
    {
      "id": 13117,
      "amount": 1
    },
    null,
    {
      "id": 13112,
      "amount": 1
    },
    null,
    {
      "id": 11136,
      "amount": 1
    },
    {
      "id": 13129,
      "amount": 1
    },
    null,
    {
      "id": 13125,
      "amount": 1
    },
    null
  ],
  "lootingBag": [],
  "shopItems": [
    null,
    null,
    null,
    null,
    null,
    null,
    null,
    null,
    null,
    null,
    null,
    null,
    null,
    null,
    null,
    null,
    null,
    null,
    null,
    null,
    null,
    null,
    null,
    null,
    null,
    null,
    null,
    null,
    null,
    null,
    null,
    null,
    null,
    null,
    null,
    null
  ],
  "shopPrices": [
    0,
    0,
    0,
    0,
    0,
    0,
    0,
    0,
    0,
    0,
    0,
    0,
    0,
    0,
    0,
    0,
    0,
    0,
    0,
    0,
    0,
    0,
    0,
    0,
    0,
    0,
    0,
    0,
    0,
    0,
    0,
    0,
    0,
    0,
    0,
    0
  ],
  "pouches": [
    0,
    0,
    0,
    0
  ]
}