{
  "bank": [
    {
      "id": 385,
      "amount": 81
    },
    {
      "id": 3040,
      "amount": 10
    },
    {
      "id": 6603,
      "amount": 1
    },
    {
      "id": 9705,
      "amount": 1
    },
    {
      "id": 9706,
      "amount": 500
    },
    {
      "id": 10025,
      "amount": 1
    },
    {
      "id": 440,
      "amount": 5
    },
    {
      "id": 7500,
      "amount": 11
    },
    {
      "id": 12014,
      "amount": 30
    },
    {
      "id": 12013,
      "amount": 28
    },
    {
      "id": 12016,
      "amount": 31
    },
    {
      "id": 12015,
      "amount": 19
    },
    {
      "id": 13117,
      "amount": 3
    },
    {
      "id": 13321,
      "amount": 8
    },
    {
      "id": 12526,
      "amount": 1
    },
    {
      "id": 12498,
      "amount": 3
    },
    {
      "id": 2649,
      "amount": 6
    },
    {
      "id": 20143,
      "amount": 1
    },
    {
      "id": 1025,
      "amount": 7
    },
    {
      "id": 2645,
      "amount": 5
    },
    {
      "id": 4675,
      "amount": 1
    },
    {
      "id": 211,
      "amount": 20
    },
    {
      "id": 1617,
      "amount": 70
    },
    {
      "id": 205,
      "amount": 80
    },
    {
      "id": 391,
      "amount": 60
    },
    {
      "id": 1623,
      "amount": 144
    },
    {
      "id": 20137,
      "amount": 2
    },
    {
      "id": 4012,
      "amount": 5
    },
    {
      "id": 2639,
      "amount": 8
    },
    {
      "id": 13113,
      "amount": 4
    },
    {
      "id": 217,
      "amount": 36
    },
    {
      "id": 10370,
      "amount": 2
    },
    {
      "id": 2651,
      "amount": 7
    },
    {
      "id": 20166,
      "amount": 4
    },
    {
      "id": 10380,
      "amount": 3
    },
    {
      "id": 12504,
      "amount": 1
    },
    {
      "id": 20002,
      "amount": 3
    },
    {
      "id": 10372,
      "amount": 2
    },
    {
      "id": 2641,
      "amount": 3
    },
    {
      "id": 20131,
      "amount": 1
    },
    {
      "id": 12492,
      "amount": 1
    },
    {
      "id": 10450,
      "amount": 1
    },
    {
      "id": 2643,
      "amount": 5
    },
    {
      "id": 2635,
      "amount": 6
    },
    {
      "id": 12490,
      "amount": 1
    },
    {
      "id": 12494,
      "amount": 2
    },
    {
      "id": 4740,
      "amount": 752
    },
    {
      "id": 209,
      "amount": 54
    },
    {
      "id": 371,
      "amount": 56
    },
    {
      "id": 1621,
      "amount": 30
    },
    {
      "id": 10390,
      "amount": 1
    },
    {
      "id": 10384,
      "amount": 1
    },
    {
      "id": 12197,
      "amount": 2
    },
    {
      "id": 12506,
      "amount": 2
    },
    {
      "id": 12608,
      "amount": 1
    },
    {
      "id": 20140,
      "amount": 1
    },
    {
      "id": 12199,
      "amount": 3
    },
    {
      "id": 199,
      "amount": 42
    },
    {
      "id": 20128,
      "amount": 1
    },
    {
      "id": 13105,
      "amount": 2
    },
    {
      "id": 2550,
      "amount": 4
    },
    {
      "id": 6527,
      "amount": 2
    },
    {
      "id": 13130,
      "amount": 2
    },
    {
      "id": 10374,
      "amount": 4
    },
    {
      "id": 20161,
      "amount": 2
    },
    {
      "id": 10386,
      "amount": 1
    },
    {
      "id": 12195,
      "amount": 1
    },
    {
      "id": 10376,
      "amount": 1
    },
    {
      "id": 20134,
      "amount": 1
    },
    {
      "id": 12610,
      "amount": 1
    },
    {
      "id": 1566,
      "amount": 1
    },
    {
      "id": 13137,
      "amount": 1
    },
    {
      "id": 13104,
      "amount": 1
    },
    {
      "id": 13112,
      "amount": 1
    },
    {
      "id": 13133,
      "amount": 1
    },
    {
      "id": 13129,
      "amount": 1
    },
    {
      "id": 13108,
      "amount": 1
    },
    {
      "id": 13125,
      "amount": 1
    },
    {
      "id": 453,
      "amount": 7
    },
    null,
    null,
    null,
    null,
    null,
    null,
    null,
    null,
    null,
    null,
    null,
    null,
    null,
    null,
    null,
    null,
    null,
    null,
    null,
    null,
    null,
    null,
    null,
    null,
    null,
    null,
    null,
    null,
    null,
    null,
    null,
    null,
    null,
    null,
    null,
    null,
    null,
    null,
    null,
    null,
    null,
    null,
    null,
    null,
    null,
    null,
    null,
    null,
    null,
    null,
    null,
    null,
    null,
    null,
    null,
    null,
    null,
    null,
    null,
    null,
    null,
    null,
    null,
    null,
    null,
    null,
    null,
    null,
    null,
    null,
    null,
    null,
    null,
    null,
    null,
    null,
    null,
    null,
    null,
    null,
    null,
    null,
    null,
    null,
    null,
    null,
    null,
    null,
    null,
    null,
    null,
    null,
    null,
    null,
    null,
    null,
    null,
    null,
    null,
    null,
    null,
    null,
    null,
    null,
    null,
    null,
    null,
    null,
    null,
    null,
    null,
    null,
    null,
    null,
    null,
    null,
    null,
    null,
    null,
    null,
    null,
    null,
    null,
    null,
    null,
    null,
    null,
    null,
    null,
    null,
    null,
    null,
    null,
    null,
    null,
    null,
    null,
    null,
    null,
    null,
    null,
    null,
    null,
    null,
    null,
    null,
    null,
    null,
    null,
    null,
    null,
    null,
    null,
    null,
    null,
    null,
    null,
    null,
    null,
    null,
    null,
    null,
    null,
    null,
    null,
    null,
    null,
    null,
    null,
    null,
    null,
    null,
    null,
    null,
    null,
    null,
    null,
    null,
    null,
    null,
    null,
    null,
    null,
    null,
    null,
    null,
    null,
    null,
    null,
    null,
    null,
    null,
    null,
    null,
    null,
    null,
    null,
    null,
    null,
    null,
    null,
    null,
    null,
    null,
    null,
    null,
    null,
    null,
    null,
    null,
    null,
    null,
    null,
    null,
    null,
    null,
    null,
    null,
    null,
    null,
    null,
    null,
    null,
    null,
    null,
    null,
    null,
    null,
    null,
    null,
    null,
    null,
    null,
    null,
    null,
    null,
    null,
    null,
    null,
    null,
    null,
    null,
    null,
    null,
    null,
    null,
    null,
    null,
    null,
    null,
    null,
    null,
    null,
    null,
    null,
    null,
    null,
    null,
    null,
    null,
    null,
    null,
    null,
    null,
    null,
    null,
    null,
    null,
    null,
    null,
    null,
    null,
    null,
    null,
    null,
    null,
    null,
    null,
    null,
    null,
    null,
    null,
    null,
    null,
    null,
    null,
    null,
    null,
    null,
    null,
    null,
    null,
    null,
    null,
    null,
    null,
    null,
    null,
    null,
    null,
    null,
    null,
    null,
    null,
    null,
    null,
    null,
    null,
    null,
    null,
    null,
    null,
    null,
    null,
    null,
    null,
    null,
    null,
    null,
    null,
    null,
    null,
    null,
    null,
    null,
    null,
    null,
    null,
    null,
    null,
    null,
    null,
    null,
    null,
    null,
    null,
    null,
    null,
    null,
    null,
    null,
    null,
    null,
    null,
    null,
    null,
    null,
    null,
    null,
    null,
    null,
    null,
    null,
    null,
    null,
    null,
    null,
    null,
    null,
    null,
    null,
    null,
    null,
    null,
    null,
    null,
    null,
    null,
    null,
    null,
    null,
    null,
    null,
    null,
    null,
    null,
    null,
    null,
    null,
    null,
    null,
    null,
    null,
    null,
    null,
    null,
    null,
    null,
    null,
    null,
    null,
    null,
    null,
    null,
    null,
    null,
    null,
    null,
    null,
    null,
    null,
    null,
    null,
    null,
    null,
    null,
    null,
    null,
    null,
    null,
    null,
    null,
    null,
    null,
    null,
    null,
    null,
    null,
    null,
    null,
    null,
    null,
    null,
    null,
    null,
    null,
    null,
    null,
    null,
    null,
    null,
    null,
    null,
    null,
    null,
    null,
    null,
    null,
    null,
    null,
    null,
    null,
    null,
    null,
    null,
    null,
    null,
    null,
    null,
    null,
    null,
    null,
    null,
    null,
    null,
    null,
    null,
    null,
    null,
    null,
    null,
    null,
    null,
    null,
    null,
    null,
    null,
    null,
    null,
    null,
    null,
    null,
    null,
    null,
    null,
    null,
    null,
    null,
    null,
    null,
    null,
    null,
    null,
    null,
    null,
    null,
    null,
    null,
    null,
    null,
    null,
    null,
    null,
    null,
    null,
    null,
    null,
    null,
    null,
    null,
    null,
    null,
    null,
    null,
    null,
    null,
    null,
    null,
    null,
    null,
    null,
    null,
    null,
    null,
    null,
    null,
    null,
    null,
    null,
    null,
    null,
    null,
    null,
    null,
    null,
    null,
    null,
    null,
    null,
    null,
    null,
    null,
    null,
    null,
    null,
    null,
    null,
    null,
    null,
    null,
    null,
    null,
    null,
    null,
    null,
    null,
    null,
    null,
    null,
    null,
    null,
    null,
    null,
    null,
    null,
    null,
    null,
    null,
    null,
    null,
    null,
    null,
    null,
    null,
    null,
    null,
    null,
    null,
    null,
    null,
    null,
    null,
    null,
    null,
    null,
    null,
    null,
    null,
    null,
    null,
    null,
    null,
    null,
    null,
    null,
    null,
    null,
    null,
    null,
    null,
    null,
    null,
    null,
    null,
    null,
    null,
    null,
    null,
    null,
    null,
    null,
    null,
    null,
    null,
    null,
    null,
    null,
    null,
    null,
    null,
    null,
    null,
    null,
    null,
    null,
    null,
    null,
    null,
    null,
    null,
    null,
    null,
    null,
    null,
    null,
    null,
    null,
    null,
    null,
    null,
    null,
    null,
    null,
    null,
    null,
    null,
    null,
    null,
    null,
    null,
    null,
    null,
    null,
    null,
    null,
    null,
    null,
    null,
    null,
    null,
    null,
    null,
    null,
    null,
    null,
    null,
    null,
    null,
    null,
    null,
    null,
    null,
    null,
    null,
    null,
    null,
    null,
    null,
    null,
    null,
    null
  ],
  "tabAmounts": [
    79,
    0,
    0,
    0,
    0,
    0,
    0,
    0,
    0,
    0
  ],
  "inventory": [
    null,
    null,
    null,
    null,
    null,
    null,
    null,
    null,
    null,
    null,
    null,
    null,
    null,
    null,
    null,
    null,
    null,
    null,
    null,
    null,
    null,
    null,
    null,
    null,
    null,
    null,
    null,
    null
  ],
  "equipment": [
    {
      "id": 12013,
      "amount": 1
    },
    {
      "id": 13121,
      "amount": 1
    },
    null,
    {
      "id": 1275,
      "amount": 1
    },
    {
      "id": 12014,
      "amount": 1
    },
    null,
    null,
    {
      "id": 12015,
      "amount": 1
    },
    null,
    {
      "id": 11136,
      "amount": 1
    },
    {
      "id": 12016,
      "amount": 1
    },
    null,
    null,
    null
  ],
  "lootingBag": [],
  "shopItems": [
    null,
    null,
    null,
    null,
    null,
    null,
    null,
    null,
    null,
    null,
    null,
    null,
    null,
    null,
    null,
    null,
    null,
    null,
    null,
    null,
    null,
    null,
    null,
    null,
    null,
    null,
    null,
    null,
    null,
    null,
    null,
    null,
    null,
    null,
    null,
    null
  ],
  "shopPrices": [
    0,
    0,
    0,
    0,
    0,
    0,
    0,
    0,
    0,
    0,
    0,
    0,
    0,
    0,
    0,
    0,
    0,
    0,
    0,
    0,
    0,
    0,
    0,
    0,
    0,
    0,
    0,
    0,
    0,
    0,
    0,
    0,
    0,
    0,
    0,
    0
  ],
  "pouches": [
    0,
    0,
    0,
    0
  ]
}