{
  "bank": [
    {
      "id": 3040,
      "amount": 5
    },
    {
      "id": 2434,
      "amount": 126
    },
    {
      "id": 11934,
      "amount": 31
    },
    {
      "id": 11936,
      "amount": 1
    },
    {
      "id": 169,
      "amount": 138
    },
    {
      "id": 385,
      "amount": 881
    },
    {
      "id": 566,
      "amount": 4658
    },
    {
      "id": 5020,
      "amount": 1
    },
    {
      "id": 4714,
      "amount": 1
    },
    {
      "id": 4724,
      "amount": 1
    },
    {
      "id": 4908,
      "amount": 2
    },
    {
      "id": 5555,
      "amount": 1
    },
    {
      "id": 993,
      "amount": 1
    },
    {
      "id": 11849,
      "amount": 14
    },
    {
      "id": 2996,
      "amount": 98
    },
    {
      "id": 373,
      "amount": 716
    },
    {
      "id": 451,
      "amount": 1541
    },
    {
      "id": 4866,
      "amount": 2
    },
    {
      "id": 2550,
      "amount": 22
    },
    {
      "id": 7060,
      "amount": 79
    },
    {
      "id": 2363,
      "amount": 14
    },
    {
      "id": 12397,
      "amount": 1
    },
    {
      "id": 12335,
      "amount": 1
    },
    {
      "id": 1753,
      "amount": 49
    },
    {
      "id": 9075,
      "amount": 500
    },
    {
      "id": 12015,
      "amount": 1
    },
    {
      "id": 12016,
      "amount": 1
    },
    {
      "id": 4753,
      "amount": 2
    },
    {
      "id": 12492,
      "amount": 2
    },
    {
      "id": 20137,
      "amount": 1
    },
    {
      "id": 7388,
      "amount": 1
    },
    {
      "id": 2591,
      "amount": 1
    },
    {
      "id": 13649,
      "amount": 13
    },
    {
      "id": 19716,
      "amount": 8
    },
    {
      "id": 20712,
      "amount": 1
    },
    {
      "id": 5317,
      "amount": 1
    },
    {
      "id": 10368,
      "amount": 1
    },
    {
      "id": 12506,
      "amount": 1
    },
    {
      "id": 13113,
      "amount": 1
    },
    {
      "id": 12393,
      "amount": 1
    },
    {
      "id": 12195,
      "amount": 1
    },
    {
      "id": 12197,
      "amount": 1
    },
    {
      "id": 12395,
      "amount": 1
    },
    {
      "id": 985,
      "amount": 13
    },
    {
      "id": 7158,
      "amount": 1
    },
    {
      "id": 12439,
      "amount": 1
    },
    {
      "id": 10828,
      "amount": 1
    },
    {
      "id": 7946,
      "amount": 99
    },
    {
      "id": 13385,
      "amount": 2
    },
    {
      "id": 453,
      "amount": 2888
    },
    {
      "id": 2681,
      "amount": 3
    },
    {
      "id": 5553,
      "amount": 3
    },
    {
      "id": 12697,
      "amount": 10
    },
    {
      "id": 5509,
      "amount": 1
    },
    {
      "id": 5510,
      "amount": 1
    },
    {
      "id": 5512,
      "amount": 1
    },
    {
      "id": 5514,
      "amount": 1
    },
    {
      "id": 11708,
      "amount": 2
    },
    {
      "id": 4207,
      "amount": 1
    },
    {
      "id": 391,
      "amount": 64
    },
    {
      "id": 171,
      "amount": 9
    },
    {
      "id": 1359,
      "amount": 1
    },
    {
      "id": 2581,
      "amount": 6
    },
    {
      "id": 6528,
      "amount": 2
    },
    {
      "id": 19484,
      "amount": 4788
    },
    {
      "id": 12765,
      "amount": 1
    },
    {
      "id": 11235,
      "amount": 4
    },
    {
      "id": 12699,
      "amount": 7
    },
    {
      "id": 12701,
      "amount": 14
    },
    {
      "id": 5607,
      "amount": 1
    },
    {
      "id": 1403,
      "amount": 2
    },
    {
      "id": 371,
      "amount": 599
    },
    {
      "id": 13648,
      "amount": 10
    },
    {
      "id": 2723,
      "amount": 2
    },
    {
      "id": 2722,
      "amount": 2
    },
    {
      "id": 556,
      "amount": 1089
    },
    {
      "id": 4079,
      "amount": 1
    },
    {
      "id": 987,
      "amount": 9
    },
    {
      "id": 10940,
      "amount": 1
    },
    {
      "id": 19714,
      "amount": 6
    },
    {
      "id": 19712,
      "amount": 1
    },
    {
      "id": 2448,
      "amount": 5
    },
    {
      "id": 5698,
      "amount": 3
    },
    {
      "id": 5556,
      "amount": 2
    },
    {
      "id": 7944,
      "amount": 100
    },
    {
      "id": 13650,
      "amount": 3
    },
    {
      "id": 2685,
      "amount": 2
    },
    {
      "id": 2682,
      "amount": 3
    },
    {
      "id": 2803,
      "amount": 1
    },
    {
      "id": 2678,
      "amount": 1
    },
    {
      "id": 2680,
      "amount": 1
    },
    {
      "id": 301,
      "amount": 1
    },
    {
      "id": 11940,
      "amount": 2356
    },
    {
      "id": 12789,
      "amount": 50
    },
    {
      "id": 163,
      "amount": 1
    },
    {
      "id": 3486,
      "amount": 2
    },
    {
      "id": 3481,
      "amount": 4
    },
    {
      "id": 3488,
      "amount": 2
    },
    {
      "id": 3483,
      "amount": 2
    },
    {
      "id": 13233,
      "amount": 1
    },
    {
      "id": 590,
      "amount": 1
    },
    {
      "id": 449,
      "amount": 136
    },
    {
      "id": 11244,
      "amount": 16
    },
    {
      "id": 11248,
      "amount": 4
    },
    {
      "id": 11240,
      "amount": 3
    },
    {
      "id": 11250,
      "amount": 3
    },
    {
      "id": 11242,
      "amount": 2
    },
    {
      "id": 11252,
      "amount": 82
    },
    {
      "id": 11238,
      "amount": 2
    },
    {
      "id": 12013,
      "amount": 1
    },
    {
      "id": 1704,
      "amount": 30
    },
    {
      "id": 534,
      "amount": 813
    },
    {
      "id": 10010,
      "amount": 1
    },
    {
      "id": 12319,
      "amount": 2
    },
    {
      "id": 11889,
      "amount": 2
    },
    {
      "id": 7936,
      "amount": 11211
    },
    {
      "id": 12428,
      "amount": 1
    },
    {
      "id": 1617,
      "amount": 45
    },
    {
      "id": 10977,
      "amount": 2
    },
    {
      "id": 4585,
      "amount": 4
    },
    {
      "id": 2572,
      "amount": 1
    },
    {
      "id": 12829,
      "amount": 1
    },
    {
      "id": 4730,
      "amount": 1
    },
    {
      "id": 559,
      "amount": 225
    },
    {
      "id": 12502,
      "amount": 1
    },
    {
      "id": 5937,
      "amount": 16
    },
    {
      "id": 1601,
      "amount": 426
    },
    {
      "id": 12759,
      "amount": 5
    },
    {
      "id": 9241,
      "amount": 6370
    },
    {
      "id": 9338,
      "amount": 640
    },
    {
      "id": 561,
      "amount": 363
    },
    {
      "id": 1275,
      "amount": 1
    },
    {
      "id": 13068,
      "amount": 1
    },
    {
      "id": 9470,
      "amount": 1
    },
    {
      "id": 11978,
      "amount": 15
    },
    {
      "id": 11798,
      "amount": 2
    },
    {
      "id": 11820,
      "amount": 3
    },
    {
      "id": 11818,
      "amount": 1
    },
    {
      "id": 12504,
      "amount": 1
    },
    {
      "id": 2615,
      "amount": 1
    },
    {
      "id": 13243,
      "amount": 1
    },
    {
      "id": 11128,
      "amount": 1
    },
    {
      "id": 20002,
      "amount": 2
    },
    {
      "id": 12526,
      "amount": 1
    },
    {
      "id": 12761,
      "amount": 1
    },
    {
      "id": 11943,
      "amount": 8
    },
    {
      "id": 1603,
      "amount": 142
    },
    {
      "id": 1747,
      "amount": 181
    },
    {
      "id": 892,
      "amount": 210
    },
    {
      "id": 20161,
      "amount": 2
    },
    {
      "id": 12766,
      "amount": 3
    },
    {
      "id": 9143,
      "amount": 215
    },
    {
      "id": 9194,
      "amount": 4
    },
    {
      "id": 9191,
      "amount": 8
    },
    {
      "id": 9193,
      "amount": 703
    },
    {
      "id": 9706,
      "amount": 483
    },
    {
      "id": 554,
      "amount": 9079
    },
    {
      "id": 9341,
      "amount": 271
    },
    {
      "id": 9144,
      "amount": 4816
    },
    {
      "id": 9342,
      "amount": 2
    },
    {
      "id": 557,
      "amount": 3875
    },
    {
      "id": 564,
      "amount": 1581
    },
    {
      "id": 6687,
      "amount": 5
    },
    {
      "id": 6691,
      "amount": 3
    },
    {
      "id": 10499,
      "amount": 2
    },
    {
      "id": 3028,
      "amount": 4
    },
    {
      "id": 3030,
      "amount": 2
    },
    {
      "id": 3044,
      "amount": 3
    },
    {
      "id": 3105,
      "amount": 2
    },
    {
      "id": 3026,
      "amount": 3
    },
    {
      "id": 383,
      "amount": 257
    },
    {
      "id": 1513,
      "amount": 3532
    },
    {
      "id": 1163,
      "amount": 4
    },
    {
      "id": 3204,
      "amount": 2
    },
    {
      "id": 5547,
      "amount": 11
    },
    {
      "id": 2361,
      "amount": 36
    },
    {
      "id": 2347,
      "amount": 1
    },
    {
      "id": 10476,
      "amount": 92
    },
    {
      "id": 4566,
      "amount": 1
    },
    {
      "id": 1619,
      "amount": 67
    },
    {
      "id": 3024,
      "amount": 445
    },
    {
      "id": 20131,
      "amount": 2
    },
    {
      "id": 20149,
      "amount": 1
    },
    {
      "id": 11709,
      "amount": 3
    },
    {
      "id": 7460,
      "amount": 1
    },
    {
      "id": 7459,
      "amount": 1
    },
    {
      "id": 1149,
      "amount": 1
    },
    {
      "id": 1301,
      "amount": 1
    },
    {
      "id": 9185,
      "amount": 1
    },
    {
      "id": 9244,
      "amount": 3185
    },
    {
      "id": 12494,
      "amount": 1
    },
    {
      "id": 20146,
      "amount": 1
    },
    {
      "id": 6689,
      "amount": 1
    },
    {
      "id": 19481,
      "amount": 1
    },
    {
      "id": 1249,
      "amount": 3
    },
    {
      "id": 173,
      "amount": 5
    },
    {
      "id": 1515,
      "amount": 300
    },
    {
      "id": 9431,
      "amount": 1
    },
    {
      "id": 830,
      "amount": 5
    },
    {
      "id": 12020,
      "amount": 1
    },
    {
      "id": 805,
      "amount": 47
    },
    {
      "id": 2,
      "amount": 250
    },
    {
      "id": 1631,
      "amount": 2
    },
    {
      "id": 229,
      "amount": 61
    },
    {
      "id": 359,
      "amount": 168
    },
    {
      "id": 12763,
      "amount": 4
    },
    {
      "id": 5974,
      "amount": 60
    },
    {
      "id": 563,
      "amount": 245
    },
    {
      "id": 995,
      "amount": 4972093
    },
    {
      "id": 7218,
      "amount": 409
    },
    {
      "id": 70,
      "amount": 594
    },
    {
      "id": 946,
      "amount": 1
    },
    {
      "id": 1755,
      "amount": 1
    },
    {
      "id": 4716,
      "amount": 1
    },
    {
      "id": 4718,
      "amount": 1
    },
    {
      "id": 4720,
      "amount": 1
    },
    {
      "id": 4722,
      "amount": 1
    },
    {
      "id": 12610,
      "amount": 1
    },
    {
      "id": 4107,
      "amount": 1
    },
    {
      "id": 553,
      "amount": 1
    },
    {
      "id": 10551,
      "amount": 1
    },
    {
      "id": 4087,
      "amount": 1
    },
    {
      "id": 11804,
      "amount": 1
    },
    {
      "id": 11836,
      "amount": 2
    },
    {
      "id": 143,
      "amount": 9
    },
    {
      "id": 7054,
      "amount": 2
    },
    {
      "id": 141,
      "amount": 4
    },
    {
      "id": 6570,
      "amount": 4
    },
    {
      "id": 12934,
      "amount": 60754
    },
    {
      "id": 560,
      "amount": 1293
    },
    {
      "id": 11864,
      "amount": 1
    },
    {
      "id": 12357,
      "amount": 1
    },
    {
      "id": 536,
      "amount": 305
    },
    {
      "id": 4093,
      "amount": 8
    },
    {
      "id": 1615,
      "amount": 55
    },
    {
      "id": 1700,
      "amount": 13
    },
    {
      "id": 17014,
      "amount": 3
    },
    {
      "id": 811,
      "amount": 6927
    },
    {
      "id": 11838,
      "amount": 1
    },
    {
      "id": 139,
      "amount": 9
    },
    {
      "id": 13307,
      "amount": 850344
    },
    {
      "id": 207,
      "amount": 14
    },
    {
      "id": 1434,
      "amount": 1
    },
    {
      "id": 6562,
      "amount": 1
    },
    {
      "id": 11840,
      "amount": 3
    },
    {
      "id": 6619,
      "amount": 1
    },
    {
      "id": 4099,
      "amount": 1
    },
    {
      "id": 4095,
      "amount": 2
    },
    {
      "id": 4109,
      "amount": 1
    },
    {
      "id": 4759,
      "amount": 1
    },
    {
      "id": 4986,
      "amount": 1
    },
    {
      "id": 4757,
      "amount": 1
    },
    {
      "id": 12006,
      "amount": 1
    },
    {
      "id": 989,
      "amount": 3
    },
    {
      "id": 313,
      "amount": 100
    },
    {
      "id": 6529,
      "amount": 80320
    },
    {
      "id": 4740,
      "amount": 2915
    },
    {
      "id": 11260,
      "amount": 354
    },
    {
      "id": 2444,
      "amount": 200
    },
    {
      "id": 6685,
      "amount": 100
    },
    {
      "id": 11259,
      "amount": 1
    },
    {
      "id": 12931,
      "amount": 1
    },
    {
      "id": 7813,
      "amount": 1
    },
    {
      "id": 7462,
      "amount": 1
    },
    {
      "id": 7812,
      "amount": 1
    },
    {
      "id": 5290,
      "amount": 2
    },
    {
      "id": 12938,
      "amount": 177
    },
    {
      "id": 12785,
      "amount": 1
    },
    {
      "id": 11664,
      "amount": 1
    },
    {
      "id": 12926,
      "amount": 1
    },
    {
      "id": 13271,
      "amount": 1
    },
    {
      "id": 11665,
      "amount": 1
    },
    {
      "id": 3042,
      "amount": 1
    },
    {
      "id": 565,
      "amount": 3860
    },
    {
      "id": 12774,
      "amount": 1
    },
    {
      "id": 555,
      "amount": 2922
    },
    {
      "id": 12954,
      "amount": 1
    },
    {
      "id": 12746,
      "amount": 1
    },
    {
      "id": 11663,
      "amount": 1
    },
    {
      "id": 2414,
      "amount": 1
    },
    {
      "id": 12436,
      "amount": 1
    },
    {
      "id": 4675,
      "amount": 1
    },
    {
      "id": 13072,
      "amount": 1
    },
    {
      "id": 3840,
      "amount": 1
    },
    {
      "id": 13073,
      "amount": 1
    },
    {
      "id": 8842,
      "amount": 1
    },
    {
      "id": 12056,
      "amount": 2
    },
    {
      "id": 1053,
      "amount": 2
    },
    {
      "id": 1055,
      "amount": 1
    },
    {
      "id": 1057,
      "amount": 2
    },
    {
      "id": 10334,
      "amount": 3
    },
    {
      "id": 10330,
      "amount": 1
    },
    {
      "id": 10332,
      "amount": 1
    },
    {
      "id": 12026,
      "amount": 2
    },
    {
      "id": 20011,
      "amount": 1
    },
    {
      "id": 12351,
      "amount": 1
    },
    {
      "id": 12806,
      "amount": 1
    },
    {
      "id": 11806,
      "amount": 1
    },
    {
      "id": 1042,
      "amount": 1
    },
    {
      "id": 10352,
      "amount": 1
    },
    {
      "id": 10350,
      "amount": 1
    },
    {
      "id": 10348,
      "amount": 1
    },
    {
      "id": 10346,
      "amount": 2
    },
    {
      "id": 11335,
      "amount": 1
    },
    {
      "id": 12004,
      "amount": 4
    },
    {
      "id": 21018,
      "amount": 1
    },
    {
      "id": 21021,
      "amount": 1
    },
    {
      "id": 21024,
      "amount": 1
    },
    {
      "id": 4084,
      "amount": 1
    },
    {
      "id": 10338,
      "amount": 1
    },
    {
      "id": 4179,
      "amount": 4
    },
    {
      "id": 9957,
      "amount": 1
    },
    {
      "id": 272,
      "amount": 2
    },
    {
      "id": 10023,
      "amount": 1
    },
    {
      "id": 13323,
      "amount": 1
    },
    {
      "id": 13326,
      "amount": 1
    },
    {
      "id": 7986,
      "amount": 1
    },
    {
      "id": 13178,
      "amount": 1
    },
    {
      "id": 227,
      "amount": 210
    },
    {
      "id": 9736,
      "amount": 425
    },
    {
      "id": 9741,
      "amount": 75
    },
    {
      "id": 215,
      "amount": 24
    },
    {
      "id": 3051,
      "amount": 40
    },
    {
      "id": 209,
      "amount": 44
    },
    {
      "id": 203,
      "amount": 8
    },
    {
      "id": 249,
      "amount": 82
    },
    {
      "id": 211,
      "amount": 3
    },
    {
      "id": 257,
      "amount": 50
    },
    {
      "id": 259,
      "amount": 108
    },
    {
      "id": 219,
      "amount": 18
    },
    {
      "id": 2998,
      "amount": 199
    },
    {
      "id": 5297,
      "amount": 9
    },
    {
      "id": 5295,
      "amount": 31
    },
    {
      "id": 5296,
      "amount": 91
    },
    {
      "id": 5300,
      "amount": 186
    },
    {
      "id": 199,
      "amount": 180
    },
    {
      "id": 5316,
      "amount": 20
    },
    {
      "id": 6055,
      "amount": 3
    },
    {
      "id": 225,
      "amount": 349
    },
    {
      "id": 157,
      "amount": 150
    },
    {
      "id": 5343,
      "amount": 2
    },
    {
      "id": 5341,
      "amount": 2
    },
    {
      "id": 5331,
      "amount": 2
    },
    {
      "id": 243,
      "amount": 281
    },
    {
      "id": 213,
      "amount": 2
    },
    {
      "id": 2454,
      "amount": 219
    },
    {
      "id": 5325,
      "amount": 1
    },
    {
      "id": 6693,
      "amount": 5177
    },
    {
      "id": 233,
      "amount": 1
    },
    {
      "id": 2481,
      "amount": 13
    },
    {
      "id": 245,
      "amount": 226
    },
    {
      "id": 5303,
      "amount": 34
    },
    {
      "id": 952,
      "amount": 1
    },
    {
      "id": 3049,
      "amount": 500
    },
    {
      "id": 217,
      "amount": 1308
    },
    {
      "id": 9242,
      "amount": 500
    },
    {
      "id": 2995,
      "amount": 1
    },
    {
      "id": 10071,
      "amount": 1
    },
    {
      "id": 314,
      "amount": 1130
    },
    {
      "id": 267,
      "amount": 200
    },
    null,
    null,
    null,
    null,
    null,
    null,
    null,
    null,
    null,
    null,
    null,
    null,
    null,
    null,
    null,
    null,
    null,
    null,
    null,
    null,
    null,
    null,
    null,
    null,
    null,
    null,
    null,
    null,
    null,
    null,
    null,
    null,
    null,
    null,
    null,
    null,
    null,
    null,
    null,
    null,
    null,
    null,
    null,
    null,
    null,
    null,
    null,
    null,
    null,
    null,
    null,
    null,
    null,
    null,
    null,
    null,
    null,
    null,
    null,
    null,
    null,
    null,
    null,
    null,
    null,
    null,
    null,
    null,
    null,
    null,
    null,
    null,
    null,
    null,
    null,
    null,
    null,
    null,
    null,
    null,
    null,
    null,
    null,
    null,
    null,
    null,
    null,
    null,
    null,
    null,
    null,
    null,
    null,
    null,
    null,
    null,
    null,
    null,
    null,
    null,
    null,
    null,
    null,
    null,
    null,
    null,
    null,
    null,
    null,
    null,
    null,
    null,
    null,
    null,
    null,
    null,
    null,
    null,
    null,
    null,
    null,
    null,
    null,
    null,
    null,
    null,
    null,
    null,
    null,
    null,
    null,
    null,
    null,
    null,
    null,
    null,
    null,
    null,
    null,
    null,
    null,
    null,
    null,
    null,
    null,
    null,
    null,
    null,
    null,
    null,
    null,
    null,
    null,
    null,
    null,
    null,
    null,
    null,
    null,
    null,
    null,
    null,
    null,
    null,
    null,
    null,
    null,
    null,
    null,
    null,
    null,
    null,
    null,
    null,
    null,
    null,
    null,
    null,
    null,
    null,
    null,
    null,
    null,
    null,
    null,
    null,
    null,
    null,
    null,
    null,
    null,
    null,
    null,
    null,
    null,
    null,
    null,
    null,
    null,
    null,
    null,
    null,
    null,
    null,
    null,
    null,
    null,
    null,
    null,
    null,
    null,
    null,
    null,
    null,
    null,
    null,
    null,
    null,
    null,
    null,
    null,
    null,
    null,
    null,
    null,
    null,
    null,
    null,
    null,
    null,
    null,
    null,
    null,
    null,
    null,
    null,
    null,
    null,
    null,
    null,
    null,
    null,
    null,
    null,
    null,
    null,
    null,
    null,
    null,
    null,
    null,
    null,
    null,
    null,
    null,
    null,
    null,
    null,
    null,
    null,
    null,
    null,
    null,
    null,
    null,
    null,
    null,
    null,
    null,
    null,
    null,
    null,
    null,
    null,
    null,
    null,
    null,
    null,
    null,
    null,
    null,
    null,
    null,
    null,
    null,
    null,
    null,
    null,
    null,
    null,
    null,
    null,
    null,
    null,
    null,
    null,
    null,
    null,
    null,
    null,
    null,
    null,
    null,
    null,
    null,
    null,
    null,
    null,
    null,
    null,
    null,
    null,
    null,
    null,
    null,
    null,
    null,
    null,
    null,
    null,
    null,
    null,
    null,
    null,
    null,
    null,
    null,
    null,
    null,
    null,
    null,
    null,
    null,
    null,
    null,
    null,
    null,
    null,
    null,
    null,
    null,
    null,
    null,
    null,
    null,
    null,
    null,
    null,
    null,
    null,
    null,
    null,
    null,
    null,
    null,
    null,
    null,
    null,
    null,
    null,
    null,
    null,
    null,
    null,
    null,
    null,
    null,
    null,
    null,
    null,
    null,
    null,
    null,
    null,
    null,
    null,
    null,
    null,
    null,
    null,
    null,
    null,
    null,
    null,
    null,
    null,
    null,
    null,
    null,
    null
  ],
  "tabAmounts": [
    286,
    24,
    8,
    42,
    0,
    0,
    0,
    0,
    0,
    0
  ],
  "inventory": [
    null,
    null,
    null,
    null,
    null,
    null,
    null,
    null,
    null,
    null,
    null,
    null,
    null,
    null,
    null,
    null,
    null,
    null,
    null,
    null,
    null,
    null,
    null,
    null,
    null,
    null,
    null,
    null
  ],
  "equipment": [
    null,
    null,
    null,
    null,
    null,
    null,
    null,
    null,
    null,
    null,
    null,
    null,
    null,
    null
  ],
  "lootingBag": [],
  "shopItems": [
    {
      "id": 11932,
      "amount": 1
    },
    {
      "id": 12006,
      "amount": 1
    },
    {
      "id": 12357,
      "amount": 1
    },
    {
      "id": 12934,
      "amount": 47863
    },
    {
      "id": 6571,
      "amount": 1
    },
    {
      "id": 9244,
      "amount": 1761
    },
    {
      "id": 9242,
      "amount": 1560
    },
    {
      "id": 565,
      "amount": 6000
    },
    {
      "id": 5011,
      "amount": 1
    },
    {
      "id": 1616,
      "amount": 33
    },
    {
      "id": 11834,
      "amount": 2
    },
    {
      "id": 11933,
      "amount": 2
    },
    null,
    null,
    null,
    null,
    null,
    null,
    null,
    null,
    null,
    null,
    null,
    null,
    null,
    null,
    null,
    null,
    null,
    null,
    null,
    null,
    null,
    null,
    null,
    null
  ],
  "shopPrices": [
    10000000,
    30000000,
    150000000,
    500,
    8000000,
    5000,
    4000,
    750,
    35000000,
    50000,
    100000000,
    10000000,
    0,
    0,
    0,
    7500000,
    0,
    0,
    0,
    0,
    0,
    0,
    0,
    0,
    0,
    0,
    0,
    0,
    0,
    0,
    0,
    0,
    0,
    0,
    0,
    0
  ],
  "pouches": [
    0,
    0,
    0,
    0
  ]
}