{
  "bank": [
    {
      "id": 1149,
      "amount": 1
    },
    {
      "id": 536,
      "amount": 159
    },
    {
      "id": 12768,
      "amount": 8
    },
    {
      "id": 2577,
      "amount": 4
    },
    {
      "id": 9705,
      "amount": 1
    },
    {
      "id": 1053,
      "amount": 21
    },
    {
      "id": 6603,
      "amount": 1
    },
    {
      "id": 12766,
      "amount": 4
    },
    {
      "id": 12004,
      "amount": 14
    },
    {
      "id": 10025,
      "amount": 1
    },
    {
      "id": 3481,
      "amount": 4
    },
    {
      "id": 11283,
      "amount": 2
    },
    {
      "id": 13104,
      "amount": 1
    },
    {
      "id": 13112,
      "amount": 1
    },
    {
      "id": 13117,
      "amount": 2
    },
    {
      "id": 13108,
      "amount": 1
    },
    {
      "id": 13121,
      "amount": 1
    },
    {
      "id": 13129,
      "amount": 2
    },
    {
      "id": 11136,
      "amount": 1
    },
    {
      "id": 13133,
      "amount": 1
    },
    {
      "id": 13125,
      "amount": 1
    },
    {
      "id": 453,
      "amount": 266
    },
    {
      "id": 1513,
      "amount": 2807
    },
    {
      "id": 6571,
      "amount": 1
    },
    {
      "id": 534,
      "amount": 152
    },
    {
      "id": 20997,
      "amount": 5
    },
    {
      "id": 2402,
      "amount": 2
    },
    {
      "id": 6746,
      "amount": 8
    },
    {
      "id": 12439,
      "amount": 1
    },
    {
      "id": 12373,
      "amount": 1
    },
    {
      "id": 6570,
      "amount": 3
    },
    {
      "id": 12697,
      "amount": 1
    },
    {
      "id": 19675,
      "amount": 2
    },
    {
      "id": 11802,
      "amount": 4
    },
    {
      "id": 807,
      "amount": 2
    },
    {
      "id": 2413,
      "amount": 1
    },
    {
      "id": 6036,
      "amount": 1
    },
    {
      "id": 13307,
      "amount": 20763415
    },
    {
      "id": 11824,
      "amount": 3
    },
    {
      "id": 12528,
      "amount": 1
    },
    {
      "id": 5020,
      "amount": 23
    },
    {
      "id": 11235,
      "amount": 2
    },
    {
      "id": 13092,
      "amount": 3
    },
    {
      "id": 561,
      "amount": 1500
    },
    {
      "id": 554,
      "amount": 1904
    },
    {
      "id": 1345,
      "amount": 1
    },
    {
      "id": 8778,
      "amount": 1
    },
    {
      "id": 12291,
      "amount": 1
    },
    {
      "id": 658,
      "amount": 1
    },
    {
      "id": 2631,
      "amount": 1
    },
    {
      "id": 12307,
      "amount": 1
    },
    {
      "id": 4823,
      "amount": 7
    },
    {
      "id": 10312,
      "amount": 1
    },
    {
      "id": 1327,
      "amount": 1
    },
    {
      "id": 2998,
      "amount": 1
    },
    {
      "id": 11804,
      "amount": 12
    },
    {
      "id": 2647,
      "amount": 1
    },
    {
      "id": 1267,
      "amount": 1
    },
    {
      "id": 6328,
      "amount": 1
    },
    {
      "id": 565,
      "amount": 8478
    },
    {
      "id": 989,
      "amount": 231
    },
    {
      "id": 10551,
      "amount": 5
    },
    {
      "id": 6199,
      "amount": 15
    },
    {
      "id": 2550,
      "amount": 10
    },
    {
      "id": 235,
      "amount": 1
    },
    {
      "id": 1527,
      "amount": 1
    },
    {
      "id": 1526,
      "amount": 1
    },
    {
      "id": 1525,
      "amount": 1
    },
    {
      "id": 225,
      "amount": 1
    },
    {
      "id": 223,
      "amount": 1
    },
    {
      "id": 1975,
      "amount": 1
    },
    {
      "id": 9736,
      "amount": 1
    },
    {
      "id": 243,
      "amount": 1
    },
    {
      "id": 9185,
      "amount": 1
    },
    {
      "id": 2363,
      "amount": 6
    },
    {
      "id": 217,
      "amount": 7
    },
    {
      "id": 12785,
      "amount": 2
    },
    {
      "id": 199,
      "amount": 5
    },
    {
      "id": 1645,
      "amount": 2
    },
    {
      "id": 4012,
      "amount": 2
    },
    {
      "id": 20137,
      "amount": 1
    },
    {
      "id": 555,
      "amount": 21
    },
    {
      "id": 557,
      "amount": 21
    },
    {
      "id": 564,
      "amount": 21
    },
    {
      "id": 6573,
      "amount": 1
    },
    {
      "id": 1592,
      "amount": 1
    },
    {
      "id": 2357,
      "amount": 1
    },
    {
      "id": 1664,
      "amount": 1
    },
    {
      "id": 1712,
      "amount": 1
    },
    {
      "id": 1702,
      "amount": 1
    },
    {
      "id": 721,
      "amount": 1
    },
    {
      "id": 115,
      "amount": 1
    },
    {
      "id": 1187,
      "amount": 1
    },
    {
      "id": 6002,
      "amount": 1
    },
    {
      "id": 2635,
      "amount": 1
    },
    {
      "id": 2655,
      "amount": 1
    },
    {
      "id": 13072,
      "amount": 1
    },
    {
      "id": 12020,
      "amount": 2
    },
    {
      "id": 13171,
      "amount": 2
    },
    {
      "id": 13167,
      "amount": 1
    },
    {
      "id": 13169,
      "amount": 1
    },
    {
      "id": 1249,
      "amount": 104
    },
    {
      "id": 2366,
      "amount": 2
    },
    {
      "id": 13181,
      "amount": 1
    },
    {
      "id": 13177,
      "amount": 1
    },
    {
      "id": 19710,
      "amount": 1
    },
    {
      "id": 4718,
      "amount": 1
    },
    {
      "id": 20655,
      "amount": 1
    },
    {
      "id": 4720,
      "amount": 1
    },
    {
      "id": 1623,
      "amount": 29
    },
    {
      "id": 811,
      "amount": 1
    },
    {
      "id": 526,
      "amount": 1
    },
    {
      "id": 12746,
      "amount": 1
    },
    {
      "id": 1783,
      "amount": 25
    },
    {
      "id": 11212,
      "amount": 1627
    },
    {
      "id": 11941,
      "amount": 2
    },
    {
      "id": 12006,
      "amount": 3
    },
    {
      "id": 12773,
      "amount": 1
    },
    {
      "id": 13101,
      "amount": 1
    },
    {
      "id": 13199,
      "amount": 4
    },
    {
      "id": 2361,
      "amount": 1
    },
    {
      "id": 1432,
      "amount": 1
    },
    {
      "id": 4306,
      "amount": 1
    },
    {
      "id": 2783,
      "amount": 1
    },
    {
      "id": 2096,
      "amount": 1
    },
    {
      "id": 5002,
      "amount": 4
    },
    {
      "id": 5003,
      "amount": 5
    },
    {
      "id": 5008,
      "amount": 4
    },
    {
      "id": 11940,
      "amount": 461
    },
    {
      "id": 301,
      "amount": 1
    },
    {
      "id": 11934,
      "amount": 15
    },
    {
      "id": 3157,
      "amount": 1
    },
    {
      "id": 3144,
      "amount": 5
    },
    {
      "id": 13227,
      "amount": 2
    },
    {
      "id": 2649,
      "amount": 1
    },
    {
      "id": 1025,
      "amount": 3
    },
    {
      "id": 11832,
      "amount": 1
    },
    {
      "id": 19550,
      "amount": 1
    },
    {
      "id": 4207,
      "amount": 1
    },
    {
      "id": 12757,
      "amount": 6
    },
    {
      "id": 12761,
      "amount": 3
    },
    {
      "id": 12763,
      "amount": 4
    },
    {
      "id": 12771,
      "amount": 1
    },
    {
      "id": 19742,
      "amount": 1
    },
    {
      "id": 12759,
      "amount": 5
    },
    {
      "id": 5004,
      "amount": 4
    },
    {
      "id": 19685,
      "amount": 3
    },
    {
      "id": 3483,
      "amount": 5
    },
    {
      "id": 2581,
      "amount": 5
    },
    {
      "id": 1055,
      "amount": 19
    },
    {
      "id": 1057,
      "amount": 2
    },
    {
      "id": 11838,
      "amount": 16
    },
    {
      "id": 19478,
      "amount": 1
    },
    {
      "id": 12765,
      "amount": 2
    },
    {
      "id": 12767,
      "amount": 1
    },
    {
      "id": 12596,
      "amount": 2
    },
    {
      "id": 3488,
      "amount": 5
    },
    {
      "id": 12389,
      "amount": 2
    },
    {
      "id": 11806,
      "amount": 4
    },
    {
      "id": 12391,
      "amount": 1
    },
    {
      "id": 10334,
      "amount": 1
    },
    {
      "id": 12422,
      "amount": 1
    },
    {
      "id": 20011,
      "amount": 1
    },
    {
      "id": 21012,
      "amount": 1
    },
    {
      "id": 4566,
      "amount": 2
    },
    {
      "id": 12351,
      "amount": 2
    },
    {
      "id": 12357,
      "amount": 1
    },
    {
      "id": 11335,
      "amount": 1
    },
    {
      "id": 11862,
      "amount": 1
    },
    {
      "id": 4083,
      "amount": 3
    },
    {
      "id": 9470,
      "amount": 1
    },
    {
      "id": 5607,
      "amount": 2
    },
    {
      "id": 12926,
      "amount": 2
    },
    {
      "id": 12904,
      "amount": 1
    },
    {
      "id": 13354,
      "amount": 27
    },
    {
      "id": 2347,
      "amount": 1
    },
    {
      "id": 13562,
      "amount": 1
    },
    {
      "id": 20125,
      "amount": 1
    },
    {
      "id": 9242,
      "amount": 100500
    },
    {
      "id": 2353,
      "amount": 5
    },
    {
      "id": 4,
      "amount": 1
    },
    {
      "id": 9245,
      "amount": 1
    },
    {
      "id": 9241,
      "amount": 1
    },
    {
      "id": 20263,
      "amount": 1
    },
    {
      "id": 11907,
      "amount": 1
    },
    {
      "id": 556,
      "amount": 875
    },
    {
      "id": 4716,
      "amount": 1
    },
    {
      "id": 19955,
      "amount": 1
    },
    {
      "id": 12789,
      "amount": 2
    },
    {
      "id": 11905,
      "amount": 1
    },
    {
      "id": 13381,
      "amount": 1
    },
    {
      "id": 10476,
      "amount": 1
    },
    {
      "id": 13379,
      "amount": 1
    },
    {
      "id": 13380,
      "amount": 1
    },
    {
      "id": 123,
      "amount": 1
    },
    {
      "id": 3204,
      "amount": 52
    },
    {
      "id": 13243,
      "amount": 1
    },
    {
      "id": 7936,
      "amount": 20
    },
    {
      "id": 1605,
      "amount": 2
    },
    {
      "id": 559,
      "amount": 28
    },
    {
      "id": 1901,
      "amount": 1
    },
    {
      "id": 11260,
      "amount": 5
    },
    {
      "id": 5010,
      "amount": 4
    },
    {
      "id": 10010,
      "amount": 1
    },
    {
      "id": 4722,
      "amount": 1
    },
    {
      "id": 13377,
      "amount": 1
    },
    {
      "id": 13378,
      "amount": 1
    },
    {
      "id": 3265,
      "amount": 1
    },
    {
      "id": 11286,
      "amount": 1
    },
    {
      "id": 11230,
      "amount": 4501
    },
    {
      "id": 9244,
      "amount": 21251
    },
    {
      "id": 19481,
      "amount": 2
    },
    {
      "id": 19484,
      "amount": 5000
    },
    {
      "id": 451,
      "amount": 6000
    },
    {
      "id": 732,
      "amount": 1
    },
    {
      "id": 11943,
      "amount": 1
    },
    {
      "id": 5012,
      "amount": 3
    },
    {
      "id": 12873,
      "amount": 1
    },
    {
      "id": 4084,
      "amount": 1
    },
    {
      "id": 5009,
      "amount": 3
    },
    {
      "id": 5001,
      "amount": 3
    },
    {
      "id": 5000,
      "amount": 3
    },
    {
      "id": 5698,
      "amount": 1
    },
    {
      "id": 2434,
      "amount": 1
    },
    {
      "id": 141,
      "amount": 1
    },
    {
      "id": 21003,
      "amount": 1
    },
    {
      "id": 4153,
      "amount": 1
    },
    {
      "id": 4202,
      "amount": 1
    },
    {
      "id": 4087,
      "amount": 2
    },
    {
      "id": 11936,
      "amount": 16233
    },
    {
      "id": 1419,
      "amount": 1
    },
    {
      "id": 12436,
      "amount": 1
    },
    {
      "id": 20781,
      "amount": 1
    },
    {
      "id": 1434,
      "amount": 110
    },
    {
      "id": 12532,
      "amount": 2
    },
    {
      "id": 20199,
      "amount": 1
    },
    {
      "id": 20202,
      "amount": 1
    },
    {
      "id": 12829,
      "amount": 1
    },
    {
      "id": 12831,
      "amount": 1
    },
    {
      "id": 12819,
      "amount": 1
    },
    {
      "id": 12827,
      "amount": 1
    },
    {
      "id": 12833,
      "amount": 1
    },
    {
      "id": 5013,
      "amount": 1
    },
    {
      "id": 12643,
      "amount": 1
    },
    {
      "id": 12644,
      "amount": 1
    },
    {
      "id": 12645,
      "amount": 1
    },
    {
      "id": 11834,
      "amount": 1
    },
    {
      "id": 884,
      "amount": 7
    },
    {
      "id": 1617,
      "amount": 1
    },
    {
      "id": 4081,
      "amount": 1
    },
    {
      "id": 20849,
      "amount": 1
    },
    {
      "id": 18406,
      "amount": 1
    },
    {
      "id": 20773,
      "amount": 1
    },
    {
      "id": 20775,
      "amount": 1
    },
    {
      "id": 20777,
      "amount": 1
    },
    {
      "id": 149,
      "amount": 1
    },
    {
      "id": 161,
      "amount": 1
    },
    {
      "id": 13197,
      "amount": 1
    },
    {
      "id": 12783,
      "amount": 1
    },
    {
      "id": 21024,
      "amount": 1
    },
    {
      "id": 17600,
      "amount": 1
    },
    {
      "id": 4753,
      "amount": 1
    },
    {
      "id": 4757,
      "amount": 2
    },
    {
      "id": 4759,
      "amount": 1
    },
    {
      "id": 4755,
      "amount": 1
    },
    {
      "id": 1515,
      "amount": 1
    },
    {
      "id": 13560,
      "amount": 1
    },
    {
      "id": 13559,
      "amount": 1
    },
    {
      "id": 13558,
      "amount": 1
    },
    {
      "id": 13557,
      "amount": 1
    },
    {
      "id": 13561,
      "amount": 1
    },
    {
      "id": 2497,
      "amount": 2
    },
    {
      "id": 1377,
      "amount": 2
    },
    {
      "id": 10290,
      "amount": 1
    },
    {
      "id": 219,
      "amount": 1001
    },
    {
      "id": 10828,
      "amount": 1
    },
    {
      "id": 13241,
      "amount": 1
    },
    {
      "id": 2440,
      "amount": 92
    },
    {
      "id": 2436,
      "amount": 52
    },
    {
      "id": 3485,
      "amount": 7
    },
    {
      "id": 13137,
      "amount": 1
    },
    {
      "id": 995,
      "amount": 1207970434
    },
    {
      "id": 5011,
      "amount": 1
    },
    {
      "id": 3024,
      "amount": 2
    },
    {
      "id": 6689,
      "amount": 1
    },
    {
      "id": 6585,
      "amount": 2
    },
    {
      "id": 7462,
      "amount": 1
    },
    {
      "id": 11840,
      "amount": 1
    },
    {
      "id": 11773,
      "amount": 1
    },
    {
      "id": 993,
      "amount": 1
    },
    {
      "id": 3455,
      "amount": 2
    },
    {
      "id": 562,
      "amount": 1
    },
    {
      "id": 13066,
      "amount": 2
    },
    {
      "id": 1289,
      "amount": 1
    },
    {
      "id": 1279,
      "amount": 2
    },
    {
      "id": 1287,
      "amount": 1
    },
    {
      "id": 1285,
      "amount": 1
    },
    {
      "id": 1283,
      "amount": 1
    },
    {
      "id": 1281,
      "amount": 1
    },
    {
      "id": 4710,
      "amount": 1
    },
    {
      "id": 12899,
      "amount": 1
    },
    {
      "id": 10330,
      "amount": 1
    },
    {
      "id": 10332,
      "amount": 1
    },
    {
      "id": 1277,
      "amount": 1
    },
    {
      "id": 9741,
      "amount": 1
    },
    {
      "id": 11826,
      "amount": 1
    },
    {
      "id": 9748,
      "amount": 1
    },
    {
      "id": 11828,
      "amount": 1
    },
    {
      "id": 11830,
      "amount": 1
    },
    {
      "id": 17014,
      "amount": 3
    },
    {
      "id": 20014,
      "amount": 1
    },
    {
      "id": 314,
      "amount": 1
    },
    {
      "id": 12931,
      "amount": 1
    },
    {
      "id": 1201,
      "amount": 1
    },
    {
      "id": 560,
      "amount": 350
    },
    {
      "id": 2491,
      "amount": 1
    },
    {
      "id": 7336,
      "amount": 1
    },
    {
      "id": 6687,
      "amount": 5
    },
    {
      "id": 1093,
      "amount": 1
    },
    {
      "id": 10352,
      "amount": 1
    },
    {
      "id": 12934,
      "amount": 5000
    },
    {
      "id": 8167,
      "amount": 9
    },
    {
      "id": 21297,
      "amount": 2
    },
    {
      "id": 1305,
      "amount": 110
    },
    {
      "id": 1215,
      "amount": 106
    },
    {
      "id": 21027,
      "amount": 1
    },
    {
      "id": 7399,
      "amount": 2
    },
    {
      "id": 21296,
      "amount": 1
    },
    {
      "id": 385,
      "amount": 1
    },
    {
      "id": 6685,
      "amount": 200
    },
    {
      "id": 12695,
      "amount": 100
    },
    {
      "id": 2444,
      "amount": 100
    },
    {
      "id": 3049,
      "amount": 1
    },
    {
      "id": 3486,
      "amount": 7
    },
    null,
    null,
    null,
    null,
    null,
    null,
    null,
    null,
    null,
    null,
    null,
    null,
    null,
    null,
    null,
    null,
    null,
    null,
    null,
    null,
    null,
    null,
    null,
    null,
    null,
    null,
    null,
    null,
    null,
    null,
    null,
    null,
    null,
    null,
    null,
    null,
    null,
    null,
    null,
    null,
    null,
    null,
    null,
    null,
    null,
    null,
    null,
    null,
    null,
    null,
    null,
    null,
    null,
    null,
    null,
    null,
    null,
    null,
    null,
    null,
    null,
    null,
    null,
    null,
    null,
    null,
    null,
    null,
    null,
    null,
    null,
    null,
    null,
    null,
    null,
    null,
    null,
    null,
    null,
    null,
    null,
    null,
    null,
    null,
    null,
    null,
    null,
    null,
    null,
    null,
    null,
    null,
    null,
    null,
    null,
    null,
    null,
    null,
    null,
    null,
    null,
    null,
    null,
    null,
    null,
    null,
    null,
    null,
    null,
    null,
    null,
    null,
    null,
    null,
    null,
    null,
    null,
    null,
    null,
    null,
    null,
    null,
    null,
    null,
    null,
    null,
    null,
    null,
    null,
    null,
    null,
    null,
    null,
    null,
    null,
    null,
    null,
    null,
    null,
    null,
    null,
    null,
    null,
    null,
    null,
    null,
    null,
    null,
    null,
    null,
    null,
    null,
    null,
    null,
    null,
    null,
    null,
    null,
    null,
    null,
    null,
    null,
    null,
    null,
    null,
    null,
    null,
    null,
    null,
    null,
    null,
    null,
    null,
    null,
    null,
    null,
    null,
    null,
    null,
    null,
    null,
    null,
    null,
    null,
    null,
    null,
    null,
    null,
    null,
    null,
    null,
    null,
    null,
    null,
    null,
    null,
    null,
    null,
    null,
    null,
    null,
    null,
    null,
    null,
    null,
    null,
    null,
    null,
    null,
    null,
    null,
    null,
    null,
    null,
    null,
    null,
    null,
    null,
    null,
    null,
    null,
    null,
    null,
    null,
    null,
    null,
    null,
    null,
    null,
    null,
    null,
    null,
    null,
    null,
    null,
    null,
    null,
    null,
    null,
    null,
    null,
    null,
    null,
    null,
    null,
    null,
    null,
    null,
    null,
    null,
    null,
    null,
    null,
    null,
    null,
    null,
    null,
    null,
    null,
    null,
    null,
    null,
    null,
    null,
    null,
    null,
    null,
    null,
    null,
    null,
    null,
    null,
    null,
    null,
    null,
    null,
    null,
    null,
    null,
    null,
    null,
    null,
    null,
    null,
    null,
    null,
    null,
    null,
    null,
    null,
    null,
    null,
    null,
    null,
    null,
    null,
    null,
    null,
    null,
    null,
    null,
    null,
    null,
    null,
    null,
    null,
    null,
    null,
    null,
    null,
    null,
    null,
    null,
    null,
    null,
    null,
    null,
    null,
    null,
    null,
    null,
    null,
    null,
    null,
    null,
    null,
    null,
    null,
    null,
    null,
    null,
    null,
    null,
    null,
    null,
    null,
    null,
    null,
    null,
    null,
    null,
    null,
    null,
    null,
    null,
    null,
    null,
    null,
    null,
    null,
    null,
    null,
    null,
    null,
    null,
    null,
    null,
    null,
    null,
    null,
    null,
    null,
    null,
    null,
    null,
    null,
    null,
    null,
    null,
    null,
    null,
    null,
    null,
    null,
    null,
    null,
    null,
    null,
    null,
    null,
    null,
    null,
    null,
    null,
    null,
    null,
    null,
    null,
    null,
    null,
    null,
    null,
    null,
    null,
    null,
    null,
    null,
    null,
    null,
    null,
    null,
    null,
    null,
    null,
    null,
    null,
    null,
    null,
    null,
    null,
    null,
    null,
    null,
    null,
    null,
    null
  ],
  "tabAmounts": [
    333,
    1,
    0,
    0,
    0,
    0,
    0,
    0,
    0,
    0
  ],
  "inventory": [
    {
      "id": 12934,
      "amount": 1
    },
    null,
    null,
    null,
    null,
    null,
    null,
    null,
    null,
    null,
    null,
    null,
    null,
    null,
    null,
    null,
    null,
    null,
    null,
    null,
    null,
    null,
    null,
    null,
    null,
    null,
    null,
    null
  ],
  "equipment": [
    null,
    {
      "id": 21295,
      "amount": 1
    },
    null,
    {
      "id": 12774,
      "amount": 1
    },
    null,
    null,
    null,
    null,
    null,
    null,
    null,
    null,
    null,
    null
  ],
  "lootingBag": [],
  "shopItems": [
    null,
    null,
    null,
    null,
    null,
    null,
    null,
    null,
    null,
    null,
    null,
    null,
    null,
    null,
    null,
    null,
    null,
    null,
    null,
    null,
    null,
    null,
    null,
    null,
    null,
    null,
    null,
    null,
    null,
    null,
    null,
    null,
    null,
    null,
    null,
    null
  ],
  "shopPrices": [
    1,
    0,
    0,
    0,
    0,
    0,
    0,
    0,
    0,
    0,
    0,
    0,
    0,
    0,
    0,
    0,
    0,
    0,
    0,
    0,
    0,
    0,
    0,
    0,
    0,
    0,
    0,
    0,
    0,
    0,
    0,
    0,
    0,
    0,
    0,
    0
  ],
  "pouches": [
    0,
    0,
    0,
    0
  ]
}